matricula,cpf,curriculo,forma_ingresso,ano_ingresso,periodo_ingresso,reserva_vagas,forma_evasao,ano_evasao,periodo_evasao,evadiu_periodo,sexo,cor,tipo_ensino_medio,ano_nascimento,idade_ingresso,idade_evasao,media_vestibular,periodo_ingresso_concat,periodo_evasao_concat
900000733,00000000001,1999,VESTIBULAR,2009,2,,CANCELAMENTO P/ SOLICITACAO ALUNO,2012,1,6,Homem,Não declarada,Somente escola privada,1991,18,21,,2009.2,2012.1
900000993,00000000002,2017,SISU,2020,1,2,GRADUADO,2019,1,-1,Homem,Parda,Somente escola pública,2001,19,18,65813,2020.1,2019.1
900002342,00000000003,1999,SISU,2014,2,,GRADUADO,2016,2,5,Mulher,Parda,Somente escola pública,1995,19,21,6623,2014.2,2016.2
900001647,00000000004,1999,VESTIBULAR,2010,1,,GRADUADO,2017,2,16,Mulher,Branca,Somente escola privada,1984,26,33,6558,2010.1,2017.2
900001883,00000000005,1999,VESTIBULAR / ENEM,2013,2,,GRADUADO,2011,2,-3,Homem,Branca,Somente escola privada,1990,23,21,68181,2013.2,2011.2
900000164,00000000006,2017,SISU,2016,1,,GRADUADO,2019,1,7,Homem,Branca,Somente escola pública,1995,21,24,64394,2016.1,2019.1
900001200,00000000007,1999,VESTIBULAR,2009,2,,REGULAR,-1,0,-4021,Homem,Não declarada,,1991,18,-1992,5871,2009.2,-1
900000389,00000000008,2017,SISU,2021,1,5,REGULAR,-1,0,-4044,Homem,Branca,Somente escola privada,2003,18,-2004,62026,2021.1,-1
900000287,00000000009,2017,SISU,2015,2,3,CANCELAMENTO POR ABANDONO,2015,1,0,Homem,Parda,,1994,21,21,6502,2015.2,2015.1
900002362,00000000010,2017,SISU,2018,2,,REGULAR,-1,0,-4039,Homem,Branca,Somente escola privada,1998,20,-1999,66713,2018.2,-1
900001890,00000000011,1999,VESTIBULAR / ENEM,2012,1,,CANCELAMENTO P/ SOLICITACAO ALUNO,2013,2,4,Homem,Não declarada,,1996,16,17,6632,2012.1,2013.2
900000079,00000000012,1999,VESTIBULAR,2010,2,,CANCELAMENTO POR ABANDONO,2019,2,19,Mulher,Parda,Somente escola pública,1991,19,28,6418,2010.2,2019.2
900000349,00000000013,1999,VESTIBULAR,2006,2,,GRADUADO,2010,2,9,Homem,Branca,Somente escola privada,1988,18,22,67660,2006.2,2010.2
900001134,00000000014,1999,VESTIBULAR,2008,2,,REGULAR,-1,0,-4019,Homem,Não declarada,,1991,17,-1992,6046,2008.2,-1
900001905,00000000015,2017,SISU,2020,1,,REGULAR,-1,0,-4042,Mulher,Branca,Somente escola pública,2000,20,-2001,7338,2020.1,-1
900002028,00000000016,2017,SISU,2018,1,2,REGULAR,-1,0,-4038,Homem,Não declarada,,1999,19,-2000,6135,2018.1,-1
900002450,00000000017,2017,SISU,2016,2,,REGULAR,-1,0,-4035,Homem,Parda,Somente escola pública,1996,20,-1997,5909,2016.2,-1
900002338,00000000018,1999,VESTIBULAR / ENEM,2011,2,,CANCELADO 3 REPROV MESMA DISCIPLINA,2017,2,13,Homem,Parda,Somente escola privada,1994,17,23,6377,2011.2,2017.2
900000989,00000000019,1999,VESTIBULAR / ENEM,2012,1,,CANCELAMENTO P/ SOLICITACAO ALUNO,2017,2,12,Homem,Parda,Somente escola privada,1993,19,24,6341,2012.1,2017.2
900000357,00000000020,1999,SISU,2015,1,2,REGULAR,-1,0,-4032,Homem,Parda,Somente escola pública,1990,25,-1991,62038,2015.1,-1
900002572,00000000021,1999,VESTIBULAR,2010,2,,GRADUADO,2011,2,3,Homem,Branca,Somente escola privada,1989,21,22,68707,2010.2,2011.2
900002360,00000000022,1999,VESTIBULAR / ENEM,2012,1,,GRADUADO,2015,1,7,Homem,Branca,Somente escola privada,1983,29,32,6256,2012.1,2015.1
900001059,00000000023,1999,SISU,2017,2,,CANCELADO NOVO INGRESSO MESMO CURSO,2009,1,-16,Homem,Branca,Somente escola pública,1993,24,16,6767,2017.2,2009.1
900001548,00000000024,1999,VESTIBULAR / ENEM,2013,1,5,CANCELAMENTO POR ABANDONO,2020,1,15,Mulher,Parda,Somente escola privada,1995,18,25,4245,2013.1,2020.1
900001507,00000000025,1999,SISU,2016,1,,CANCELAMENTO POR ABANDONO,2017,2,4,Homem,Branca,Somente escola pública,1996,20,21,579,2016.1,2017.2
900002602,00000000026,1999,VESTIBULAR / ENEM,2011,1,,CANCELADO REPROVOU TODAS POR FALTAS,2017,1,13,Homem,Amarela,Somente escola privada,1991,20,26,5915,2011.1,2017.1
900000317,00000000027,1999,VESTIBULAR,2010,2,,REGULAR,-1,0,-4023,Homem,Branca,Somente escola privada,1993,17,-1994,699,2010.2,-1
900000612,00000000028,1999,SISU,2017,1,2,CANCELADO 3 REPROV MESMA DISCIPLINA,2014,2,-4,Mulher,Parda,Somente escola privada,1988,29,26,59957,2017.1,2014.2
900000173,00000000029,1999,VESTIBULAR,2010,2,,REGULAR,-1,0,-4023,Homem,Amarela,Somente escola pública,1992,18,-1993,5626,2010.2,-1
900001276,00000000030,2017,SISU,2020,2,4,REGULAR,-1,0,-4043,Homem,Parda,Somente escola privada,1995,25,-1996,6802,2020.2,-1
900002269,00000000031,1999,VESTIBULAR,2009,1,,GRADUADO,2017,1,17,Homem,Branca,Somente escola privada,1988,21,29,73699,2009.1,2017.1
900001260,00000000032,1999,VESTIBULAR,2009,1,,CANCELADO NOVO INGRESSO MESMO CURSO,2015,2,14,Homem,Branca,Somente escola privada,1993,16,22,6054,2009.1,2015.2
900002249,00000000033,1999,VESTIBULAR / ENEM,2013,2,3,CANCELAMENTO P/ SOLICITACAO ALUNO,2014,2,3,Mulher,Parda,Somente escola privada,1996,17,18,65753,2013.2,2014.2
900000493,00000000034,1999,VESTIBULAR,2010,1,,CANCELAMENTO P/ SOLICITACAO ALUNO,2015,2,12,Homem,Branca,Somente escola privada,1988,22,27,6489,2010.1,2015.2
900001362,00000000035,1999,VESTIBULAR / ENEM,2013,1,,REGULAR,-1,0,-4028,Homem,Não declarada,,1995,18,-1996,6826,2013.1,-1
900000745,00000000036,2017,SISU,2018,1,,CANCELADO 3 REPROV MESMA DISCIPLINA,2016,2,-2,Homem,Branca,Somente escola pública,2000,18,16,55694,2018.1,2016.2
900001520,00000000037,2017,TRANSFERENCIA,2020,1,,REGULAR,-1,0,-4042,Homem,Branca,Somente escola privada,2003,17,-2004,71399,2020.1,-1
900001863,00000000038,2017,SISU,2020,2,5,REGULAR,-1,0,-4043,Homem,Branca,Somente escola privada,2001,19,-2002,,2020.2,-1
900001330,00000000039,1999,VESTIBULAR,2010,2,,REGULAR,-1,0,-4023,Homem,Não declarada,,1992,18,-1993,65507,2010.2,-1
900000894,00000000040,1999,VESTIBULAR / ENEM,2013,1,,REGULAR,-1,0,-4028,Homem,Branca,Somente escola pública,1989,24,-1990,70201,2013.1,-1
900001349,00000000041,1999,VESTIBULAR / ENEM,2013,2,,CANCELADO NOVO INGRESSO MESMO CURSO,2016,1,6,Homem,Branca,Somente escola privada,1993,20,23,5987,2013.2,2016.1
900000235,00000000042,2017,SISU,2015,2,,CANCELADO REPROVOU TODAS POR FALTAS,2014,2,-1,Homem,Branca,Somente escola pública,1996,19,18,6688,2015.2,2014.2
900001181,00000000043,1999,VESTIBULAR / ENEM,2013,1,3,REGULAR,-1,0,-4028,Homem,Branca,Somente escola privada,1993,20,-1994,5862,2013.1,-1
900001604,00000000044,1999,VESTIBULAR / ENEM,2012,2,,CANCELADO 3 REPROV MESMA DISCIPLINA,2015,1,6,Homem,Preta,Somente escola pública,1992,20,23,66794,2012.2,2015.1
900001344,00000000045,1999,VESTIBULAR / ENEM,2011,2,,CANCELADO REPROVOU TODAS POR FALTAS,2019,2,17,Homem,Amarela,Somente escola pública,1990,21,29,6766,2011.2,2019.2
900000351,00000000046,1999,VESTIBULAR / ENEM,2013,1,,REGULAR,-1,0,-4028,Homem,Branca,Somente escola pública,1997,16,-1998,6055,2013.1,-1
900001809,00000000047,1999,SISU,2014,2,,REGULAR,-1,0,-4031,Mulher,Não declarada,,1997,17,-1998,72696,2014.2,-1
900000648,00000000048,2017,SISU,2018,2,,CANCELADO NOVO INGRESSO MESMO CURSO,2018,2,1,Homem,Parda,Somente escola pública,1998,20,20,6199,2018.2,2018.2
900002441,00000000049,1999,VESTIBULAR / ENEM,2012,1,,REGULAR,-1,0,-4026,Homem,Preta,,1993,19,-1994,6814,2012.1,-1
900000191,00000000050,2017,SISU,2019,1,,CANCELADO REPROVOU TODAS POR FALTAS,2014,2,-8,Homem,Parda,Somente escola pública,2003,16,11,6659,2019.1,2014.2
900000259,00000000051,2017,SISU,2015,2,,GRADUADO,2020,1,10,Mulher,Parda,Somente escola pública,1981,34,39,62687,2015.2,2020.1
900002365,00000000052,1999,SISU,2015,2,,GRADUADO,2017,2,5,Homem,Branca,Somente escola pública,1998,17,19,6352,2015.2,2017.2
900000505,00000000053,2017,SISU,2017,2,2,GRADUADO,2012,1,-10,Homem,Branca,Somente escola privada,1995,22,17,63505,2017.2,2012.1
900002007,00000000054,2017,SISU,2014,2,,GRADUADO,2016,1,4,Homem,Não declarada,Somente escola privada,1997,17,19,69144,2014.2,2016.1
900002740,00000000055,1999,SISU,2015,2,2,CANCELADO REPROVOU TODAS POR FALTAS,2015,1,0,Homem,Branca,Somente escola privada,1992,23,23,6095,2015.2,2015.1
900001129,00000000056,1999,VESTIBULAR,2008,2,,CANCELAMENTO POR ABANDONO,2018,2,21,Homem,Parda,,1989,19,29,,2008.2,2018.2
900001638,00000000057,1999,VESTIBULAR / ENEM,2011,1,,GRADUADO,2012,2,4,Homem,Branca,Somente escola pública,1986,25,26,6007,2011.1,2012.2
900000921,00000000058,2017,SISU,2016,1,,GRADUADO,2017,2,4,Mulher,Não declarada,Somente escola privada,2000,16,17,,2016.1,2017.2
900002079,00000000059,1999,VESTIBULAR,2009,2,,GRADUADO,2020,1,22,Homem,Branca,Somente escola pública,1989,20,31,62718,2009.2,2020.1
900001615,00000000060,2017,SISU,2021,1,,CANCELAMENTO POR ABANDONO,2008,1,-25,Homem,Branca,Somente escola pública,2002,19,6,66479,2021.1,2008.1
900002625,00000000061,2017,SISU,2015,1,5,CANCELADO 3 REPROV MESMA DISCIPLINA,2014,1,-1,Homem,Branca,Somente escola privada,1997,18,17,6495,2015.1,2014.1
900000966,00000000062,1999,VESTIBULAR / ENEM,2013,2,,REGULAR,-1,0,-4029,Homem,Branca,Somente escola privada,1996,17,-1997,647,2013.2,-1
900001837,00000000063,1999,VESTIBULAR / ENEM,2011,1,,CANCELADO NOVO INGRESSO MESMO CURSO,2009,1,-3,Homem,Branca,Somente escola privada,1994,17,15,5534,2011.1,2009.1
900002789,00000000064,1999,VESTIBULAR,2008,2,,GRADUADO,2016,2,17,Homem,Branca,Somente escola privada,1989,19,27,6462,2008.2,2016.2
900000767,00000000065,2017,SISU,2018,2,4,CANCELAMENTO P/ SOLICITACAO ALUNO,2017,2,-1,Homem,Branca,Somente escola privada,2000,18,17,671,2018.2,2017.2
900002312,00000000066,1999,VESTIBULAR,2010,2,,GRADUADO,2020,1,20,Homem,Parda,Somente escola privada,1990,20,30,6499,2010.2,2020.1
900002043,00000000067,2017,SISU,2021,1,4,REGULAR,-1,0,-4044,Homem,Parda,Somente escola privada,2002,19,-2003,69990,2021.1,-1
900001894,00000000068,1999,VESTIBULAR,2007,1,,CANCELADO 3 REPROV MESMA DISCIPLINA,2014,2,16,Homem,Não declarada,,1982,25,32,5661,2007.1,2014.2
900002488,00000000069,1999,SISU,2014,2,,CANCELADO REPROVOU TODAS POR FALTAS,2012,1,-4,Homem,Branca,Somente escola pública,1994,20,18,71437,2014.2,2012.1
900002630,00000000070,2017,SISU,2016,2,,GRADUADO,2013,2,-5,Homem,Não declarada,,1997,19,16,611,2016.2,2013.2
900001203,00000000071,2017,SISU,2015,2,,GRADUADO,2017,1,4,Homem,Não declarada,,1994,21,23,54940,2015.2,2017.1
900001281,00000000072,1999,VESTIBULAR / ENEM,2013,2,,CANCELAMENTO P/ SOLICITACAO ALUNO,2015,2,5,Homem,Parda,,1989,24,26,6493,2013.2,2015.2
900000625,00000000073,1999,VESTIBULAR,2007,2,,CANCELADO 3 REPROV MESMA DISCIPLINA,2014,1,14,Homem,Parda,Somente escola pública,1989,18,25,60851,2007.2,2014.1
900001827,00000000074,2017,SISU,2018,1,2,CANCELAMENTO POR ABANDONO,2011,1,-13,Homem,Branca,Somente escola privada,2001,17,10,62911,2018.1,2011.1
900002196,00000000075,2017,SISU,2018,1,,GRADUADO,2018,2,2,Mulher,Parda,Somente escola privada,1999,19,19,6291,2018.1,2018.2
900000616,00000000076,1999,SISU,2016,1,2,CANCELADO NOVO INGRESSO MESMO CURSO,2011,1,-9,Homem,Parda,Somente escola pública,1999,17,12,75440,2016.1,2011.1
900001109,00000000077,1999,SISU,2014,2,,CANCELAMENTO POR ABANDONO,2010,1,-8,Homem,Não declarada,,1991,23,19,75307,2014.2,2010.1
900002221,00000000078,1999,VESTIBULAR,2010,2,,CANCELADO REPROVOU TODAS POR FALTAS,2019,1,18,Homem,Não declarada,,1993,17,26,6195,2010.2,2019.1
900001889,00000000079,1999,VESTIBULAR / ENEM,2013,1,5,CANCELAMENTO POR ABANDONO,2020,1,15,Homem,Parda,Somente escola privada,1995,18,25,59254,2013.1,2020.1
900000410,00000000080,2017,VESTIBULAR / ENEM,2013,2,,CANCELAMENTO POR ABANDONO,2010,1,-6,Homem,Parda,Somente escola pública,1995,18,15,5701,2013.2,2010.1
900000428,00000000081,1999,VESTIBULAR / ENEM,2014,1,2,GRADUADO,2015,1,3,Homem,Parda,Somente escola privada,1995,19,20,5860,2014.1,2015.1
900002769,00000000082,1999,VESTIBULAR / ENEM,2012,1,,CANCELADO REPROVOU TODAS POR FALTAS,2014,1,5,Homem,Branca,Somente escola privada,1992,20,22,6782,2012.1,2014.1
900001566,00000000083,1999,VESTIBULAR / ENEM,2012,2,,CANCELADO 3 REPROV MESMA DISCIPLINA,2011,2,-1,Homem,Não declarada,,1987,25,24,5452,2012.2,2011.2
900000685,00000000084,2017,SISU,2019,2,,REGULAR,-1,0,-4041,Homem,Preta,,1997,22,-1998,6112,2019.2,-1
900001633,00000000085,1999,VESTIBULAR / ENEM,2012,1,,CANCELADO REPROVOU TODAS POR FALTAS,2013,2,4,Homem,Branca,Somente escola privada,1991,21,22,64338,2012.1,2013.2
900002715,00000000086,2017,SISU,2016,1,4,CANCELAMENTO P/ SOLICITACAO ALUNO,2017,2,4,Homem,Branca,Somente escola privada,1995,21,22,6499,2016.1,2017.2
900002817,00000000087,1999,VESTIBULAR,2009,2,,CANCELADO 3 REPROV MESMA DISCIPLINA,2019,1,20,Homem,Não declarada,,1991,18,28,5315,2009.2,2019.1
900001149,00000000088,1999,VESTIBULAR / ENEM,2012,1,,CANCELADO NOVO INGRESSO MESMO CURSO,2015,1,7,Homem,Branca,Somente escola privada,1994,18,21,6412,2012.1,2015.1
900001138,00000000089,1999,VESTIBULAR / ENEM,2012,1,,GRADUADO,2018,1,13,Homem,Branca,Somente escola privada,1996,16,22,67855,2012.1,2018.1
900002356,00000000090,2017,SISU,2019,2,,CANCELADO 3 REPROV MESMA DISCIPLINA,2018,1,-2,Homem,Branca,Somente escola pública,2002,17,16,6310,2019.2,2018.1
900002002,00000000091,1999,VESTIBULAR,2006,1,,REGULAR,-1,0,-4014,Homem,Parda,,1990,16,-1991,6199,2006.1,-1
900000033,00000000092,1999,VESTIBULAR / ENEM,2013,1,,CANCELAMENTO POR ABANDONO,2012,1,-1,Mulher,Amarela,,1994,19,18,753,2013.1,2012.1
900000276,00000000093,2017,SISU,2018,2,3,CANCELAMENTO P/ SOLICITACAO ALUNO,2013,2,-9,Homem,Amarela,,2000,18,13,6225,2018.2,2013.2
900002154,00000000094,1999,VESTIBULAR / ENEM,2012,1,,CANCELAMENTO POR ABANDONO,2015,1,7,Homem,Branca,,1995,17,20,616,2012.1,2015.1
900000540,00000000095,1999,VESTIBULAR,2010,2,,CANCELADO 3 REPROV MESMA DISCIPLINA,2010,2,1,Homem,Branca,Somente escola privada,1991,19,19,62329,2010.2,2010.2
900001570,00000000096,1999,VESTIBULAR,2006,2,,CANCELADO REPROVOU TODAS POR FALTAS,2015,2,19,Homem,Branca,Somente escola privada,1987,19,28,6158,2006.2,2015.2
900000708,00000000097,2017,SISU,2021,1,2,CANCELADO REPROVOU TODAS POR FALTAS,2016,1,-9,Homem,Branca,,2003,18,13,6416,2021.1,2016.1
900002277,00000000098,2017,SISU,2019,2,4,REGULAR,-1,0,-4041,Homem,Não declarada,,1999,20,-2000,58414,2019.2,-1
900000143,00000000099,1999,SISU,2015,2,5,CANCELADO 3 REPROV MESMA DISCIPLINA,2015,1,0,Homem,Branca,Somente escola pública,1996,19,19,6398,2015.2,2015.1
900001083,00000000100,1999,VESTIBULAR / ENEM,2011,1,,GRADUADO,2015,2,10,Homem,Não declarada,Somente escola privada,1984,27,31,5599,2011.1,2015.2
900002361,00000000101,2017,SISU,2019,2,4,CANCELADO 3 REPROV MESMA DISCIPLINA,2016,2,-5,Homem,Parda,Somente escola pública,2000,19,16,5734,2019.2,2016.2
900000801,00000000102,2017,TRANSFERENCIA,2016,2,,GRADUADO,2014,2,-3,Homem,Parda,,1998,18,16,5599,2016.2,2014.2
900000721,00000000103,1999,SISU,2015,1,,GRADUADO,2009,2,-10,Mulher,Não declarada,Somente escola privada,1996,19,13,60691,2015.1,2009.2
900000841,00000000104,2017,TRANSFERENCIA,2018,1,,GRADUADO,2012,1,-11,Homem,Branca,Somente escola pública,2001,17,11,67878,2018.1,2012.1
900002573,00000000105,1999,SISU,2015,1,,GRADUADO,2012,2,-4,Mulher,Branca,Somente escola privada,1994,21,18,8125,2015.1,2012.2
900002325,00000000106,1999,SISU,2016,2,,CANCELAMENTO P/ SOLICITACAO ALUNO,2012,2,-7,Mulher,Parda,Somente escola privada,1997,19,15,6468,2016.2,2012.2
900000274,00000000107,2017,SISU,2018,1,3,REGULAR,-1,0,-4038,Homem,Parda,Somente escola pública,1997,21,-1998,58655,2018.1,-1
900000632,00000000108,1999,JUDICIAL,2008,2,,GRADUADO,2020,1,24,Homem,Branca,Somente escola privada,1991,17,29,72957,2008.2,2020.1
900002217,00000000109,2017,SISU,2018,2,,CANCELADO REPROVOU TODAS POR FALTAS,2016,1,-4,Homem,Branca,Somente escola privada,1999,19,17,69477,2018.2,2016.1
900001763,00000000110,2017,SISU,2020,1,4,CANCELADO 3 REPROV MESMA DISCIPLINA,2015,1,-9,Homem,Branca,Somente escola privada,2002,18,13,6147,2020.1,2015.1
900000354,00000000111,1999,VESTIBULAR / ENEM,2012,2,,GRADUADO,2016,1,8,Homem,Parda,,1995,17,21,68235,2012.2,2016.1
900000234,00000000112,1999,VESTIBULAR,2008,1,,REGULAR,-1,0,-4018,Homem,Parda,Somente escola pública,1990,18,-1991,6020,2008.1,-1
900000714,00000000113,1999,VESTIBULAR / ENEM,2011,1,,CANCELADO NOVO INGRESSO MESMO CURSO,2012,1,3,Homem,Branca,Somente escola privada,1993,18,19,72177,2011.1,2012.1
900002653,00000000114,1999,VESTIBULAR / ENEM,2012,2,,CANCELADO REPROVOU TODAS POR FALTAS,2018,2,13,Mulher,Não declarada,,1992,20,26,,2012.2,2018.2
900002363,00000000115,2017,SISU,2017,1,3,GRADUADO,2015,1,-3,Homem,Branca,Somente escola privada,2001,16,14,69667,2017.1,2015.1
900002574,00000000116,1999,VESTIBULAR,2007,2,,GRADUADO,2012,1,10,Mulher,Parda,Somente escola privada,1988,19,24,71712,2007.2,2012.1
900002229,00000000117,2017,SISU,2018,2,,GRADUADO,2012,1,-12,Homem,Branca,Somente escola privada,2000,18,12,72533,2018.2,2012.1
900002810,00000000118,1999,VESTIBULAR / ENEM,2014,1,,CANCELAMENTO POR ABANDONO,2014,1,1,Homem,Branca,,1996,18,18,64571,2014.1,2014.1
900000550,00000000119,2017,SISU,2021,1,,CANCELAMENTO P/ SOLICITACAO ALUNO,2010,1,-21,Homem,Amarela,Somente escola privada,2002,19,8,72429,2021.1,2010.1
900000339,00000000120,1999,VESTIBULAR,2007,1,,CANCELADO NOVO INGRESSO MESMO CURSO,2016,1,19,Mulher,Parda,,1989,18,27,6132,2007.1,2016.1
900000172,00000000121,1999,VESTIBULAR,2008,1,,CANCELADO 3 REPROV MESMA DISCIPLINA,2010,2,6,Homem,Branca,Somente escola pública,1988,20,22,61535,2008.1,2010.2
900001632,00000000122,2017,SISU,2020,2,5,GRADUADO,2019,1,-2,Mulher,Parda,Somente escola privada,2002,18,17,5988,2020.2,2019.1
900001644,00000000123,1999,VESTIBULAR,2008,1,,CANCELADO REPROVOU TODAS POR FALTAS,2015,2,16,Homem,Parda,Somente escola pública,1990,18,25,67719,2008.1,2015.2
900001365,00000000124,1999,VESTIBULAR / ENEM,2012,1,,REGULAR,-1,0,-4026,Homem,Parda,Somente escola pública,1978,34,-1979,58570,2012.1,-1
900000309,00000000125,1999,VESTIBULAR,2010,2,,REGULAR,-1,0,-4023,Homem,Não declarada,,1992,18,-1993,72823,2010.2,-1
900000324,00000000126,1999,VESTIBULAR / ENEM,2011,1,,GRADUADO,2011,2,2,Mulher,Branca,"Pública e privada, tendo ficado mais tempo em escola privada",1987,24,24,7255,2011.1,2011.2
900000799,00000000127,2017,SISU,2015,1,4,REGULAR,-1,0,-4032,Mulher,Parda,Somente escola privada,1992,23,-1993,7325,2015.1,-1
900001589,00000000128,1999,VESTIBULAR / ENEM,2011,1,,GRADUADO,2012,1,3,Homem,Parda,"Pública e privada, tendo ficado mais tempo em escola privada",1991,20,21,61963,2011.1,2012.1
900001186,00000000129,1999,VESTIBULAR,2008,2,,CANCELAMENTO POR ABANDONO,2013,1,10,Homem,Branca,Somente escola privada,1989,19,24,62876,2008.2,2013.1
900002232,00000000130,1999,SISU,2016,1,,GRADUADO,2012,2,-6,Mulher,Parda,Somente escola pública,1996,20,16,768,2016.1,2012.2
900002374,00000000131,1999,VESTIBULAR / ENEM,2011,1,,GRADUADO,2010,2,0,Homem,Não declarada,,1995,16,15,68287,2011.1,2010.2
900001455,00000000132,1999,VESTIBULAR,2010,1,,CANCELAMENTO P/ SOLICITACAO ALUNO,2010,1,1,Homem,Não declarada,,1991,19,19,81005,2010.1,2010.1
900002455,00000000133,1999,VESTIBULAR / ENEM,2013,1,,REGULAR,-1,0,-4028,Homem,Branca,Somente escola pública,1993,20,-1994,6605,2013.1,-1
900002577,00000000134,2017,SISU,2021,1,,REGULAR,-1,0,-4044,Homem,Parda,Somente escola privada,2004,17,-2005,6579,2021.1,-1
900001028,00000000135,2017,SISU,2015,2,,GRADUADO,2015,2,1,Homem,Branca,Somente escola privada,1997,18,18,5844,2015.2,2015.2
900001252,00000000136,1999,VESTIBULAR,2006,2,,REGULAR,-1,0,-4015,Homem,Parda,Somente escola pública,1986,20,-1987,75619,2006.2,-1
900000384,00000000137,1999,VESTIBULAR / ENEM,2013,1,,GRADUADO,2020,1,15,Homem,Não declarada,,1994,19,26,45,2013.1,2020.1
900000856,00000000138,2017,SISU,2020,2,,CANCELADO REPROVOU TODAS POR FALTAS,2009,2,-21,Homem,Parda,Somente escola privada,1994,26,15,6386,2020.2,2009.2
900000355,00000000139,2017,SISU,2020,2,2,CANCELADO 3 REPROV MESMA DISCIPLINA,2014,2,-11,Homem,Branca,Somente escola pública,2003,17,11,670,2020.2,2014.2
900001686,00000000140,2017,SISU,2015,2,,CANCELAMENTO P/ SOLICITACAO ALUNO,2014,2,-1,Homem,Não declarada,,1994,21,20,672,2015.2,2014.2
900002288,00000000141,1999,SISU,2016,2,,GRADUADO,2020,1,8,Homem,Branca,"Pública e privada, tendo ficado mais tempo em escola pública",1995,21,25,6322,2016.2,2020.1
900000534,00000000142,1999,VESTIBULAR,2007,1,,GRADUADO,2011,2,10,Homem,Branca,,1978,29,33,6394,2007.1,2011.2
900002086,00000000143,2017,SISU,2016,2,,GRADUADO,2019,1,6,Homem,Branca,Somente escola privada,1998,18,21,6291,2016.2,2019.1
900001825,00000000144,1999,VESTIBULAR / ENEM,2011,2,,REGULAR,-1,0,-4025,Homem,Branca,Somente escola privada,1987,24,-1988,6431,2011.2,-1
900000797,00000000145,1999,VESTIBULAR / ENEM,2013,2,,CANCELADO 3 REPROV MESMA DISCIPLINA,2017,1,8,Homem,Branca,Somente escola privada,1995,18,22,60357,2013.2,2017.1
900001664,00000000146,1999,VESTIBULAR / ENEM,2012,2,,CANCELAMENTO POR ABANDONO,2018,1,12,Homem,Branca,Somente escola privada,1994,18,24,60925,2012.2,2018.1
900001476,00000000147,1999,VESTIBULAR / ENEM,2014,1,4,GRADUADO,2017,2,8,Homem,Parda,,1995,19,22,7432,2014.1,2017.2
900000749,00000000148,2017,SISU,2019,2,,GRADUADO,2010,1,-18,Homem,Não declarada,Somente escola pública,2000,19,10,6751,2019.2,2010.1
900001094,00000000149,1999,SISU,2015,1,,GRADUADO,2017,1,5,Homem,Parda,Somente escola pública,1997,18,20,5360,2015.1,2017.1
900001403,00000000150,1999,VESTIBULAR / ENEM,2013,1,,REGULAR,-1,0,-4028,Homem,Branca,Somente escola privada,1992,21,-1993,71015,2013.1,-1
900002259,00000000151,2017,SISU,2018,1,,REGULAR,-1,0,-4038,Homem,Parda,Somente escola pública,1995,23,-1996,657,2018.1,-1
900000527,00000000152,2017,SISU,2018,1,4,GRADUADO,2016,1,-3,Homem,Parda,Somente escola pública,1986,32,30,63003,2018.1,2016.1
900000253,00000000153,1999,VESTIBULAR,2010,2,,CANCELADO REPROVOU TODAS POR FALTAS,2014,2,9,Homem,Parda,Somente escola pública,1992,18,22,662,2010.2,2014.2
900001011,00000000154,1999,SISU,2014,2,2,CANCELADO NOVO INGRESSO MESMO CURSO,2011,1,-6,Homem,Branca,Somente escola privada,1998,16,13,7549,2014.2,2011.1
900000420,00000000155,2017,SISU,2020,2,5,REGULAR,-1,0,-4043,Homem,Branca,Somente escola privada,1996,24,-1997,57821,2020.2,-1
900001042,00000000156,1999,VESTIBULAR / ENEM,2012,2,,REGULAR,-1,0,-4027,Homem,Não declarada,,1988,24,-1989,6458,2012.2,-1
900000932,00000000157,2017,SISU,2015,2,,CANCELAMENTO P/ SOLICITACAO ALUNO,2011,2,-7,Homem,Preta,Somente escola privada,1996,19,15,71241,2015.2,2011.2
900000275,00000000158,1999,VESTIBULAR / ENEM,2011,2,,CANCELAMENTO POR ABANDONO,2006,2,-9,Homem,Não declarada,,1990,21,16,5991,2011.2,2006.2
900002246,00000000159,1999,VESTIBULAR / ENEM,2014,1,4,CANCELAMENTO POR ABANDONO,2010,1,-7,Homem,Parda,Somente escola pública,1995,19,15,6422,2014.1,2010.1
900000605,00000000160,2017,SISU,2019,1,5,CANCELADO NOVO INGRESSO OUTRO CURSO,2015,1,-7,Homem,Branca,Somente escola privada,2002,17,13,65654,2019.1,2015.1
900001152,00000000161,2017,SISU,2017,2,,CANCELADO 3 REPROV MESMA DISCIPLINA,2014,1,-6,Homem,Parda,Somente escola privada,1999,18,15,6509,2017.2,2014.1
900001142,00000000162,2017,SISU,2020,1,,REGULAR,-1,0,-4042,Homem,Não declarada,,2003,17,-2004,6396,2020.1,-1
900002241,00000000163,2017,SISU,2019,2,,CANCELAMENTO P/ SOLICITACAO ALUNO,2007,2,-23,Homem,Parda,Somente escola privada,1999,20,8,5486,2019.2,2007.2
900000452,00000000164,1999,VESTIBULAR / ENEM,2013,2,,CANCELAMENTO POR ABANDONO,2015,1,4,Homem,Branca,Somente escola privada,1990,23,25,6303,2013.2,2015.1
900001902,00000000165,1999,VESTIBULAR,2006,1,,CANCELADO 3 REPROV MESMA DISCIPLINA,2012,1,13,Homem,Branca,Somente escola privada,1986,20,26,6024,2006.1,2012.1
900001398,00000000166,1999,VESTIBULAR / ENEM,2011,2,,GRADUADO,2016,1,10,Homem,Parda,Somente escola pública,1991,20,25,70686,2011.2,2016.1
900002791,00000000167,1999,VESTIBULAR / ENEM,2012,1,,REGULAR,-1,0,-4026,Homem,Parda,Somente escola pública,1994,18,-1995,69743,2012.1,-1
900000286,00000000168,2017,TRANSFERENCIA,2019,1,,REGULAR,-1,0,-4040,Mulher,Parda,Somente escola privada,2000,19,-2001,6523,2019.1,-1
900000882,00000000169,2017,SISU,2017,2,,CANCELAMENTO POR ABANDONO,2013,1,-8,Homem,Parda,Somente escola pública,2000,17,13,67910,2017.2,2013.1
900001010,00000000170,2017,SISU,2016,2,,REGULAR,-1,0,-4035,Homem,Preta,,1993,23,-1994,66590,2016.2,-1
900001448,00000000171,1999,VESTIBULAR / ENEM,2012,2,,REGULAR,-1,0,-4027,Mulher,Branca,Somente escola pública,1993,19,-1994,513,2012.2,-1
900002033,00000000172,2017,SISU,2017,1,4,CANCELADO NOVO INGRESSO MESMO CURSO,2015,1,-3,Homem,Branca,Somente escola privada,1999,18,16,6608,2017.1,2015.1
900002411,00000000173,1999,VESTIBULAR / ENEM,2011,2,,CANCELADO REPROVOU TODAS POR FALTAS,2012,1,2,Homem,Parda,Somente escola pública,1989,22,23,5251,2011.2,2012.1
900001399,00000000174,2017,SISU,2020,2,,CANCELADO REPROVOU TODAS POR FALTAS,2010,2,-19,Homem,Branca,Somente escola privada,2000,20,10,70099,2020.2,2010.2
900001789,00000000175,1999,VESTIBULAR / ENEM,2013,1,,CANCELADO NOVO INGRESSO MESMO CURSO,2015,1,5,Homem,Branca,Somente escola pública,1985,28,30,5572,2013.1,2015.1
900000377,00000000176,1999,VESTIBULAR,2010,1,,GRADUADO,2010,2,2,Mulher,Parda,Somente escola pública,1991,19,19,7375,2010.1,2010.2
900002266,00000000177,1999,VESTIBULAR,2009,1,,CANCELAMENTO POR ABANDONO,2013,1,9,Homem,Branca,Somente escola privada,1990,19,23,6344,2009.1,2013.1
900001159,00000000178,1999,VESTIBULAR / ENEM,2013,2,2,CANCELADO 3 REPROV MESMA DISCIPLINA,2012,1,-2,Homem,Não declarada,,1994,19,18,6091,2013.2,2012.1
900002071,00000000179,1999,SISU,2015,2,4,GRADUADO,2010,2,-9,Homem,Parda,Somente escola pública,1995,20,15,6179,2015.2,2010.2
900001480,00000000180,1999,VESTIBULAR / ENEM,2011,2,,REGULAR,-1,0,-4025,Homem,Não declarada,,1992,19,-1993,664,2011.2,-1
900002604,00000000181,1999,VESTIBULAR / ENEM,2014,1,,REGULAR,-1,0,-4030,Homem,Parda,Somente escola pública,1994,20,-1995,68073,2014.1,-1
900000794,00000000182,1999,VESTIBULAR,2010,1,,REGULAR,-1,0,-4022,Mulher,Branca,Somente escola pública,1989,21,-1990,5802,2010.1,-1
900002622,00000000183,1999,VESTIBULAR / ENEM,2011,1,,REGULAR,-1,0,-4024,Homem,Parda,Somente escola pública,1990,21,-1991,5667,2011.1,-1
900000335,00000000184,1999,VESTIBULAR / ENEM,2011,1,,CANCELADO NOVO INGRESSO MESMO CURSO,2013,1,5,Mulher,Branca,Somente escola pública,1993,18,20,63527,2011.1,2013.1
900001743,00000000185,2017,SISU,2015,2,,CANCELADO REPROVOU TODAS POR FALTAS,2015,2,1,Mulher,Parda,Somente escola pública,1993,22,22,62091,2015.2,2015.2
900001066,00000000186,1999,VESTIBULAR / ENEM,2014,1,4,REGULAR,-1,0,-4030,Mulher,Parda,Somente escola pública,1987,27,-1988,6596,2014.1,-1
900001224,00000000187,1999,VESTIBULAR / ENEM,2013,2,,CANCELADO NOVO INGRESSO OUTRO CURSO,2014,2,3,Homem,Branca,Somente escola privada,1993,20,21,72136,2013.2,2014.2
900001578,00000000188,1999,VESTIBULAR / ENEM,2013,1,,CANCELAMENTO POR ABANDONO,2012,2,0,Homem,Preta,Somente escola privada,1992,21,20,6323,2013.1,2012.2
900001820,00000000189,1999,VESTIBULAR / ENEM,2014,1,,REGULAR,-1,0,-4030,Mulher,Branca,,1991,23,-1992,73981,2014.1,-1
900001304,00000000190,2017,SISU,2019,1,,CANCELADO NOVO INGRESSO MESMO CURSO,2012,1,-13,Homem,Branca,Somente escola privada,1997,22,15,73922,2019.1,2012.1
900000776,00000000191,2017,SISU,2016,2,,CANCELADO NOVO INGRESSO MESMO CURSO,2017,1,2,Homem,Branca,Somente escola privada,1996,20,21,6808,2016.2,2017.1
900001680,00000000192,1999,SISU,2015,2,4,REGULAR,-1,0,-4033,Homem,Amarela,Somente escola privada,1987,28,-1988,557,2015.2,-1
900002228,00000000193,2017,SISU,2019,2,5,GRADUADO,2013,2,-11,Homem,Parda,Somente escola pública,2000,19,13,6184,2019.2,2013.2
900002437,00000000194,1999,VESTIBULAR / ENEM,2012,1,,GRADUADO,2013,1,3,Homem,Parda,Somente escola pública,1992,20,21,61632,2012.1,2013.1
900000554,00000000195,2017,SISU,2016,2,,REGULAR,-1,0,-4035,Homem,Branca,Somente escola pública,1996,20,-1997,63355,2016.2,-1
900000107,00000000196,1999,VESTIBULAR / ENEM,2012,1,,REGULAR,-1,0,-4026,Homem,Não declarada,,1994,18,-1995,6100,2012.1,-1
900002743,00000000197,1999,VESTIBULAR,2010,1,,CANCELADO NOVO INGRESSO MESMO CURSO,2016,1,13,Mulher,Parda,Somente escola pública,1980,30,36,5720,2010.1,2016.1
900000562,00000000198,1999,VESTIBULAR / ENEM,2013,1,,CANCELADO REPROVOU TODAS POR FALTAS,2015,1,5,Homem,Parda,Somente escola privada,1995,18,20,,2013.1,2015.1
900000406,00000000199,2017,SISU,2016,1,2,REGULAR,-1,0,-4034,Homem,Parda,Somente escola privada,1998,18,-1999,7062,2016.1,-1
900002038,00000000200,2017,SISU,2020,1,5,CANCELAMENTO P/ SOLICITACAO ALUNO,2013,2,-12,Homem,Branca,Somente escola privada,1999,21,14,62271,2020.1,2013.2
900001347,00000000201,1999,SISU,2016,2,,CANCELADO 3 REPROV MESMA DISCIPLINA,2016,1,0,Mulher,Branca,Somente escola privada,1996,20,20,6246,2016.2,2016.1
900002047,00000000202,2017,REOPCAO,2018,1,,CANCELADO 3 REPROV MESMA DISCIPLINA,2016,1,-3,Homem,Preta,,1993,25,23,66555,2018.1,2016.1
900000444,00000000203,1999,VESTIBULAR / ENEM,2011,2,,REGULAR,-1,0,-4025,Homem,Branca,Somente escola privada,1993,18,-1994,69504,2011.2,-1
900000636,00000000204,1999,VESTIBULAR,2008,1,,CANCELAMENTO P/ SOLICITACAO ALUNO,2020,1,25,Homem,Parda,Somente escola pública,1989,19,31,6357,2008.1,2020.1
900000322,00000000205,1999,VESTIBULAR,2007,1,,GRADUADO,2018,2,24,Homem,Branca,Somente escola privada,1989,18,29,59446,2007.1,2018.2
900000397,00000000206,1999,VESTIBULAR,2009,1,,REGULAR,-1,0,-4020,Mulher,Branca,Somente escola privada,1991,18,-1992,6450,2009.1,-1
900001996,00000000207,2017,SISU,2018,2,,GRADUADO,2011,2,-13,Homem,Parda,Somente escola pública,1997,21,14,70122,2018.2,2011.2
900001722,00000000208,1999,VESTIBULAR,2010,1,,GRADUADO,2018,1,17,Homem,Branca,Somente escola pública,1988,22,30,5649,2010.1,2018.1
900000269,00000000209,2017,SISU,2015,2,,REGULAR,-1,0,-4033,Mulher,Parda,Somente escola pública,1998,17,-1999,,2015.2,-1
900001982,00000000210,1999,VESTIBULAR,2006,2,,REGULAR,-1,0,-4015,Homem,Branca,Somente escola privada,1985,21,-1986,6905,2006.2,-1
900001999,00000000211,2017,SISU,2015,1,,GRADUADO,2019,2,10,Homem,Parda,Somente escola pública,1994,21,25,6120,2015.1,2019.2
900000769,00000000212,1999,SISU,2015,2,4,CANCELAMENTO POR ABANDONO,2016,2,3,Homem,Parda,Somente escola privada,1994,21,22,5675,2015.2,2016.2
900001988,00000000213,2017,SISU,2015,1,3,GRADUADO,2019,1,9,Homem,Branca,,1998,17,21,5510,2015.1,2019.1
900001187,00000000214,2017,SISU,2019,2,,GRADUADO,2011,2,-15,Homem,Parda,Somente escola privada,2000,19,11,6124,2019.2,2011.2
900002628,00000000215,2017,SISU,2019,2,,CANCELADO NOVO INGRESSO MESMO CURSO,2013,1,-12,Homem,Branca,Somente escola privada,2000,19,13,6034,2019.2,2013.1
900000485,00000000216,1999,VESTIBULAR,2007,1,,CANCELADO NOVO INGRESSO MESMO CURSO,2013,2,14,Homem,Parda,Somente escola pública,1990,17,23,6337,2007.1,2013.2
900000503,00000000217,2017,SISU,2020,1,5,GRADUADO,2007,2,-24,Mulher,Parda,Somente escola pública,1999,21,8,6335,2020.1,2007.2
900000341,00000000218,1999,VESTIBULAR,2008,1,,CANCELADO REPROVOU TODAS POR FALTAS,2012,2,10,Homem,Branca,,1984,24,28,7282,2008.1,2012.2
900000390,00000000219,2017,SISU,2015,2,,GRADUADO,2019,2,9,Homem,Branca,,1996,19,23,6799,2015.2,2019.2
900000658,00000000220,1999,VESTIBULAR,2008,2,,GRADUADO,2017,1,18,Homem,Parda,Somente escola privada,1989,19,28,5512,2008.2,2017.1
900002778,00000000221,2017,SISU,2020,1,2,REGULAR,-1,0,-4042,Homem,Branca,Somente escola pública,2001,19,-2002,6271,2020.1,-1
900002008,00000000222,1999,VESTIBULAR,2009,2,,REGULAR,-1,0,-4021,Homem,Branca,,1992,17,-1993,6878,2009.2,-1
900002663,00000000223,1999,VESTIBULAR / ENEM,2013,1,,REGULAR,-1,0,-4028,Homem,Preta,Somente escola privada,1995,18,-1996,5982,2013.1,-1
900002057,00000000224,2017,SISU,2019,1,,CANCELADO 3 REPROV MESMA DISCIPLINA,2018,1,-1,Homem,Branca,Somente escola privada,1994,25,24,61868,2019.1,2018.1
900001079,00000000225,2017,SISU,2017,2,3,CANCELADO 3 REPROV MESMA DISCIPLINA,2013,2,-7,Mulher,Parda,"Pública e privada, tendo ficado mais tempo em escola privada",2000,17,13,6049,2017.2,2013.2
900001273,00000000226,1999,VESTIBULAR,2009,1,,CANCELAMENTO P/ SOLICITACAO ALUNO,2020,1,23,Homem,Branca,,1990,19,30,6391,2009.1,2020.1
900001922,00000000227,1999,VESTIBULAR,2010,2,,GRADUADO,2015,1,10,Homem,Preta,Somente escola pública,1990,20,25,672,2010.2,2015.1
900002796,00000000228,2017,SISU,2018,1,,REGULAR,-1,0,-4038,Mulher,Não declarada,,1999,19,-2000,6137,2018.1,-1
900002294,00000000229,1999,VESTIBULAR / ENEM,2013,2,,CANCELAMENTO POR ABANDONO,2011,1,-4,Homem,Parda,Somente escola pública,1995,18,16,6660,2013.2,2011.1
900002197,00000000230,1999,VESTIBULAR / ENEM,2012,1,,GRADUADO,2011,1,-1,Mulher,Branca,Somente escola pública,1994,18,17,5898,2012.1,2011.1
900000180,00000000231,2017,SISU,2021,1,,REGULAR,-1,0,-4044,Homem,Não declarada,,2001,20,-2002,6102,2021.1,-1
900001786,00000000232,2017,SISU,2018,2,4,GRADUADO,2013,1,-10,Homem,Branca,Somente escola privada,1999,19,14,,2018.2,2013.1
900002067,00000000233,2017,SISU,2016,2,,CANCELAMENTO POR ABANDONO,2014,1,-4,Homem,Não declarada,,1996,20,18,6131,2016.2,2014.1
900000684,00000000234,2017,SISU,2015,1,3,REGULAR,-1,0,-4032,Homem,Branca,,1997,18,-1998,65288,2015.1,-1
900001438,00000000235,2017,SISU,2018,1,,CANCELADO NOVO INGRESSO OUTRO CURSO,2017,2,0,Mulher,Não declarada,,1996,22,21,64355,2018.1,2017.2
900002641,00000000236,2017,SISU,2020,2,2,CANCELADO 3 REPROV MESMA DISCIPLINA,2020,1,0,Homem,Não declarada,Somente escola pública,2000,20,20,64148,2020.2,2020.1
900000910,00000000237,1999,VESTIBULAR / ENEM,2011,2,,GRADUADO,2015,2,9,Homem,Branca,Somente escola privada,1990,21,25,64282,2011.2,2015.2
900001973,00000000238,2017,SISU,2018,2,,CANCELAMENTO POR ABANDONO,2012,1,-12,Mulher,Branca,Somente escola privada,2000,18,12,5548,2018.2,2012.1
900002517,00000000239,2017,SISU,2019,1,2,CANCELAMENTO P/ MUDANCA CURSO,2010,1,-17,Homem,Branca,,1989,30,21,5898,2019.1,2010.1
900002298,00000000240,1999,SISU,2016,1,,CANCELADO NOVO INGRESSO MESMO CURSO,2016,1,1,Mulher,Não declarada,Somente escola privada,1999,17,17,74937,2016.1,2016.1
900002112,00000000241,2017,VESTIBULAR / ENEM,2014,1,2,GRADUADO,2017,1,7,Homem,Não declarada,,1995,19,22,5519,2014.1,2017.1
900001498,00000000242,2017,SISU,2015,2,,GRADUADO,2017,1,4,Homem,Não declarada,,1998,17,19,6268,2015.2,2017.1
900002733,00000000243,2017,SISU,2021,1,,REGULAR,-1,0,-4044,Homem,Branca,Somente escola privada,2004,17,-2005,61413,2021.1,-1
900000451,00000000244,2017,SISU,2016,1,4,REGULAR,-1,0,-4034,Homem,Parda,Somente escola pública,1999,17,-2000,6539,2016.1,-1
900001394,00000000245,2017,SISU,2021,1,4,REGULAR,-1,0,-4044,Homem,Parda,Somente escola privada,2004,17,-2005,6332,2021.1,-1
900002654,00000000246,2017,SISU,2017,1,,REGULAR,-1,0,-4036,Mulher,Não declarada,,1998,19,-1999,69867,2017.1,-1
900000555,00000000247,2017,SISU,2017,2,,REGULAR,-1,0,-4037,Homem,Branca,Somente escola privada,1996,21,-1997,63540,2017.2,-1
900002078,00000000248,2017,SISU,2020,1,3,CANCELADO NOVO INGRESSO OUTRO CURSO,2012,1,-15,Homem,Branca,Somente escola pública,1998,22,14,6183,2020.1,2012.1
900001663,00000000249,2017,SISU,2021,1,3,REGULAR,-1,0,-4044,Homem,Branca,,2002,19,-2003,5875,2021.1,-1
900001760,00000000250,1999,VESTIBULAR / ENEM,2014,1,,CANCELAMENTO P/ SOLICITACAO ALUNO,2017,2,8,Homem,Branca,Somente escola privada,1996,18,21,6455,2014.1,2017.2
900002805,00000000251,2017,VESTIBULAR / ENEM,2014,1,,GRADUADO,2015,2,4,Mulher,Branca,Somente escola privada,1995,19,20,5989,2014.1,2015.2
900000165,00000000252,2017,TRANSFERENCIA,2019,2,,CANCELAMENTO POR ABANDONO,2013,1,-12,Homem,Branca,Somente escola privada,1996,23,17,62074,2019.2,2013.1
900000600,00000000253,2017,SISU,2019,2,4,GRADUADO,2019,2,1,Mulher,Branca,Somente escola privada,2002,17,17,532,2019.2,2019.2
900002552,00000000254,2017,VESTIBULAR / ENEM,2014,1,,GRADUADO,2009,2,-8,Homem,Parda,Somente escola privada,1986,28,23,60957,2014.1,2009.2
900001634,00000000255,1999,VESTIBULAR,2010,1,,REGULAR,-1,0,-4022,Homem,Não declarada,,1991,19,-1992,5504,2010.1,-1
900001084,00000000256,1999,VESTIBULAR,2010,1,,CANCELADO NOVO INGRESSO OUTRO CURSO,2016,1,13,Homem,Amarela,Somente escola privada,1984,26,32,62366,2010.1,2016.1
900002638,00000000257,1999,VESTIBULAR,2009,2,,GRADUADO,2019,2,21,Homem,Parda,Somente escola pública,1987,22,32,6142,2009.2,2019.2
900001506,00000000258,1999,SISU,2014,2,3,CANCELADO 3 REPROV MESMA DISCIPLINA,2012,1,-4,Homem,Branca,Somente escola pública,1995,19,17,6208,2014.2,2012.1
900000673,00000000259,2017,SISU,2015,1,5,GRADUADO,2020,1,11,Homem,Parda,Somente escola pública,1996,19,24,6092,2015.1,2020.1
900001723,00000000260,1999,VESTIBULAR,2010,1,,REGULAR,-1,0,-4022,Homem,Branca,Somente escola privada,1990,20,-1991,6307,2010.1,-1
900001510,00000000261,1999,VESTIBULAR / ENEM,2014,1,,CANCELAMENTO P/ SOLICITACAO ALUNO,2019,1,11,Mulher,Branca,Somente escola privada,1988,26,31,,2014.1,2019.1
900001089,00000000262,1999,VESTIBULAR / ENEM,2013,2,4,CANCELADO 3 REPROV MESMA DISCIPLINA,2015,1,4,Mulher,Parda,,1996,17,19,72277,2013.2,2015.1
900001475,00000000263,1999,VESTIBULAR,2007,1,,CANCELAMENTO POR ABANDONO,2009,2,6,Homem,Branca,,1990,17,19,6898,2007.1,2009.2
900001335,00000000264,1999,VESTIBULAR / ENEM,2013,1,,REGULAR,-1,0,-4028,Mulher,Não declarada,,1991,22,-1992,5754,2013.1,-1
900002151,00000000265,2017,SISU,2017,1,,REGULAR,-1,0,-4036,Homem,Branca,Somente escola privada,1984,33,-1985,63463,2017.1,-1
900001630,00000000266,1999,VESTIBULAR / ENEM,2013,2,,CANCELADO 3 REPROV MESMA DISCIPLINA,2014,2,3,Homem,Branca,Somente escola privada,1995,18,19,69006,2013.2,2014.2
900002248,00000000267,1999,VESTIBULAR,2008,1,,GRADUADO,2015,2,16,Mulher,Branca,Somente escola pública,1986,22,29,68495,2008.1,2015.2
900001614,00000000268,1999,VESTIBULAR / ENEM,2013,2,,CANCELADO 3 REPROV MESMA DISCIPLINA,2012,1,-2,Homem,Parda,Somente escola pública,1994,19,18,667,2013.2,2012.1
900002075,00000000269,2017,SISU,2017,1,,REGULAR,-1,0,-4036,Homem,Branca,Somente escola privada,2001,16,-2002,6016,2017.1,-1
900000871,00000000270,1999,VESTIBULAR / ENEM,2013,2,4,CANCELAMENTO POR ABANDONO,2012,2,-1,Mulher,Não declarada,Somente escola privada,1995,18,17,6684,2013.2,2012.2
900000724,00000000271,1999,VESTIBULAR / ENEM,2012,1,,CANCELADO REPROVOU TODAS POR FALTAS,2016,2,10,Homem,Não declarada,,1994,18,22,69886,2012.1,2016.2
900001567,00000000272,2017,SISU,2015,1,2,CANCELAMENTO POR ABANDONO,2012,2,-4,Homem,Branca,Somente escola pública,1988,27,24,59575,2015.1,2012.2
900001082,00000000273,1999,VESTIBULAR / ENEM,2013,2,,CANCELADO REPROVOU TODAS POR FALTAS,2018,1,10,Homem,Branca,Somente escola pública,1994,19,24,6134,2013.2,2018.1
900001834,00000000274,1999,VESTIBULAR / ENEM,2012,2,,CANCELAMENTO POR ABANDONO,2014,2,5,Mulher,Parda,Somente escola privada,1989,23,25,6546,2012.2,2014.2
900002089,00000000275,1999,VESTIBULAR,2008,1,,REGULAR,-1,0,-4018,Homem,Branca,Somente escola privada,1990,18,-1991,6594,2008.1,-1
900000951,00000000276,1999,VESTIBULAR / ENEM,2011,1,,GRADUADO,2011,2,2,Homem,Parda,,1992,19,19,6782,2011.1,2011.2
900001840,00000000277,1999,VESTIBULAR / ENEM,2013,2,,CANCELADO 3 REPROV MESMA DISCIPLINA,2015,1,4,Homem,Não declarada,,1992,21,23,68156,2013.2,2015.1
900000875,00000000278,1999,VESTIBULAR / ENEM,2011,1,,GRADUADO,2020,1,19,Homem,Branca,Somente escola privada,1993,18,27,6298,2011.1,2020.1
900001033,00000000279,1999,TRANSFERENCIA,2009,1,,GRADUADO,2012,2,8,Homem,Não declarada,Somente escola privada,1985,24,27,68529,2009.1,2012.2
900000281,00000000280,2017,SISU,2018,1,2,REGULAR,-1,0,-4038,Homem,Branca,"Pública e privada, tendo ficado mais tempo em escola privada",1998,20,-1999,5967,2018.1,-1
900002130,00000000281,1999,VESTIBULAR,2010,1,,GRADUADO,2017,2,16,Homem,Parda,Somente escola pública,1992,18,25,57238,2010.1,2017.2
900001288,00000000282,1999,VESTIBULAR,2010,1,,CANCELAMENTO P/ SOLICITACAO ALUNO,2011,2,4,Homem,Branca,Somente escola privada,1991,19,20,6325,2010.1,2011.2
900001682,00000000283,2017,SISU,2018,2,,REGULAR,-1,0,-4039,Homem,Branca,Somente escola privada,2001,17,-2002,72845,2018.2,-1
900002136,00000000284,1999,SISU,2015,2,,REGULAR,-1,0,-4033,Homem,Parda,Somente escola pública,1998,17,-1999,5887,2015.2,-1
900000897,00000000285,1999,SISU,2014,2,4,CANCELAMENTO P/ SOLICITACAO ALUNO,2020,1,12,Homem,Branca,Somente escola privada,1993,21,27,68821,2014.2,2020.1
900001434,00000000286,1999,VESTIBULAR / ENEM,2013,1,,REGULAR,-1,0,-4028,Homem,Parda,"Pública e privada, tendo ficado mais tempo em escola privada",1994,19,-1995,62437,2013.1,-1
900000926,00000000287,1999,SISU,2016,2,,CANCELADO NOVO INGRESSO MESMO CURSO,2013,2,-5,Homem,Branca,Somente escola privada,1997,19,16,5931,2016.2,2013.2
900000903,00000000288,1999,VESTIBULAR / ENEM,2012,1,,CANCELADO REPROVOU TODAS POR FALTAS,2011,2,0,Homem,Parda,Somente escola pública,1993,19,18,6192,2012.1,2011.2
900001841,00000000289,1999,VESTIBULAR / ENEM,2013,1,,GRADUADO,2019,1,13,Homem,Branca,,1994,19,25,6464,2013.1,2019.1
900000369,00000000290,2017,SISU,2020,2,,CANCELADO NOVO INGRESSO MESMO CURSO,2016,2,-7,Homem,Branca,Somente escola privada,2001,19,15,69570,2020.2,2016.2
900001146,00000000291,1999,VESTIBULAR / ENEM,2014,1,2,REGULAR,-1,0,-4030,Homem,Branca,Somente escola privada,1996,18,-1997,70048,2014.1,-1
900002608,00000000292,1999,VESTIBULAR / ENEM,2011,2,,REGULAR,-1,0,-4025,Homem,Preta,Somente escola pública,1989,22,-1990,65837,2011.2,-1
900002058,00000000293,2017,SISU,2017,2,5,GRADUADO,2017,1,0,Homem,Branca,,1994,23,23,6001,2017.2,2017.1
900000566,00000000294,1999,TRANSFERENCIA,2015,2,,REGULAR,-1,0,-4033,Homem,Parda,Somente escola pública,1999,16,-2000,6464,2015.2,-1
900001447,00000000295,1999,VESTIBULAR / ENEM,2012,2,,REGULAR,-1,0,-4027,Homem,Branca,Somente escola privada,1996,16,-1997,66410,2012.2,-1
900000014,00000000296,1999,VESTIBULAR,2009,1,,CANCELAMENTO POR ABANDONO,2012,2,8,Homem,Parda,Somente escola privada,1992,17,20,5314,2009.1,2012.2
900001618,00000000297,2017,SISU,2014,2,,REGULAR,-1,0,-4031,Homem,Parda,Somente escola privada,1997,17,-1998,6136,2014.2,-1
900002276,00000000298,1999,VESTIBULAR / ENEM,2011,2,,REGULAR,-1,0,-4025,Homem,Não declarada,,1994,17,-1995,6124,2011.2,-1
900002578,00000000299,2017,SISU,2017,2,,CANCELADO NOVO INGRESSO MESMO CURSO,2012,1,-10,Homem,Parda,Somente escola privada,1998,19,14,58247,2017.2,2012.1
900001487,00000000300,2017,SISU,2019,2,8,REGULAR,-1,0,-4041,Homem,Não declarada,,2001,18,-2002,5628,2019.2,-1
900001605,00000000301,2017,SISU,2019,2,,REGULAR,-1,0,-4041,Homem,Parda,Somente escola pública,1996,23,-1997,5963,2019.2,-1
900000089,00000000302,2017,SISU,2019,2,5,CANCELADO NOVO INGRESSO MESMO CURSO,2014,1,-10,Homem,Parda,Somente escola pública,1994,25,20,674,2019.2,2014.1
900001754,00000000303,1999,VESTIBULAR,2007,2,,GRADUADO,2014,2,15,Homem,Parda,Somente escola pública,1986,21,28,65839,2007.2,2014.2
900000543,00000000304,1999,VESTIBULAR,2010,2,,CANCELADO NOVO INGRESSO MESMO CURSO,2011,2,3,Homem,Branca,Somente escola privada,1984,26,27,6446,2010.2,2011.2
900001201,00000000305,1999,VESTIBULAR,2010,2,,REGULAR,-1,0,-4023,Homem,Não declarada,,1987,23,-1988,6407,2010.2,-1
900001898,00000000306,1999,VESTIBULAR / ENEM,2013,2,5,CANCELADO REPROVOU TODAS POR FALTAS,2016,2,7,Mulher,Branca,Somente escola pública,1990,23,26,6826,2013.2,2016.2
900002295,00000000307,1999,VESTIBULAR,2009,2,,REGULAR,-1,0,-4021,Mulher,Branca,Somente escola pública,1991,18,-1992,64430,2009.2,-1
900001932,00000000308,1999,SISU,2017,2,4,CANCELADO NOVO INGRESSO OUTRO CURSO,2011,1,-12,Homem,Parda,Somente escola privada,1995,22,16,76767,2017.2,2011.1
900000218,00000000309,2017,SISU,2017,2,,GRADUADO,2020,1,6,Mulher,Branca,Somente escola privada,2000,17,20,72702,2017.2,2020.1
900001209,00000000310,1999,VESTIBULAR / ENEM,2011,1,,GRADUADO,2020,1,19,Homem,Não declarada,,1992,19,28,6087,2011.1,2020.1
900002238,00000000311,2017,SISU,2017,1,5,CANCELAMENTO POR ABANDONO,2010,2,-12,Homem,Branca,Somente escola pública,1997,20,13,64609,2017.1,2010.2
900001617,00000000312,1999,VESTIBULAR / ENEM,2013,2,,REGULAR,-1,0,-4029,Homem,Parda,"Pública e privada, tendo ficado mais tempo em escola pública",1992,21,-1993,6013,2013.2,-1
900001311,00000000313,1999,VESTIBULAR / ENEM,2011,2,,CANCELADO REPROVOU TODAS POR FALTAS,2018,2,15,Homem,Branca,Somente escola privada,1993,18,25,7330,2011.2,2018.2
900000878,00000000314,1999,SISU,2014,2,,REGULAR,-1,0,-4031,Mulher,Não declarada,,1995,19,-1996,5999,2014.2,-1
900000764,00000000315,2017,SISU,2017,2,2,REGULAR,-1,0,-4037,Homem,Branca,Somente escola pública,1997,20,-1998,6204,2017.2,-1
900002386,00000000316,1999,TRANSFERENCIA,2009,1,,GRADUADO,2016,1,15,Homem,Branca,Somente escola pública,1990,19,26,5534,2009.1,2016.1
900000779,00000000317,2017,SISU,2017,1,,CANCELADO NOVO INGRESSO MESMO CURSO,2011,1,-11,Mulher,Parda,Somente escola privada,1996,21,15,6343,2017.1,2011.1
900002082,00000000318,1999,VESTIBULAR,2010,2,,CANCELAMENTO POR ABANDONO,2016,2,13,Homem,Branca,Somente escola privada,1990,20,26,75299,2010.2,2016.2
900002299,00000000319,2017,SISU,2017,2,2,REGULAR,-1,0,-4037,Homem,Branca,Somente escola privada,1999,18,-2000,5266,2017.2,-1
900001081,00000000320,2017,SISU,2016,2,3,CANCELAMENTO POR ABANDONO,2011,1,-10,Homem,Não declarada,,1998,18,13,6946,2016.2,2011.1
900000597,00000000321,1999,VESTIBULAR,2008,2,,CANCELADO NOVO INGRESSO OUTRO CURSO,2015,2,15,Homem,Não declarada,,1984,24,31,6377,2008.2,2015.2
900002515,00000000322,1999,VESTIBULAR,2007,2,,GRADUADO,2019,2,25,Homem,Branca,Somente escola privada,1989,18,30,64091,2007.2,2019.2
900000937,00000000323,2017,SISU,2019,2,,REGULAR,-1,0,-4041,Homem,Parda,Somente escola pública,1997,22,-1998,6338,2019.2,-1
900002480,00000000324,2017,SISU,2017,2,,CANCELAMENTO P/ SOLICITACAO ALUNO,2011,1,-12,Homem,Branca,Somente escola privada,1996,21,15,606,2017.2,2011.1
900001133,00000000325,2017,SISU,2016,1,,REGULAR,-1,0,-4034,Homem,Não declarada,,1999,17,-2000,6070,2016.1,-1
900001460,00000000326,2017,SISU,2019,2,,CANCELAMENTO POR ABANDONO,2016,1,-6,Homem,Branca,Somente escola privada,1995,24,21,6216,2019.2,2016.1
900001100,00000000327,2017,SISU,2018,1,3,GRADUADO,2015,1,-5,Homem,Branca,Somente escola privada,2002,16,13,5672,2018.1,2015.1
900001368,00000000328,2017,SISU,2019,2,4,CANCELADO NOVO INGRESSO MESMO CURSO,2015,1,-8,Homem,Não declarada,,1999,20,16,6346,2019.2,2015.1
900000559,00000000329,2017,SISU,2018,1,2,REGULAR,-1,0,-4038,Homem,Branca,,1997,21,-1998,6300,2018.1,-1
900002744,00000000330,1999,VESTIBULAR / ENEM,2012,1,,REGULAR,-1,0,-4026,Homem,Não declarada,,1993,19,-1994,60892,2012.1,-1
900000285,00000000331,1999,VESTIBULAR,2009,1,,REGULAR,-1,0,-4020,Homem,Parda,Somente escola pública,1992,17,-1993,6315,2009.1,-1
900002127,00000000332,1999,VESTIBULAR,2010,1,,REGULAR,-1,0,-4022,Homem,Parda,Somente escola pública,1989,21,-1990,67859,2010.1,-1
900000122,00000000333,1999,VESTIBULAR,2006,2,,CANCELADO 3 REPROV MESMA DISCIPLINA,2010,1,8,Homem,Branca,Somente escola privada,1988,18,22,713,2006.2,2010.1
900001396,00000000334,2017,SISU,2016,2,,REGULAR,-1,0,-4035,Mulher,Parda,Somente escola pública,1999,17,-2000,67815,2016.2,-1
900002406,00000000335,1999,VESTIBULAR / ENEM,2011,2,,CANCELAMENTO P/ SOLICITACAO ALUNO,2014,2,7,Homem,Branca,Somente escola pública,1991,20,23,6698,2011.2,2014.2
900001856,00000000336,1999,VESTIBULAR / ENEM,2013,2,,CANCELAMENTO POR ABANDONO,2014,2,3,Homem,Parda,Somente escola privada,1990,23,24,6854,2013.2,2014.2
900000842,00000000337,1999,VESTIBULAR,2007,2,,GRADUADO,2014,2,15,Homem,Parda,Somente escola privada,1987,20,27,6518,2007.2,2014.2
900001000,00000000338,1999,JUDICIAL,2008,2,,REGULAR,-1,0,-4019,Homem,Branca,Somente escola privada,1989,19,-1990,6171,2008.2,-1
900002754,00000000339,2017,SISU,2017,2,,CANCELAMENTO P/ DECISAO JUDICIAL,2011,1,-12,Homem,Parda,Somente escola pública,1997,20,14,57853,2017.2,2011.1
900001772,00000000340,2017,GRADUADO,2019,2,,GRADUADO,2019,2,1,Mulher,Parda,Somente escola privada,2003,16,16,6909,2019.2,2019.2
900001485,00000000341,1999,SISU,2015,2,4,CANCELAMENTO POR ABANDONO,2016,1,2,Homem,Branca,,1995,20,21,66413,2015.2,2016.1
900002580,00000000342,2017,SISU,2017,2,,CANCELADO NOVO INGRESSO MESMO CURSO,2014,2,-5,Homem,Branca,Somente escola privada,1967,50,47,55810,2017.2,2014.2
900000466,00000000343,2017,SISU,2018,2,,CANCELADO 3 REPROV MESMA DISCIPLINA,2013,2,-9,Mulher,Branca,Somente escola privada,1991,27,22,64195,2018.2,2013.2
900002786,00000000344,1999,VESTIBULAR,2009,1,,CANCELADO NOVO INGRESSO MESMO CURSO,2014,1,11,Mulher,Não declarada,,1992,17,22,6589,2009.1,2014.1
900000935,00000000345,1999,REOPCAO,2013,2,,REGULAR,-1,0,-4029,Homem,Parda,,1995,18,-1996,6943,2013.2,-1
900000872,00000000346,2017,SISU,2016,1,4,GRADUADO,2016,2,2,Homem,Branca,Somente escola privada,1999,17,17,6363,2016.1,2016.2
900000498,00000000347,2017,SISU,2020,1,,GRADUADO,2015,1,-9,Mulher,Branca,Somente escola pública,2002,18,13,62353,2020.1,2015.1
900000537,00000000348,2017,SISU,2019,1,3,CANCELADO NOVO INGRESSO MESMO CURSO,2012,1,-13,Homem,Branca,Somente escola privada,1995,24,17,605,2019.1,2012.1
900001124,00000000349,1999,SISU,2016,1,,CANCELADO REPROVOU TODAS POR FALTAS,2017,1,3,Homem,Parda,Somente escola privada,1997,19,20,6507,2016.1,2017.1
900000695,00000000350,1999,SISU,2014,2,,CANCELAMENTO POR ABANDONO,2018,1,8,Homem,Branca,Somente escola privada,1996,18,22,7506,2014.2,2018.1
900002741,00000000351,1999,VESTIBULAR / ENEM,2014,1,,GRADUADO,2016,2,6,Homem,Branca,Somente escola pública,1994,20,22,6651,2014.1,2016.2
900000822,00000000352,1999,REOPCAO,2009,1,,REGULAR,-1,0,-4020,Mulher,Branca,Somente escola privada,1989,20,-1990,5810,2009.1,-1
900001293,00000000353,1999,VESTIBULAR / ENEM,2011,2,,CANCELADO NOVO INGRESSO MESMO CURSO,2012,2,3,Homem,Parda,,1991,20,21,5817,2011.2,2012.2
900001791,00000000354,2017,VESTIBULAR / ENEM,2014,1,,REGULAR,-1,0,-4030,Homem,Parda,Somente escola pública,1994,20,-1995,6025,2014.1,-1
900002775,00000000355,2017,SISU,2018,1,4,CANCELADO NOVO INGRESSO MESMO CURSO,2013,1,-9,Homem,Não declarada,,1998,20,15,8343,2018.1,2013.1
900002470,00000000356,2017,SISU,2019,2,4,CANCELAMENTO POR ABANDONO,2012,2,-13,Mulher,Não declarada,Somente escola pública,1996,23,16,60177,2019.2,2012.2
900002434,00000000357,1999,VESTIBULAR / ENEM,2012,2,,CANCELADO NOVO INGRESSO MESMO CURSO,2017,2,11,Homem,Parda,Somente escola pública,1994,18,23,6699,2012.2,2017.2
900001576,00000000358,2017,SISU,2015,2,3,CANCELADO 3 REPROV MESMA DISCIPLINA,2017,2,5,Homem,Parda,Somente escola pública,1997,18,20,517,2015.2,2017.2
900002029,00000000359,1999,VESTIBULAR,2009,1,,REGULAR,-1,0,-4020,Homem,Não declarada,Somente escola privada,1989,20,-1990,6536,2009.1,-1
900000311,00000000360,2017,SISU,2019,1,,CANCELADO REPROVOU TODAS POR FALTAS,2015,1,-7,Homem,Branca,Somente escola pública,2000,19,15,70208,2019.1,2015.1
900001246,00000000361,1999,VESTIBULAR,2010,2,,CANCELAMENTO P/ SOLICITACAO ALUNO,2009,1,-2,Homem,Parda,Somente escola pública,1990,20,19,60642,2010.2,2009.1
900000807,00000000362,1999,VESTIBULAR / ENEM,2012,1,,GRADUADO,2018,1,13,Mulher,Branca,Somente escola privada,1994,18,24,5975,2012.1,2018.1
900002799,00000000363,1999,VESTIBULAR,2010,2,,REGULAR,-1,0,-4023,Homem,Branca,Somente escola privada,1985,25,-1986,7771,2010.2,-1
900002307,00000000364,2017,SISU,2018,1,4,CANCELAMENTO POR ABANDONO,2007,1,-21,Homem,Branca,,1998,20,9,650,2018.1,2007.1
900002701,00000000365,2017,SISU,2017,1,4,REGULAR,-1,0,-4036,Homem,Não declarada,,1996,21,-1997,72379,2017.1,-1
900002272,00000000366,1999,VESTIBULAR / ENEM,2012,1,,CANCELADO NOVO INGRESSO OUTRO CURSO,2018,1,13,Mulher,Branca,Somente escola privada,1989,23,29,65668,2012.1,2018.1
900002623,00000000367,1999,VESTIBULAR / ENEM,2011,1,,CANCELAMENTO POR ABANDONO,2012,1,3,Homem,Não declarada,,1993,18,19,72655,2011.1,2012.1
900001992,00000000368,1999,VESTIBULAR,2007,1,,CANCELADO REPROVOU TODAS POR FALTAS,2013,2,14,Mulher,Parda,Somente escola pública,1986,21,27,73615,2007.1,2013.2
900002680,00000000369,2017,SISU,2016,1,,REGULAR,-1,0,-4034,Homem,Não declarada,,1997,19,-1998,6263,2016.1,-1
900001645,00000000370,2017,SISU,2016,2,,CANCELAMENTO POR ABANDONO,2008,1,-16,Homem,Parda,Somente escola pública,1995,21,13,65772,2016.2,2008.1
900000457,00000000371,1999,VESTIBULAR / ENEM,2011,1,,CANCELADO NOVO INGRESSO MESMO CURSO,2012,1,3,Homem,Parda,Somente escola pública,1991,20,21,7283,2011.1,2012.1
900002378,00000000372,2017,SISU,2014,2,,REGULAR,-1,0,-4031,Homem,Branca,Somente escola pública,1996,18,-1997,6385,2014.2,-1
900000502,00000000373,1999,VESTIBULAR / ENEM,2012,1,,CANCELADO 3 REPROV MESMA DISCIPLINA,2015,1,7,Homem,Branca,Somente escola privada,1993,19,22,,2012.1,2015.1
900001706,00000000374,1999,SISU,2015,1,,CANCELADO NOVO INGRESSO MESMO CURSO,2016,2,4,Homem,Parda,Somente escola pública,1995,20,21,65913,2015.1,2016.2
900001150,00000000375,1999,SISU,2014,2,,CANCELADO REPROVOU TODAS POR FALTAS,2018,1,8,Homem,Parda,,1996,18,22,6819,2014.2,2018.1
900000237,00000000376,1999,VESTIBULAR,2009,1,,CANCELADO 3 REPROV MESMA DISCIPLINA,2016,1,15,Mulher,Branca,Somente escola privada,1991,18,25,6107,2009.1,2016.1
900000668,00000000377,1999,VESTIBULAR,2010,1,,REGULAR,-1,0,-4022,Mulher,Não declarada,,1984,26,-1985,63438,2010.1,-1
900002664,00000000378,2017,SISU,2018,1,2,CANCELADO REPROVOU TODAS POR FALTAS,2010,2,-14,Homem,Parda,Somente escola privada,1999,19,11,7093,2018.1,2010.2
900000183,00000000379,1999,VESTIBULAR,2009,2,,REGULAR,-1,0,-4021,Mulher,Não declarada,,1989,20,-1990,65104,2009.2,-1
900002113,00000000380,2017,SISU,2019,1,5,CANCELAMENTO POR ABANDONO,2013,2,-10,Homem,Branca,Somente escola pública,2001,18,12,69169,2019.1,2013.2
900001065,00000000381,2017,SISU,2019,1,4,REGULAR,-1,0,-4040,Homem,Branca,Somente escola privada,2001,18,-2002,69754,2019.1,-1
900000197,00000000382,1999,VESTIBULAR,2010,1,,REGULAR,-1,0,-4022,Homem,Parda,Somente escola privada,1993,17,-1994,7138,2010.1,-1
900001474,00000000383,1999,VESTIBULAR / ENEM,2014,1,,CANCELADO REPROVOU TODAS POR FALTAS,2014,1,1,Homem,Parda,,1992,22,22,5585,2014.1,2014.1
900000036,00000000384,1999,VESTIBULAR / ENEM,2014,1,,CANCELADO REPROVOU TODAS POR FALTAS,2015,2,4,Homem,Branca,,1984,30,31,5849,2014.1,2015.2
900000226,00000000385,1999,VESTIBULAR / ENEM,2012,1,,CANCELADO 3 REPROV MESMA DISCIPLINA,2011,2,0,Homem,Branca,Somente escola privada,1988,24,23,6637,2012.1,2011.2
900000791,00000000386,1999,JUDICIAL,2010,2,,CANCELAMENTO P/ SOLICITACAO ALUNO,2014,2,9,Homem,Branca,Somente escola privada,1991,19,23,5651,2010.2,2014.2
900000519,00000000387,1999,VESTIBULAR / ENEM,2013,1,,CANCELADO NOVO INGRESSO MESMO CURSO,2012,2,0,Homem,Branca,Somente escola privada,1994,19,18,63576,2013.1,2012.2
900001213,00000000388,2017,SISU,2018,1,,REGULAR,-1,0,-4038,Mulher,Branca,Somente escola privada,1999,19,-2000,64624,2018.1,-1
900000866,00000000389,1999,VESTIBULAR,2009,1,,REGULAR,-1,0,-4020,Homem,Branca,Somente escola privada,1983,26,-1984,6595,2009.1,-1
900002689,00000000390,1999,VESTIBULAR / ENEM,2013,2,,CANCELAMENTO POR ABANDONO,2009,2,-7,Homem,Não declarada,,1997,16,12,67433,2013.2,2009.2
900002670,00000000391,1999,VESTIBULAR / ENEM,2012,1,,CANCELADO NOVO INGRESSO MESMO CURSO,2009,2,-4,Homem,Branca,Somente escola privada,1994,18,15,7147,2012.1,2009.2
900000368,00000000392,1999,VESTIBULAR / ENEM,2014,1,,CANCELAMENTO P/ SOLICITACAO ALUNO,2013,1,-1,Homem,Parda,,1995,19,18,,2014.1,2013.1
900001136,00000000393,2017,SISU,2020,1,,REGULAR,-1,0,-4042,Homem,Parda,Somente escola pública,2001,19,-2002,,2020.1,-1
900000914,00000000394,1999,VESTIBULAR / ENEM,2013,1,,CANCELAMENTO POR ABANDONO,2013,1,1,Homem,Branca,Somente escola pública,1993,20,20,5959,2013.1,2013.1
900001555,00000000395,1999,VESTIBULAR / ENEM,2011,1,,GRADUADO,2015,1,9,Homem,Branca,,1990,21,25,6395,2011.1,2015.1
900002416,00000000396,1999,VESTIBULAR,2008,2,,REGULAR,-1,0,-4019,Homem,Parda,Somente escola pública,1987,21,-1988,613,2008.2,-1
900000601,00000000397,2017,SISU,2017,1,3,CANCELAMENTO POR ABANDONO,2016,2,0,Mulher,Branca,Somente escola privada,1999,18,17,62531,2017.1,2016.2
900001602,00000000398,1999,TRANSFERENCIA,2014,2,,REGULAR,-1,0,-4031,Mulher,Não declarada,Somente escola privada,1990,24,-1991,63360,2014.2,-1
900002586,00000000399,1999,VESTIBULAR,2006,2,,GRADUADO,2019,2,27,Homem,Branca,Somente escola pública,1988,18,31,61818,2006.2,2019.2
900000100,00000000400,1999,VESTIBULAR / ENEM,2013,1,,REGULAR,-1,0,-4028,Homem,Branca,,1993,20,-1994,6501,2013.1,-1
900001425,00000000401,2017,SISU,2019,1,,CANCELADO NOVO INGRESSO MESMO CURSO,2012,1,-13,Homem,Parda,Somente escola privada,1999,20,13,6725,2019.1,2012.1
900001451,00000000402,1999,VESTIBULAR,2009,1,,CANCELAMENTO POR ABANDONO,2011,1,5,Homem,Branca,Somente escola privada,1991,18,20,654,2009.1,2011.1
900001057,00000000403,1999,VESTIBULAR,2008,1,,REGULAR,-1,0,-4018,Homem,Não declarada,Somente escola privada,1986,22,-1987,6449,2008.1,-1
900000639,00000000404,1999,VESTIBULAR,2009,2,,CANCELADO 3 REPROV MESMA DISCIPLINA,2010,1,2,Homem,Branca,,1990,19,20,72947,2009.2,2010.1
900001176,00000000405,1999,TRANSFERENCIA,2012,2,,GRADUADO,2019,1,14,Homem,Parda,Somente escola privada,1995,17,24,70074,2012.2,2019.1
900001513,00000000406,1999,VESTIBULAR,2007,1,,GRADUADO,2016,2,20,Homem,Branca,,1988,19,28,65997,2007.1,2016.2
900000193,00000000407,1999,VESTIBULAR,2010,1,,REGULAR,-1,0,-4022,Mulher,Não declarada,,1991,19,-1992,62419,2010.1,-1
900001466,00000000408,1999,VESTIBULAR / ENEM,2012,1,,CANCELADO REPROVOU TODAS POR FALTAS,2016,1,9,Homem,Parda,Somente escola pública,1994,18,22,6191,2012.1,2016.1
900000343,00000000409,1999,VESTIBULAR,2010,1,,CANCELADO REPROVOU TODAS POR FALTAS,2010,1,1,Homem,Branca,,1991,19,19,657,2010.1,2010.1
900001282,00000000410,1999,VESTIBULAR,2007,2,,CANCELADO REPROVOU TODAS POR FALTAS,2012,1,10,Homem,Branca,Somente escola privada,1986,21,26,6133,2007.2,2012.1
900000703,00000000411,1999,SISU,2016,1,2,REGULAR,-1,0,-4034,Homem,Branca,,1999,17,-2000,6471,2016.1,-1
900002195,00000000412,1999,SISU,2015,1,4,CANCELAMENTO POR ABANDONO,2014,1,-1,Homem,Branca,Somente escola privada,1995,20,19,5518,2015.1,2014.1
900001619,00000000413,1999,SISU,2016,1,5,GRADUADO,2017,2,4,Homem,Branca,Somente escola pública,1998,18,19,6348,2016.1,2017.2
900000970,00000000414,1999,VESTIBULAR,2010,1,,CANCELADO 3 REPROV MESMA DISCIPLINA,2017,1,15,Homem,Preta,Somente escola privada,1993,17,24,6720,2010.1,2017.1
900000216,00000000415,1999,VESTIBULAR / ENEM,2014,1,3,REGULAR,-1,0,-4030,Homem,Não declarada,,1997,17,-1998,623,2014.1,-1
900000596,00000000416,2017,SISU,2017,2,,REGULAR,-1,0,-4037,Homem,Não declarada,Somente escola privada,1993,24,-1994,70652,2017.2,-1
900000267,00000000417,2017,SISU,2021,1,,GRADUADO,2016,1,-9,Homem,Branca,Somente escola privada,1997,24,19,6182,2021.1,2016.1
900002035,00000000418,2017,SISU,2020,1,2,CANCELADO NOVO INGRESSO MESMO CURSO,2013,1,-13,Homem,Branca,Somente escola privada,2002,18,11,6035,2020.1,2013.1
900002194,00000000419,1999,VESTIBULAR,2007,2,,GRADUADO,2018,1,22,Homem,Parda,Somente escola privada,1983,24,35,5886,2007.2,2018.1
900000615,00000000420,1999,VESTIBULAR,2006,2,,REGULAR,-1,0,-4015,Homem,Parda,,1982,24,-1983,65194,2006.2,-1
900002530,00000000421,2017,SISU,2017,1,,REGULAR,-1,0,-4036,Mulher,Branca,Somente escola privada,1994,23,-1995,66166,2017.1,-1
900002657,00000000422,1999,JUDICIAL,2009,2,,REGULAR,-1,0,-4021,Homem,Branca,Somente escola privada,1984,25,-1985,6662,2009.2,-1
900001110,00000000423,1999,VESTIBULAR / ENEM,2014,1,5,CANCELADO REPROVOU TODAS POR FALTAS,2016,1,5,Homem,Não declarada,Somente escola pública,1994,20,22,73306,2014.1,2016.1
900001669,00000000424,2017,SISU,2015,2,,CANCELADO 3 REPROV MESMA DISCIPLINA,2012,1,-6,Homem,Não declarada,Somente escola pública,1989,26,23,6124,2015.2,2012.1
900002621,00000000425,1999,VESTIBULAR,2010,2,,CANCELADO REPROVOU TODAS POR FALTAS,2015,2,11,Homem,Parda,,1991,19,24,6302,2010.2,2015.2
900000288,00000000426,1999,VESTIBULAR / ENEM,2013,2,,GRADUADO,2018,2,11,Mulher,Branca,,1993,20,25,6327,2013.2,2018.2
900002253,00000000427,1999,VESTIBULAR / ENEM,2011,1,,GRADUADO,2010,2,0,Homem,Não declarada,Somente escola privada,1991,20,19,5707,2011.1,2010.2
900002054,00000000428,1999,VESTIBULAR / ENEM,2013,2,,GRADUADO,2019,2,13,Mulher,Não declarada,,1997,16,22,74118,2013.2,2019.2
900001694,00000000429,2017,SISU,2016,1,,REGULAR,-1,0,-4034,Homem,Parda,Somente escola pública,1995,21,-1996,6536,2016.1,-1
900001056,00000000430,2017,SISU,2018,2,,CANCELAMENTO POR ABANDONO,2020,1,4,Homem,Branca,Somente escola pública,1998,20,22,6782,2018.2,2020.1
900001044,00000000431,1999,VESTIBULAR,2010,1,,GRADUADO,2013,1,7,Mulher,Não declarada,,1990,20,23,599,2010.1,2013.1
900000442,00000000432,2017,SISU,2015,1,,REGULAR,-1,0,-4032,Homem,Parda,Somente escola pública,1969,46,-1970,606,2015.1,-1
900001598,00000000433,2017,SISU,2020,1,,CANCELAMENTO P/ SOLICITACAO ALUNO,2020,1,1,Homem,Branca,Somente escola privada,2003,17,17,7292,2020.1,2020.1
900002215,00000000434,2017,SISU,2021,1,,GRADUADO,2018,2,-4,Homem,Preta,,2002,19,16,69305,2021.1,2018.2
900001893,00000000435,2017,SISU,2020,2,2,REGULAR,-1,0,-4043,Homem,Parda,Somente escola pública,2002,18,-2003,63662,2020.2,-1
900001860,00000000436,1999,VESTIBULAR,2006,2,,GRADUADO,2016,1,20,Homem,Branca,,1986,20,30,60303,2006.2,2016.1
900002390,00000000437,1999,VESTIBULAR,2010,2,,REGULAR,-1,0,-4023,Homem,Branca,Somente escola pública,1993,17,-1994,7246,2010.2,-1
900000919,00000000438,1999,VESTIBULAR,2007,1,,REGULAR,-1,0,-4016,Homem,Branca,Somente escola pública,1988,19,-1989,62089,2007.1,-1
900000874,00000000439,2017,SISU,2021,1,,GRADUADO,2015,2,-10,Mulher,Parda,Somente escola pública,2003,18,12,63223,2021.1,2015.2
900000912,00000000440,2017,SISU,2019,2,,REGULAR,-1,0,-4041,Homem,Parda,Somente escola privada,2001,18,-2002,65799,2019.2,-1
900000029,00000000441,1999,SISU,2014,2,,REGULAR,-1,0,-4031,Mulher,Parda,Somente escola privada,1998,16,-1999,6144,2014.2,-1
900002760,00000000442,1999,VESTIBULAR,2007,2,,GRADUADO,2016,1,18,Homem,Não declarada,,1984,23,32,66638,2007.2,2016.1
900000494,00000000443,2017,SISU,2019,1,,GRADUADO,2017,2,-2,Homem,Branca,Somente escola privada,1997,22,20,6095,2019.1,2017.2
900002684,00000000444,2017,SISU,2020,1,,CANCELADO NOVO INGRESSO MESMO CURSO,2017,2,-4,Mulher,Branca,Somente escola privada,2003,17,14,6449,2020.1,2017.2
900002377,00000000445,2017,SISU,2018,1,,CANCELADO REPROVOU TODAS POR FALTAS,2013,2,-8,Homem,Parda,Somente escola pública,1996,22,17,5638,2018.1,2013.2
900001486,00000000446,2017,SISU,2016,2,,REGULAR,-1,0,-4035,Mulher,Branca,Somente escola privada,1996,20,-1997,58191,2016.2,-1
900002123,00000000447,1999,SISU,2015,1,,CANCELADO NOVO INGRESSO MESMO CURSO,2017,2,6,Homem,Não declarada,,1995,20,22,47521,2015.1,2017.2
900002634,00000000448,2017,SISU,2019,2,,CANCELADO REPROVOU TODAS POR FALTAS,2014,2,-9,Homem,Não declarada,Somente escola privada,2002,17,12,5561,2019.2,2014.2
900001249,00000000449,2017,SISU,2018,2,2,GRADUADO,2019,1,2,Homem,Parda,Somente escola privada,1987,31,32,6193,2018.2,2019.1
900001541,00000000450,1999,VESTIBULAR / ENEM,2011,1,,REGULAR,-1,0,-4024,Homem,Branca,,1991,20,-1992,7710,2011.1,-1
900000244,00000000451,1999,SISU,2016,1,,CANCELADO 3 REPROV MESMA DISCIPLINA,2017,2,4,Mulher,Branca,Somente escola privada,1995,21,22,6234,2016.1,2017.2
900000863,00000000452,1999,VESTIBULAR / ENEM,2012,1,,CANCELADO 3 REPROV MESMA DISCIPLINA,2015,1,7,Homem,Parda,Somente escola privada,1994,18,21,62691,2012.1,2015.1
900002101,00000000453,1999,VESTIBULAR / ENEM,2013,2,,CANCELADO REPROVOU TODAS POR FALTAS,2014,2,3,Mulher,Parda,Somente escola privada,1994,19,20,7052,2013.2,2014.2
900001205,00000000454,1999,VESTIBULAR,2006,2,,CANCELADO REPROVOU TODAS POR FALTAS,2015,2,19,Homem,Parda,Somente escola privada,1984,22,31,6169,2006.2,2015.2
900001949,00000000455,2017,SISU,2019,2,3,REGULAR,-1,0,-4041,Homem,Parda,Somente escola privada,2000,19,-2001,71056,2019.2,-1
900001941,00000000456,1999,VESTIBULAR / ENEM,2012,1,,CANCELAMENTO P/ SOLICITACAO ALUNO,2019,1,15,Homem,Parda,Somente escola pública,1993,19,26,6809,2012.1,2019.1
900000064,00000000457,2017,SISU,2020,1,,GRADUADO,2014,2,-10,Homem,Branca,"Pública e privada, tendo ficado mais tempo em escola privada",1999,21,15,6793,2020.1,2014.2
900002060,00000000458,1999,VESTIBULAR / ENEM,2011,1,,CANCELAMENTO POR ABANDONO,2012,1,3,Homem,Branca,,1993,18,19,59745,2011.1,2012.1
900001169,00000000459,2017,SISU,2017,2,,CANCELAMENTO POR ABANDONO,2019,2,5,Homem,Branca,Somente escola pública,1999,18,20,73897,2017.2,2019.2
900000352,00000000460,1999,VESTIBULAR / ENEM,2011,1,,CANCELADO 3 REPROV MESMA DISCIPLINA,2015,1,9,Homem,Branca,Somente escola privada,1990,21,25,68361,2011.1,2015.1
900001198,00000000461,1999,VESTIBULAR / ENEM,2013,2,,GRADUADO,2014,2,3,Homem,Branca,Somente escola privada,1995,18,19,68702,2013.2,2014.2
900002087,00000000462,1999,SISU,2014,2,2,CANCELADO 3 REPROV MESMA DISCIPLINA,2013,2,-1,Homem,Não declarada,Somente escola privada,1996,18,17,,2014.2,2013.2
900002349,00000000463,1999,VESTIBULAR,2006,1,,CANCELADO NOVO INGRESSO MESMO CURSO,2020,1,29,Homem,Branca,Somente escola privada,1988,18,32,64115,2006.1,2020.1
900002698,00000000464,2017,SISU,2018,1,2,CANCELAMENTO POR ABANDONO,2012,2,-10,Homem,Branca,Somente escola pública,1997,21,15,5858,2018.1,2012.2
900000883,00000000465,2017,REOPCAO,2015,1,,GRADUADO,2010,2,-8,Homem,Branca,Somente escola privada,1998,17,12,,2015.1,2010.2
900000136,00000000466,1999,JUDICIAL,2008,2,,REGULAR,-1,0,-4019,Homem,Parda,Somente escola pública,1986,22,-1987,59887,2008.2,-1
900002718,00000000467,1999,VESTIBULAR / ENEM,2013,1,,REGULAR,-1,0,-4028,Homem,Amarela,Somente escola privada,1995,18,-1996,5667,2013.1,-1
900001211,00000000468,1999,VESTIBULAR / ENEM,2011,2,,CANCELADO NOVO INGRESSO MESMO CURSO,2012,2,3,Homem,Branca,Somente escola privada,1990,21,22,6841,2011.2,2012.2
900000460,00000000469,1999,SISU,2014,2,,CANCELADO 3 REPROV MESMA DISCIPLINA,2015,1,2,Homem,Parda,Somente escola pública,1987,27,28,75855,2014.2,2015.1
900002466,00000000470,1999,SISU,2017,1,4,REGULAR,-1,0,-4036,Homem,Parda,Somente escola pública,1999,18,-2000,75986,2017.1,-1
900000991,00000000471,1999,REOPCAO,2008,2,,CANCELADO REPROVOU TODAS POR FALTAS,2011,2,7,Homem,Branca,Somente escola privada,1985,23,26,75023,2008.2,2011.2
900002302,00000000472,1999,VESTIBULAR / ENEM,2013,2,,GRADUADO,2019,2,13,Homem,Preta,Somente escola privada,1988,25,31,61623,2013.2,2019.2
900002541,00000000473,1999,VESTIBULAR,2010,2,,REGULAR,-1,0,-4023,Homem,Branca,Somente escola privada,1987,23,-1988,6333,2010.2,-1
900002226,00000000474,1999,VESTIBULAR / ENEM,2013,1,,CANCELADO 3 REPROV MESMA DISCIPLINA,2012,1,-1,Homem,Não declarada,Somente escola pública,1995,18,17,590,2013.1,2012.1
900002438,00000000475,2017,TRANSFERENCIA,2019,2,,CANCELADO NOVO INGRESSO MESMO CURSO,2012,2,-13,Homem,Branca,Somente escola privada,2003,16,9,67104,2019.2,2012.2
900001041,00000000476,2017,SISU,2017,2,,GRADUADO,2019,2,5,Homem,Branca,Somente escola pública,1999,18,20,5533,2017.2,2019.2
900000813,00000000477,2017,SISU,2015,1,,CANCELADO REPROVOU TODAS POR FALTAS,2016,2,4,Homem,Parda,Somente escola pública,1997,18,19,618,2015.1,2016.2
900002637,00000000478,2017,SISU,2019,1,,GRADUADO,2019,2,2,Homem,Parda,Somente escola pública,1996,23,23,65051,2019.1,2019.2
900002279,00000000479,1999,VESTIBULAR / ENEM,2011,2,,GRADUADO,2018,2,15,Homem,Preta,Somente escola privada,1981,30,37,6516,2011.2,2018.2
900000078,00000000480,1999,VESTIBULAR / ENEM,2014,1,5,CANCELADO NOVO INGRESSO OUTRO CURSO,2018,2,10,Mulher,Não declarada,,1988,26,30,68082,2014.1,2018.2
900000416,00000000481,1999,VESTIBULAR / ENEM,2014,1,3,CANCELADO NOVO INGRESSO MESMO CURSO,2014,2,2,Homem,Parda,Somente escola pública,1994,20,20,568,2014.1,2014.2
900001587,00000000482,2017,SISU,2020,1,3,CANCELADO NOVO INGRESSO MESMO CURSO,2016,2,-6,Homem,Branca,Somente escola privada,1994,26,22,67452,2020.1,2016.2
900001259,00000000483,2017,SISU,2020,1,,CANCELADO REPROVOU TODAS POR FALTAS,2012,2,-14,Homem,Parda,Somente escola pública,1999,21,13,69874,2020.1,2012.2
900000716,00000000484,1999,VESTIBULAR / ENEM,2012,2,,GRADUADO,2019,1,14,Homem,Branca,Somente escola privada,1992,20,27,70719,2012.2,2019.1
900001653,00000000485,1999,VESTIBULAR / ENEM,2012,1,,CANCELADO 3 REPROV MESMA DISCIPLINA,2011,1,-1,Homem,Parda,Somente escola pública,1993,19,18,49594,2012.1,2011.1
900002180,00000000486,2017,SISU,2019,2,3,GRADUADO,2012,1,-14,Mulher,Parda,Somente escola pública,2002,17,10,,2019.2,2012.1
900002102,00000000487,1999,VESTIBULAR / ENEM,2013,2,,CANCELADO 3 REPROV MESMA DISCIPLINA,2015,1,4,Homem,Parda,Somente escola pública,1993,20,22,6214,2013.2,2015.1
900002808,00000000488,1999,VESTIBULAR,2010,2,,GRADUADO,2017,1,14,Homem,Não declarada,,1990,20,27,66041,2010.2,2017.1
900000241,00000000489,2017,SISU,2021,1,4,REGULAR,-1,0,-4044,Homem,Branca,Somente escola privada,2002,19,-2003,65518,2021.1,-1
900001670,00000000490,1999,VESTIBULAR / ENEM,2011,2,,GRADUADO,2013,1,4,Homem,Branca,Somente escola privada,1992,19,21,5689,2011.2,2013.1
900000412,00000000491,2017,REOPCAO,2020,1,,CANCELADO 3 REPROV MESMA DISCIPLINA,2020,1,1,Mulher,Parda,Somente escola pública,1998,22,22,7562,2020.1,2020.1
900002098,00000000492,1999,VESTIBULAR / ENEM,2013,2,,REGULAR,-1,0,-4029,Homem,Parda,Somente escola privada,1989,24,-1990,61407,2013.2,-1
900002587,00000000493,1999,VESTIBULAR,2009,1,,CANCELAMENTO POR ABANDONO,2013,2,10,Homem,Não declarada,,1989,20,24,6770,2009.1,2013.2
900001912,00000000494,2017,SISU,2018,2,,CANCELADO NOVO INGRESSO MESMO CURSO,2012,1,-12,Mulher,Parda,Somente escola pública,1998,20,14,6646,2018.2,2012.1
900000598,00000000495,2017,SISU,2017,1,,CANCELADO 3 REPROV MESMA DISCIPLINA,2015,1,-3,Homem,Branca,Somente escola pública,1986,31,29,61467,2017.1,2015.1
900001327,00000000496,1999,VESTIBULAR / ENEM,2012,2,,CANCELADO REPROVOU TODAS POR FALTAS,2013,1,2,Homem,Branca,Somente escola privada,1994,18,19,5763,2012.2,2013.1
900000211,00000000497,2017,SISU,2017,1,2,CANCELAMENTO P/ SOLICITACAO ALUNO,2015,2,-2,Homem,Parda,Somente escola privada,1996,21,19,6212,2017.1,2015.2
900002513,00000000498,2017,SISU,2018,2,,REGULAR,-1,0,-4039,Homem,Branca,Somente escola pública,1998,20,-1999,60154,2018.2,-1
900002351,00000000499,1999,VESTIBULAR,2006,2,,CANCELADO 3 REPROV MESMA DISCIPLINA,2013,2,15,Homem,Branca,Somente escola pública,1989,17,24,6001,2006.2,2013.2
900000293,00000000500,2017,SISU,2020,1,,CANCELADO 3 REPROV MESMA DISCIPLINA,2009,2,-20,Mulher,Branca,Somente escola privada,2000,20,9,648,2020.1,2009.2
900001936,00000000501,1999,VESTIBULAR / ENEM,2013,1,,CANCELADO NOVO INGRESSO MESMO CURSO,2013,2,2,Homem,Parda,Somente escola privada,1992,21,21,6301,2013.1,2013.2
900002240,00000000502,2017,SISU,2018,1,3,CANCELADO NOVO INGRESSO MESMO CURSO,2016,2,-2,Homem,Branca,Somente escola pública,1999,19,17,73770,2018.1,2016.2
900002157,00000000503,2017,SISU,2019,1,3,CANCELADO REPROVOU TODAS POR FALTAS,2014,1,-9,Homem,Parda,Somente escola privada,1981,38,33,6510,2019.1,2014.1
900000654,00000000504,1999,VESTIBULAR / ENEM,2012,1,,GRADUADO,2015,1,7,Homem,Branca,Somente escola pública,1995,17,20,5865,2012.1,2015.1
900001957,00000000505,2017,SISU,2016,2,5,CANCELADO 3 REPROV MESMA DISCIPLINA,2017,1,2,Homem,Parda,Somente escola pública,1998,18,19,722,2016.2,2017.1
900002393,00000000506,1999,VESTIBULAR / ENEM,2014,1,,GRADUADO,2014,1,1,Homem,Branca,Somente escola privada,1996,18,18,6306,2014.1,2014.1
900000995,00000000507,2017,SISU,2018,1,,CANCELAMENTO P/ SOLICITACAO ALUNO,2015,2,-4,Mulher,Parda,Somente escola pública,2000,18,15,6376,2018.1,2015.2
900002494,00000000508,2017,SISU,2018,2,5,CANCELAMENTO POR ABANDONO,2019,1,2,Homem,Parda,Somente escola pública,1998,20,21,65914,2018.2,2019.1
900002556,00000000509,1999,VESTIBULAR,2009,2,,GRADUADO,2020,1,22,Homem,Parda,Somente escola privada,1975,34,45,66998,2009.2,2020.1
900002066,00000000510,2017,SISU,2015,1,,CANCELADO NOVO INGRESSO MESMO CURSO,2017,2,6,Homem,Branca,Somente escola privada,1993,22,24,6549,2015.1,2017.2
900000137,00000000511,2017,SISU,2021,1,,GRADUADO,2015,2,-10,Homem,Branca,,2004,17,11,59716,2021.1,2015.2
900001488,00000000512,1999,VESTIBULAR,2010,1,,GRADUADO,2014,1,9,Homem,Parda,Somente escola privada,1992,18,22,,2010.1,2014.1
900001482,00000000513,1999,VESTIBULAR,2009,2,,CANCELADO NOVO INGRESSO MESMO CURSO,2014,2,11,Homem,Não declarada,,1991,18,23,6729,2009.2,2014.2
900002314,00000000514,1999,VESTIBULAR / ENEM,2012,2,,REGULAR,-1,0,-4027,Homem,Não declarada,,1993,19,-1994,6483,2012.2,-1
900001648,00000000515,2017,SISU,2020,2,,CANCELADO REPROVOU TODAS POR FALTAS,2017,2,-5,Homem,Branca,Somente escola privada,2000,20,17,62720,2020.2,2017.2
900002713,00000000516,2017,VESTIBULAR / ENEM,2013,1,,CANCELAMENTO P/ SOLICITACAO ALUNO,2012,2,0,Homem,Branca,Somente escola privada,1992,21,20,6896,2013.1,2012.2
900001117,00000000517,1999,SISU,2015,2,4,REGULAR,-1,0,-4033,Mulher,Parda,Somente escola pública,1995,20,-1996,7194,2015.2,-1
900000998,00000000518,2017,SISU,2015,2,,CANCELAMENTO DE MATRICULA,2018,2,7,Mulher,Parda,Somente escola privada,1996,19,22,6519,2015.2,2018.2
900000062,00000000519,1999,VESTIBULAR / ENEM,2013,1,,CANCELAMENTO P/ SOLICITACAO ALUNO,2015,1,5,Homem,Parda,Somente escola privada,1995,18,20,71029,2013.1,2015.1
900000561,00000000520,2017,SISU,2014,2,,GRADUADO,2012,2,-3,Homem,Parda,Somente escola pública,1997,17,15,63504,2014.2,2012.2
900002576,00000000521,1999,VESTIBULAR / ENEM,2011,2,,CANCELADO 3 REPROV MESMA DISCIPLINA,2020,1,18,Mulher,Branca,Somente escola privada,1994,17,26,6272,2011.2,2020.1
900000823,00000000522,2017,TRANSFERENCIA,2019,1,,CANCELADO NOVO INGRESSO MESMO CURSO,2016,2,-4,Homem,Branca,Somente escola pública,2001,18,15,7049,2019.1,2016.2
900002286,00000000523,1999,SISU,2015,1,4,REGULAR,-1,0,-4032,Homem,Não declarada,,1998,17,-1999,5758,2015.1,-1
900000314,00000000524,1999,VESTIBULAR / ENEM,2013,2,,REGULAR,-1,0,-4029,Homem,Branca,Somente escola privada,1995,18,-1996,6385,2013.2,-1
900000849,00000000525,1999,VESTIBULAR,2007,2,,CANCELADO NOVO INGRESSO MESMO CURSO,2018,2,23,Homem,Branca,Somente escola privada,1988,19,30,62099,2007.2,2018.2
900002809,00000000526,1999,SISU,2015,2,,CANCELAMENTO POR ABANDONO,2017,2,5,Homem,Não declarada,Somente escola privada,1996,19,21,61805,2015.2,2017.2
900000864,00000000527,2017,SISU,2020,1,8,REGULAR,-1,0,-4042,Homem,Parda,Somente escola pública,2001,19,-2002,71733,2020.1,-1
900001115,00000000528,1999,SISU,2015,2,,CANCELADO NOVO INGRESSO MESMO CURSO,2011,1,-8,Homem,Parda,Somente escola pública,1995,20,16,6333,2015.2,2011.1
900001315,00000000529,2017,SISU,2017,2,3,GRADUADO,2018,2,3,Homem,Não declarada,,1999,18,19,71127,2017.2,2018.2
900001888,00000000530,1999,SISU,2015,1,,REGULAR,-1,0,-4032,Homem,Parda,Somente escola pública,1987,28,-1988,5883,2015.1,-1
900002461,00000000531,2017,SISU,2019,2,,CANCELAMENTO POR ABANDONO,2014,2,-9,Homem,Branca,Somente escola privada,1995,24,19,62891,2019.2,2014.2
900001755,00000000532,1999,VESTIBULAR,2010,2,,CANCELAMENTO P/ SOLICITACAO ALUNO,2014,1,8,Homem,Branca,,1993,17,21,,2010.2,2014.1
900001674,00000000533,2017,SISU,2016,2,,REGULAR,-1,0,-4035,Homem,Preta,Somente escola pública,1997,19,-1998,6015,2016.2,-1
900001917,00000000534,1999,VESTIBULAR / ENEM,2013,1,,REGULAR,-1,0,-4028,Homem,Branca,Somente escola privada,1991,22,-1992,5977,2013.1,-1
900002655,00000000535,2017,SISU,2021,1,,REGULAR,-1,0,-4044,Homem,Não declarada,,2002,19,-2003,6297,2021.1,-1
900000820,00000000536,1999,VESTIBULAR,2009,2,,REGULAR,-1,0,-4021,Homem,Não declarada,,1989,20,-1990,63922,2009.2,-1
900001171,00000000537,2017,SISU,2017,1,,CANCELADO REPROVOU TODAS POR FALTAS,2020,1,7,Homem,Não declarada,,2000,17,20,60116,2017.1,2020.1
900001204,00000000538,2017,SISU,2019,2,,CANCELAMENTO P/ SOLICITACAO ALUNO,2011,1,-16,Mulher,Preta,Somente escola privada,2003,16,8,66809,2019.2,2011.1
900001032,00000000539,2017,SISU,2019,1,,REGULAR,-1,0,-4040,Homem,Branca,Somente escola privada,2001,18,-2002,6474,2019.1,-1
900000653,00000000540,1999,SISU,2016,2,2,CANCELADO NOVO INGRESSO MESMO CURSO,2012,1,-8,Homem,Não declarada,,1991,25,21,70199,2016.2,2012.1
900001102,00000000541,1999,VESTIBULAR / ENEM,2012,1,,REGULAR,-1,0,-4026,Homem,Amarela,Somente escola privada,1988,24,-1989,68110,2012.1,-1
900001303,00000000542,1999,VESTIBULAR,2010,1,,GRADUADO,2010,2,2,Homem,Branca,Somente escola pública,1990,20,20,6256,2010.1,2010.2
900000975,00000000543,1999,VESTIBULAR,2006,1,,CANCELADO NOVO INGRESSO OUTRO CURSO,2010,1,9,Homem,Amarela,Somente escola privada,1985,21,25,6626,2006.1,2010.1
900001295,00000000544,1999,VESTIBULAR / ENEM,2013,1,,CANCELADO 3 REPROV MESMA DISCIPLINA,2009,2,-6,Homem,Branca,,1992,21,17,6271,2013.1,2009.2
900001148,00000000545,1999,VESTIBULAR / ENEM,2013,2,,REGULAR,-1,0,-4029,Homem,Amarela,Somente escola privada,1995,18,-1996,62767,2013.2,-1
900000490,00000000546,1999,VESTIBULAR,2008,2,,GRADUADO,2018,1,20,Homem,Não declarada,Somente escola privada,1980,28,38,6271,2008.2,2018.1
900001915,00000000547,2017,SISU,2019,1,,CANCELADO NOVO INGRESSO MESMO CURSO,2017,2,-2,Homem,Parda,Somente escola pública,2002,17,15,6425,2019.1,2017.2
900001981,00000000548,1999,VESTIBULAR,2006,1,,CANCELAMENTO P/ SOLICITACAO ALUNO,2010,2,10,Mulher,Branca,Somente escola pública,1988,18,22,676,2006.1,2010.2
900001012,00000000549,1999,SISU,2016,2,2,CANCELADO REPROVOU TODAS POR FALTAS,2020,1,8,Homem,Branca,Somente escola privada,1995,21,25,6758,2016.2,2020.1
900001050,00000000550,1999,VESTIBULAR,2010,2,,CANCELADO 3 REPROV MESMA DISCIPLINA,2017,1,14,Homem,Não declarada,,1992,18,25,53629,2010.2,2017.1
900002652,00000000551,2017,SISU,2018,2,4,CANCELADO 3 REPROV MESMA DISCIPLINA,2009,2,-17,Mulher,Parda,Somente escola privada,2000,18,9,6087,2018.2,2009.2
900000731,00000000552,2017,SISU,2019,2,3,GRADUADO,2008,2,-21,Homem,Branca,,2001,18,7,5905,2019.2,2008.2
900000008,00000000553,2017,SISU,2018,1,,REGULAR,-1,0,-4038,Homem,Branca,Somente escola pública,2000,18,-2001,579,2018.1,-1
900002045,00000000554,2017,SISU,2019,1,2,CANCELADO REPROVOU TODAS POR FALTAS,2016,2,-4,Mulher,Parda,Somente escola privada,2000,19,16,6654,2019.1,2016.2
900002669,00000000555,1999,VESTIBULAR,2010,2,,REGULAR,-1,0,-4023,Mulher,Parda,Somente escola pública,1991,19,-1992,67090,2010.2,-1
900000321,00000000556,2017,SISU,2018,1,5,REGULAR,-1,0,-4038,Mulher,Não declarada,,1995,23,-1996,64685,2018.1,-1
900000694,00000000557,2017,SISU,2021,1,7,REGULAR,-1,0,-4044,Homem,Branca,Somente escola privada,1997,24,-1998,64557,2021.1,-1
900002421,00000000558,1999,VESTIBULAR,2006,1,,CANCELAMENTO POR ABANDONO,2012,2,14,Homem,Parda,Somente escola privada,1988,18,24,62893,2006.1,2012.2
900001452,00000000559,2017,SISU,2015,1,,CANCELAMENTO POR ABANDONO,2017,1,5,Homem,Branca,Somente escola privada,1998,17,19,6414,2015.1,2017.1
900000247,00000000560,2017,SISU,2018,2,,REGULAR,-1,0,-4039,Mulher,Amarela,Somente escola pública,1999,19,-2000,6260,2018.2,-1
900002583,00000000561,2017,SISU,2019,2,,CANCELADO 3 REPROV MESMA DISCIPLINA,2011,2,-15,Homem,Parda,Somente escola privada,2001,18,10,63255,2019.2,2011.2
900001574,00000000562,1999,VESTIBULAR / ENEM,2013,2,3,REGULAR,-1,0,-4029,Homem,Parda,Somente escola privada,1994,19,-1995,62686,2013.2,-1
900000576,00000000563,2017,SISU,2019,2,4,CANCELAMENTO POR ABANDONO,2019,1,0,Homem,Branca,Somente escola privada,2002,17,17,6195,2019.2,2019.1
900000005,00000000564,1999,VESTIBULAR,2009,1,,CANCELADO REPROVOU TODAS POR FALTAS,2012,2,8,Mulher,Branca,Somente escola privada,1992,17,20,6696,2009.1,2012.2
900000209,00000000565,1999,SISU,2015,2,,REGULAR,-1,0,-4033,Homem,Preta,Somente escola privada,1996,19,-1997,6452,2015.2,-1
900000775,00000000566,2017,SISU,2018,1,,CANCELAMENTO POR ABANDONO,2011,2,-12,Homem,Branca,Somente escola pública,1993,25,18,72922,2018.1,2011.2
900002704,00000000567,1999,VESTIBULAR / ENEM,2013,2,,CANCELAMENTO P/ SOLICITACAO ALUNO,2015,2,5,Homem,Branca,Somente escola privada,1995,18,20,56529,2013.2,2015.2
900000296,00000000568,2017,SISU,2016,1,,GRADUADO,2020,1,9,Homem,Parda,,1998,18,22,63161,2016.1,2020.1
900000510,00000000569,2017,SISU,2021,1,5,REGULAR,-1,0,-4044,Homem,Preta,Somente escola pública,1989,32,-1990,6194,2021.1,-1
900001671,00000000570,1999,VESTIBULAR / ENEM,2011,1,,CANCELADO 3 REPROV MESMA DISCIPLINA,2019,2,18,Homem,Não declarada,,1991,20,28,6406,2011.1,2019.2
900000886,00000000571,2017,SISU,2017,1,4,CANCELADO 3 REPROV MESMA DISCIPLINA,2013,1,-7,Mulher,Parda,Somente escola privada,1999,18,14,7226,2017.1,2013.1
900001020,00000000572,2017,SISU,2021,1,,REGULAR,-1,0,-4044,Homem,Branca,Somente escola privada,2002,19,-2003,5374,2021.1,-1
900002427,00000000573,1999,VESTIBULAR / ENEM,2012,1,,REGULAR,-1,0,-4026,Homem,Parda,Somente escola privada,1994,18,-1995,57531,2012.1,-1
900000790,00000000574,1999,VESTIBULAR,2010,1,,REGULAR,-1,0,-4022,Homem,Parda,Somente escola privada,1990,20,-1991,71963,2010.1,-1
900002668,00000000575,1999,VESTIBULAR / ENEM,2011,2,,REGULAR,-1,0,-4025,Homem,Não declarada,,1992,19,-1993,6548,2011.2,-1
900001733,00000000576,1999,VESTIBULAR / ENEM,2013,2,,GRADUADO,2017,1,8,Homem,Não declarada,,1996,17,21,5978,2013.2,2017.1
900002384,00000000577,1999,VESTIBULAR / ENEM,2012,2,,CANCELADO 3 REPROV MESMA DISCIPLINA,2020,1,16,Homem,Não declarada,,1995,17,25,73830,2012.2,2020.1
900001583,00000000578,2017,SISU,2020,1,4,REGULAR,-1,0,-4042,Homem,Não declarada,,2000,20,-2001,6335,2020.1,-1
900002206,00000000579,1999,VESTIBULAR / ENEM,2013,1,,GRADUADO,2019,2,14,Homem,Branca,,1991,22,28,63500,2013.1,2019.2
900001238,00000000580,1999,VESTIBULAR / ENEM,2012,1,,CANCELAMENTO POR ABANDONO,2017,1,11,Homem,Branca,Somente escola pública,1987,25,30,759,2012.1,2017.1
900000393,00000000581,2017,SISU,2019,1,4,CANCELADO 3 REPROV MESMA DISCIPLINA,2013,2,-10,Homem,Parda,,2002,17,11,62840,2019.1,2013.2
900000319,00000000582,2017,SISU,2018,1,4,CANCELADO 3 REPROV MESMA DISCIPLINA,2014,1,-7,Mulher,Branca,Somente escola privada,1999,19,15,,2018.1,2014.1
900002452,00000000583,1999,SISU,2015,1,,REGULAR,-1,0,-4032,Homem,Branca,Somente escola pública,1990,25,-1991,64544,2015.1,-1
900002444,00000000584,2017,SISU,2016,2,4,CANCELADO REPROVOU TODAS POR FALTAS,2018,1,4,Homem,Parda,Somente escola privada,1999,17,19,6008,2016.2,2018.1
900001256,00000000585,1999,VESTIBULAR,2009,2,,GRADUADO,2014,2,11,Homem,Parda,Somente escola privada,1989,20,25,5710,2009.2,2014.2
900001080,00000000586,2017,SISU,2016,2,5,REGULAR,-1,0,-4035,Homem,Branca,Somente escola privada,1992,24,-1993,5580,2016.2,-1
900002316,00000000587,2017,SISU,2015,2,3,CANCELADO 3 REPROV MESMA DISCIPLINA,2018,1,6,Mulher,Não declarada,,1995,20,23,5852,2015.2,2018.1
900002606,00000000588,1999,VESTIBULAR / ENEM,2012,2,,CANCELADO REPROVOU TODAS POR FALTAS,2019,2,15,Homem,Branca,Somente escola privada,1987,25,32,6193,2012.2,2019.2
900001968,00000000589,2017,SISU,2018,2,4,REGULAR,-1,0,-4039,Mulher,Parda,Somente escola pública,2001,17,-2002,658,2018.2,-1
900002144,00000000590,2017,SISU,2020,2,,CANCELAMENTO P/ MUDANCA CURSO,2013,1,-14,Homem,Branca,Somente escola pública,2002,18,11,595,2020.2,2013.1
900000811,00000000591,1999,VESTIBULAR,2007,1,,REGULAR,-1,0,-4016,Homem,Branca,,1988,19,-1989,67035,2007.1,-1
900000084,00000000592,1999,VESTIBULAR / ENEM,2013,2,,GRADUADO,2018,2,11,Homem,Parda,,1995,18,23,68739,2013.2,2018.2
900002766,00000000593,1999,SISU,2016,1,,REGULAR,-1,0,-4034,Homem,Branca,Somente escola privada,1998,18,-1999,6723,2016.1,-1
900000155,00000000594,2017,SISU,2015,2,5,CANCELAMENTO P/ SOLICITACAO ALUNO,2015,1,0,Mulher,Branca,Somente escola privada,1988,27,27,6861,2015.2,2015.1
900001078,00000000595,1999,VESTIBULAR / ENEM,2014,1,,GRADUADO,2013,1,-1,Homem,Branca,Somente escola privada,1994,20,19,5890,2014.1,2013.1
900000722,00000000596,1999,VESTIBULAR / ENEM,2014,1,2,REGULAR,-1,0,-4030,Homem,Parda,,1992,22,-1993,57906,2014.1,-1
900001310,00000000597,1999,VESTIBULAR,2009,2,,CANCELADO NOVO INGRESSO MESMO CURSO,2018,1,18,Homem,Parda,Somente escola pública,1987,22,31,7613,2009.2,2018.1
900001017,00000000598,1999,VESTIBULAR / ENEM,2012,1,,CANCELADO NOVO INGRESSO MESMO CURSO,2012,1,1,Homem,Branca,Somente escola privada,1992,20,20,6442,2012.1,2012.1
900001392,00000000599,2017,SISU,2018,2,,REGULAR,-1,0,-4039,Homem,Parda,Somente escola pública,1994,24,-1995,6437,2018.2,-1
900002495,00000000600,1999,VESTIBULAR,2008,1,,GRADUADO,2015,1,15,Homem,Parda,,1990,18,25,5810,2008.1,2015.1
900002617,00000000601,1999,VESTIBULAR,2006,1,,CANCELADO REPROVOU TODAS POR FALTAS,2011,1,11,Homem,Branca,Somente escola privada,1986,20,25,5574,2006.1,2011.1
900001268,00000000602,1999,VESTIBULAR,2009,1,,CANCELAMENTO POR ABANDONO,2019,1,21,Homem,Não declarada,Somente escola privada,1989,20,30,6186,2009.1,2019.1
900000678,00000000603,2017,SISU,2017,1,,REGULAR,-1,0,-4036,Homem,Parda,,1999,18,-2000,67396,2017.1,-1
900002297,00000000604,2017,SISU,2020,2,5,GRADUADO,2019,1,-2,Homem,Branca,Somente escola pública,1996,24,23,68262,2020.2,2019.1
900000642,00000000605,1999,VESTIBULAR,2007,1,,CANCELAMENTO POR ABANDONO,2016,2,20,Homem,Preta,,1984,23,32,6208,2007.1,2016.2
900001237,00000000606,2017,SISU,2019,1,,CANCELADO REPROVOU TODAS POR FALTAS,2018,2,0,Homem,Branca,Somente escola pública,2002,17,16,63186,2019.1,2018.2
900001274,00000000607,1999,VESTIBULAR / ENEM,2012,2,,CANCELADO NOVO INGRESSO MESMO CURSO,2014,1,4,Homem,Branca,Somente escola pública,1990,22,24,6312,2012.2,2014.1
900000323,00000000608,1999,VESTIBULAR / ENEM,2012,1,,CANCELADO 3 REPROV MESMA DISCIPLINA,2018,1,13,Mulher,Branca,,1992,20,26,5481,2012.1,2018.1
900000459,00000000609,1999,JUDICIAL,2008,2,,GRADUADO,2016,1,16,Homem,Branca,,1990,18,26,66667,2008.2,2016.1
900000292,00000000610,1999,VESTIBULAR / ENEM,2011,1,,REGULAR,-1,0,-4024,Homem,Parda,,1995,16,-1996,6709,2011.1,-1
900000755,00000000611,1999,VESTIBULAR / ENEM,2014,1,,REGULAR,-1,0,-4030,Homem,Não declarada,"Pública e privada, tendo ficado mais tempo em escola pública",1995,19,-1996,,2014.1,-1
900002358,00000000612,1999,SISU,2014,2,,CANCELADO REPROVOU TODAS POR FALTAS,2017,2,7,Homem,Parda,Somente escola privada,1993,21,24,67845,2014.2,2017.2
900002473,00000000613,1999,VESTIBULAR / ENEM,2011,2,,CANCELADO REPROVOU TODAS POR FALTAS,2015,2,9,Homem,Branca,Somente escola pública,1990,21,25,65134,2011.2,2015.2
900000394,00000000614,2017,SISU,2020,1,,REGULAR,-1,0,-4042,Homem,Branca,,1996,24,-1997,67518,2020.1,-1
900002773,00000000615,2017,SISU,2016,1,,REGULAR,-1,0,-4034,Mulher,Branca,Somente escola privada,1997,19,-1998,5921,2016.1,-1
900000621,00000000616,2017,SISU,2017,1,5,REGULAR,-1,0,-4036,Mulher,Não declarada,,1997,20,-1998,5819,2017.1,-1
900001707,00000000617,1999,VESTIBULAR,2010,1,,CANCELAMENTO POR ABANDONO,2018,2,18,Homem,Branca,Somente escola pública,1991,19,27,6114,2010.1,2018.2
900001492,00000000618,1999,VESTIBULAR,2007,1,,GRADUADO,2012,2,12,Homem,Parda,Somente escola pública,1986,21,26,67479,2007.1,2012.2
900000762,00000000619,1999,VESTIBULAR,2009,1,,GRADUADO,2010,2,4,Homem,Branca,Somente escola pública,1986,23,24,5898,2009.1,2010.2
900001193,00000000620,2017,SISU,2017,2,,CANCELADO NOVO INGRESSO MESMO CURSO,2012,2,-9,Homem,Parda,Somente escola pública,1986,31,26,6431,2017.2,2012.2
900000689,00000000621,1999,VESTIBULAR / ENEM,2014,1,,REGULAR,-1,0,-4030,Homem,Branca,Somente escola privada,1990,24,-1991,6887,2014.1,-1
900001735,00000000622,1999,SISU,2015,2,,REGULAR,-1,0,-4033,Homem,Parda,Somente escola privada,1998,17,-1999,6196,2015.2,-1
900000251,00000000623,2017,SISU,2018,1,,GRADUADO,2014,1,-7,Homem,Branca,Somente escola privada,1998,20,16,523,2018.1,2014.1
900001147,00000000624,2017,SISU,2018,2,2,CANCELADO REPROVOU TODAS POR FALTAS,2016,2,-3,Homem,Parda,Somente escola privada,1998,20,18,6426,2018.2,2016.2
900001380,00000000625,2017,SISU,2020,2,,GRADUADO,2017,1,-6,Homem,Branca,Somente escola pública,2000,20,17,,2020.2,2017.1
900002397,00000000626,1999,VESTIBULAR / ENEM,2013,1,3,GRADUADO,2020,1,15,Homem,Parda,Somente escola pública,1996,17,24,6401,2013.1,2020.1
900002567,00000000627,2017,REOPCAO,2019,2,,CANCELAMENTO POR ABANDONO,2013,1,-12,Homem,Branca,Somente escola privada,2000,19,13,62405,2019.2,2013.1
900002328,00000000628,2017,SISU,2016,2,,GRADUADO,2019,1,6,Homem,Branca,,1996,20,23,64522,2016.2,2019.1
900002469,00000000629,1999,SISU,2016,1,,REGULAR,-1,0,-4034,Homem,Branca,Somente escola privada,1996,20,-1997,69968,2016.1,-1
900001015,00000000630,1999,VESTIBULAR / ENEM,2013,1,,GRADUADO,2016,1,7,Homem,Branca,Somente escola pública,1989,24,27,6845,2013.1,2016.1
900002407,00000000631,1999,VESTIBULAR,2010,1,,REGULAR,-1,0,-4022,Homem,Parda,Somente escola privada,1984,26,-1985,5864,2010.1,-1
900001871,00000000632,2017,SISU,2015,2,,REGULAR,-1,0,-4033,Homem,Branca,Somente escola privada,1994,21,-1995,62957,2015.2,-1
900000187,00000000633,1999,VESTIBULAR,2010,2,,REGULAR,-1,0,-4023,Homem,Parda,Somente escola pública,1992,18,-1993,6044,2010.2,-1
900000333,00000000634,2017,SISU,2018,2,,REGULAR,-1,0,-4039,Homem,Parda,Somente escola pública,1997,21,-1998,5753,2018.2,-1
900000109,00000000635,1999,VESTIBULAR / ENEM,2012,1,,REGULAR,-1,0,-4026,Homem,Não declarada,Somente escola privada,1992,20,-1993,6778,2012.1,-1
900002022,00000000636,1999,VESTIBULAR,2008,2,,GRADUADO,2018,1,20,Homem,Branca,,1987,21,31,,2008.2,2018.1
900002044,00000000637,1999,VESTIBULAR,2007,2,,CANCELADO 3 REPROV MESMA DISCIPLINA,2014,1,14,Homem,Parda,Somente escola pública,1990,17,24,71958,2007.2,2014.1
900000812,00000000638,2017,SISU,2016,2,5,GRADUADO,2013,1,-6,Homem,Não declarada,,1997,19,16,,2016.2,2013.1
900002040,00000000639,1999,VESTIBULAR / ENEM,2013,1,,REGULAR,-1,0,-4028,Homem,Branca,,1987,26,-1988,65349,2013.1,-1
900001290,00000000640,2017,SISU,2020,2,,CANCELADO REPROVOU TODAS POR FALTAS,2019,2,-1,Homem,Parda,Somente escola privada,2001,19,18,6955,2020.2,2019.2
900000743,00000000641,2017,SISU,2018,2,5,CANCELAMENTO POR ABANDONO,2014,1,-8,Homem,Amarela,Somente escola privada,1997,21,17,5686,2018.2,2014.1
900002148,00000000642,2017,SISU,2017,2,5,REGULAR,-1,0,-4037,Homem,Parda,Somente escola pública,1994,23,-1995,7001,2017.2,-1
900000988,00000000643,2017,SISU,2020,2,5,REGULAR,-1,0,-4043,Homem,Branca,Somente escola pública,2003,17,-2004,69970,2020.2,-1
900002205,00000000644,1999,SISU,2017,1,,CANCELADO NOVO INGRESSO MESMO CURSO,2011,2,-10,Homem,Branca,Somente escola privada,1997,20,14,6120,2017.1,2011.2
900002500,00000000645,1999,VESTIBULAR,2009,1,,CANCELADO 3 REPROV MESMA DISCIPLINA,2010,2,4,Homem,Parda,Somente escola pública,1986,23,24,6037,2009.1,2010.2
900000021,00000000646,2017,SISU,2016,2,,REGULAR,-1,0,-4035,Homem,Branca,Somente escola privada,1990,26,-1991,7206,2016.2,-1
900002135,00000000647,1999,VESTIBULAR / ENEM,2011,2,,REGULAR,-1,0,-4025,Homem,Branca,Somente escola privada,1993,18,-1994,5423,2011.2,-1
900000927,00000000648,1999,VESTIBULAR,2010,2,,GRADUADO,2019,1,18,Homem,Branca,,1990,20,29,68706,2010.2,2019.1
900000705,00000000649,2017,SISU,2017,1,,CANCELADO REPROVOU TODAS POR FALTAS,2012,2,-8,Homem,Parda,Somente escola pública,1998,19,14,73222,2017.1,2012.2
900000835,00000000650,2017,SISU,2015,1,,REGULAR,-1,0,-4032,Mulher,Parda,Somente escola privada,1997,18,-1998,48794,2015.1,-1
900000446,00000000651,2017,SISU,2020,1,,GRADUADO,2010,2,-18,Homem,Parda,Somente escola pública,2003,17,7,64799,2020.1,2010.2
900001013,00000000652,1999,VESTIBULAR / ENEM,2011,2,,CANCELAMENTO P/ SOLICITACAO ALUNO,2012,2,3,Homem,Branca,Somente escola privada,1992,19,20,5890,2011.2,2012.2
900002460,00000000653,2017,SISU,2020,2,2,CANCELAMENTO P/ SOLICITACAO ALUNO,2016,2,-7,Homem,Não declarada,,1997,23,19,6076,2020.2,2016.2
900001370,00000000654,1999,SISU,2014,2,,CANCELAMENTO POR ABANDONO,2015,1,2,Homem,Branca,Somente escola privada,1991,23,24,76302,2014.2,2015.1
900001781,00000000655,2017,SISU,2020,1,3,CANCELADO 3 REPROV MESMA DISCIPLINA,2019,1,-1,Homem,Parda,Somente escola privada,2002,18,17,5974,2020.1,2019.1
900002039,00000000656,2017,SISU,2020,1,,CANCELADO 3 REPROV MESMA DISCIPLINA,2018,1,-3,Homem,Parda,Somente escola pública,2000,20,18,6610,2020.1,2018.1
900002484,00000000657,2017,SISU,2016,1,,CANCELADO 3 REPROV MESMA DISCIPLINA,2016,2,2,Mulher,Branca,,1995,21,21,6296,2016.1,2016.2
900002632,00000000658,1999,VESTIBULAR,2010,2,,CANCELADO REPROVOU TODAS POR FALTAS,2013,1,6,Homem,Branca,Somente escola privada,1986,24,27,66454,2010.2,2013.1
900000965,00000000659,1999,VESTIBULAR,2006,1,,GRADUADO,2017,1,23,Homem,Não declarada,,1988,18,29,544,2006.1,2017.1
900000088,00000000660,1999,VESTIBULAR / ENEM,2011,2,,GRADUADO,2012,1,2,Homem,Branca,Somente escola privada,1990,21,22,69747,2011.2,2012.1
900001665,00000000661,2017,SISU,2017,1,2,CANCELADO NOVO INGRESSO MESMO CURSO,2016,2,0,Homem,Branca,,1995,22,21,69748,2017.1,2016.2
900002433,00000000662,2017,TRANSFERENCIA,2018,1,,GRADUADO,2012,1,-11,Homem,Branca,Somente escola pública,1997,21,15,5943,2018.1,2012.1
900000350,00000000663,1999,VESTIBULAR,2010,2,,REGULAR,-1,0,-4023,Homem,Não declarada,,1992,18,-1993,6197,2010.2,-1
900001060,00000000664,1999,VESTIBULAR,2010,1,,REGULAR,-1,0,-4022,Homem,Parda,Somente escola privada,1991,19,-1992,7305,2010.1,-1
900001292,00000000665,1999,VESTIBULAR / ENEM,2013,1,,CANCELADO NOVO INGRESSO MESMO CURSO,2014,1,3,Homem,Parda,Somente escola pública,1994,19,20,5925,2013.1,2014.1
900001351,00000000666,1999,VESTIBULAR,2009,2,,CANCELADO NOVO INGRESSO MESMO CURSO,2013,2,9,Homem,Branca,Somente escola pública,1990,19,23,7527,2009.2,2013.2
900000440,00000000667,1999,VESTIBULAR,2009,1,,CANCELAMENTO POR ABANDONO,2016,2,16,Homem,Parda,Somente escola privada,1991,18,25,5596,2009.1,2016.2
900002692,00000000668,2017,SISU,2018,2,,REGULAR,-1,0,-4039,Homem,Parda,Somente escola pública,1998,20,-1999,7149,2018.2,-1
900001850,00000000669,1999,VESTIBULAR,2009,1,,CANCELADO 3 REPROV MESMA DISCIPLINA,2017,2,18,Homem,Não declarada,,1984,25,33,5934,2009.1,2017.2
900001363,00000000670,2017,SISU,2020,1,,CANCELAMENTO P/ SOLICITACAO ALUNO,2017,1,-5,Homem,Branca,Somente escola pública,1998,22,19,5602,2020.1,2017.1
900002188,00000000671,2017,SISU,2021,1,,REGULAR,-1,0,-4044,Homem,Parda,Somente escola privada,2004,17,-2005,6791,2021.1,-1
900000290,00000000672,1999,VESTIBULAR / ENEM,2011,2,,CANCELADO 3 REPROV MESMA DISCIPLINA,2014,2,7,Homem,Parda,Somente escola pública,1991,20,23,6043,2011.2,2014.2
900001776,00000000673,2017,SISU,2017,2,,REGULAR,-1,0,-4037,Homem,Branca,Somente escola privada,2000,17,-2001,6438,2017.2,-1
900001784,00000000674,2017,SISU,2021,1,4,CANCELADO 3 REPROV MESMA DISCIPLINA,2014,2,-12,Mulher,Não declarada,,2004,17,10,5278,2021.1,2014.2
900001523,00000000675,1999,SISU,2015,2,5,CANCELAMENTO POR ABANDONO,2016,1,2,Homem,Branca,Somente escola privada,1995,20,21,7492,2015.2,2016.1
900002547,00000000676,1999,VESTIBULAR,2008,2,,CANCELADO NOVO INGRESSO MESMO CURSO,2014,1,12,Mulher,Parda,Somente escola pública,1973,35,41,532,2008.2,2014.1
900000347,00000000677,1999,VESTIBULAR / ENEM,2013,2,,CANCELAMENTO POR ABANDONO,2007,2,-11,Homem,Preta,Somente escola pública,1991,22,16,6415,2013.2,2007.2
900000379,00000000678,2017,SISU,2019,1,2,REGULAR,-1,0,-4040,Homem,Parda,Somente escola privada,2002,17,-2003,71783,2019.1,-1
900002610,00000000679,2017,SISU,2016,1,3,CANCELADO NOVO INGRESSO MESMO CURSO,2012,1,-7,Homem,Não declarada,,1997,19,15,6494,2016.1,2012.1
900002449,00000000680,2017,SISU,2018,1,2,CANCELADO 3 REPROV MESMA DISCIPLINA,2013,1,-9,Homem,Branca,Somente escola privada,1999,19,14,631,2018.1,2013.1
900001490,00000000681,1999,VESTIBULAR,2010,2,,GRADUADO,2012,2,5,Homem,Branca,Somente escola privada,1990,20,22,63414,2010.2,2012.2
900000592,00000000682,2017,SISU,2020,2,3,REGULAR,-1,0,-4043,Homem,Parda,Somente escola pública,2001,19,-2002,70254,2020.2,-1
900002505,00000000683,2017,SISU,2016,2,4,CANCELAMENTO POR ABANDONO,2014,1,-4,Homem,Parda,Somente escola privada,1997,19,17,,2016.2,2014.1
900001805,00000000684,2017,SISU,2021,1,,GRADUADO,2018,2,-4,Homem,Branca,Somente escola pública,1998,23,20,5756,2021.1,2018.2
900001494,00000000685,2017,SISU,2020,1,4,CANCELADO 3 REPROV MESMA DISCIPLINA,2011,2,-16,Homem,Parda,Somente escola privada,2004,16,7,6904,2020.1,2011.2
900000698,00000000686,1999,SISU,2015,2,,CANCELADO NOVO INGRESSO OUTRO CURSO,2017,2,5,Homem,Branca,,1997,18,20,76757,2015.2,2017.2
900000423,00000000687,2017,SISU,2020,1,2,CANCELADO REPROVOU TODAS POR FALTAS,2013,2,-12,Homem,Branca,Somente escola privada,1998,22,15,68742,2020.1,2013.2
900000969,00000000688,2017,SISU,2021,1,2,GRADUADO,2019,1,-3,Mulher,Branca,Somente escola privada,2003,18,16,6578,2021.1,2019.1
900002309,00000000689,1999,VESTIBULAR / ENEM,2013,1,,CANCELAMENTO P/ SOLICITACAO ALUNO,2020,1,15,Homem,Parda,Somente escola pública,1996,17,24,5691,2013.1,2020.1
900000941,00000000690,1999,SISU,2016,1,,CANCELAMENTO P/ SOLICITACAO ALUNO,2014,2,-2,Mulher,Preta,Somente escola pública,1995,21,19,65026,2016.1,2014.2
900000059,00000000691,1999,TRANSFERENCIA,2015,2,,REGULAR,-1,0,-4033,Homem,Parda,Somente escola pública,1997,18,-1998,62649,2015.2,-1
900000837,00000000692,2017,SISU,2016,2,4,GRADUADO,2017,2,3,Homem,Não declarada,,1992,24,25,6390,2016.2,2017.2
900000004,00000000693,1999,VESTIBULAR,2007,1,,CANCELADO 3 REPROV MESMA DISCIPLINA,2014,1,15,Homem,Parda,Somente escola pública,1979,28,35,68060,2007.1,2014.1
900002762,00000000694,1999,VESTIBULAR,2008,1,,GRADUADO,2010,2,6,Homem,Branca,Somente escola pública,1987,21,23,69073,2008.1,2010.2
900000530,00000000695,2017,SISU,2017,2,2,REGULAR,-1,0,-4037,Homem,Parda,Somente escola privada,2000,17,-2001,63615,2017.2,-1
900000361,00000000696,2017,SISU,2018,1,,REGULAR,-1,0,-4038,Homem,Parda,Somente escola privada,1978,40,-1979,61868,2018.1,-1
900000037,00000000697,1999,VESTIBULAR,2010,1,,REGULAR,-1,0,-4022,Homem,Branca,Somente escola privada,1994,16,-1995,6820,2010.1,-1
900002739,00000000698,1999,VESTIBULAR,2010,2,,CANCELADO REPROVOU TODAS POR FALTAS,2017,2,15,Homem,Não declarada,,1992,18,25,6103,2010.2,2017.2
900002781,00000000699,2017,SISU,2020,1,4,REGULAR,-1,0,-4042,Homem,Parda,Somente escola pública,2002,18,-2003,5954,2020.1,-1
900000609,00000000700,1999,VESTIBULAR,2008,1,,CANCELADO REPROVOU TODAS POR FALTAS,2010,1,5,Homem,Branca,Somente escola pública,1988,20,22,590,2008.1,2010.1
900001450,00000000701,2017,SISU,2019,2,,CANCELADO 3 REPROV MESMA DISCIPLINA,2016,1,-6,Homem,Não declarada,,2001,18,15,6198,2019.2,2016.1
900000106,00000000702,1999,VESTIBULAR / ENEM,2011,2,,GRADUADO,2016,2,11,Homem,Não declarada,Somente escola privada,1992,19,24,62998,2011.2,2016.2
900000948,00000000703,2017,SISU,2016,2,,GRADUADO,2019,2,7,Mulher,Parda,Somente escola privada,1993,23,26,6207,2016.2,2019.2
900002658,00000000704,1999,VESTIBULAR / ENEM,2013,1,5,CANCELAMENTO POR ABANDONO,2010,2,-4,Homem,Parda,Somente escola pública,1997,16,13,5960,2013.1,2010.2
900000044,00000000705,1999,VESTIBULAR,2009,2,,REGULAR,-1,0,-4021,Mulher,Parda,Somente escola pública,1977,32,-1978,75148,2009.2,-1
900002436,00000000706,1999,VESTIBULAR / ENEM,2013,2,,CANCELADO REPROVOU TODAS POR FALTAS,2011,1,-4,Homem,Preta,,1996,17,15,57639,2013.2,2011.1
900001004,00000000707,1999,VESTIBULAR / ENEM,2011,1,,CANCELADO REPROVOU TODAS POR FALTAS,2013,1,5,Homem,Não declarada,,1989,22,24,60599,2011.1,2013.1
900002522,00000000708,1999,VESTIBULAR / ENEM,2011,2,,GRADUADO,2014,2,7,Homem,Parda,Somente escola pública,1993,18,21,67136,2011.2,2014.2
900001279,00000000709,1999,VESTIBULAR,2006,2,,CANCELAMENTO POR ABANDONO,2016,1,20,Mulher,Branca,Somente escola pública,1980,26,36,60151,2006.2,2016.1
900000239,00000000710,1999,VESTIBULAR,2010,2,,GRADUADO,2012,1,4,Homem,Não declarada,,1988,22,24,6143,2010.2,2012.1
900002785,00000000711,1999,VESTIBULAR / ENEM,2014,1,,REGULAR,-1,0,-4030,Homem,Branca,Somente escola privada,1989,25,-1990,5731,2014.1,-1
900000087,00000000712,2017,SISU,2017,2,,CANCELAMENTO POR ABANDONO,2018,2,3,Homem,Parda,Somente escola pública,1997,20,21,71607,2017.2,2018.2
900002245,00000000713,1999,VESTIBULAR / ENEM,2012,1,,CANCELADO NOVO INGRESSO MESMO CURSO,2014,1,5,Mulher,Branca,Somente escola pública,1993,19,21,68963,2012.1,2014.1
900000766,00000000714,2017,TRANSFERENCIA,2020,1,,CANCELADO 3 REPROV MESMA DISCIPLINA,2015,1,-9,Homem,Parda,Somente escola privada,2001,19,14,6625,2020.1,2015.1
900001531,00000000715,2017,SISU,2016,1,,GRADUADO,2018,1,5,Homem,Não declarada,,1995,21,23,6166,2016.1,2018.1
900002585,00000000716,1999,JUDICIAL,2014,2,3,CANCELADO NOVO INGRESSO MESMO CURSO,2012,2,-3,Homem,Parda,Somente escola privada,1996,18,16,60520,2014.2,2012.2
900002202,00000000717,1999,VESTIBULAR,2010,1,,CANCELADO REPROVOU TODAS POR FALTAS,2019,1,19,Homem,Branca,,1990,20,29,6362,2010.1,2019.1
900001868,00000000718,2017,SISU,2015,1,,GRADUADO,2017,2,6,Homem,Branca,"Pública e privada, tendo ficado mais tempo em escola privada",1997,18,20,659,2015.1,2017.2
900001280,00000000719,1999,VESTIBULAR / ENEM,2012,2,,CANCELADO NOVO INGRESSO MESMO CURSO,2013,1,2,Homem,Branca,Somente escola pública,1993,19,20,,2012.2,2013.1
900002803,00000000720,1999,VESTIBULAR,2006,1,,REGULAR,-1,0,-4014,Homem,Não declarada,,1982,24,-1983,5898,2006.1,-1
900000019,00000000721,1999,VESTIBULAR,2010,1,,CANCELADO REPROVOU TODAS POR FALTAS,2009,1,-1,Homem,Amarela,Somente escola privada,1991,19,18,5129,2010.1,2009.1
900001725,00000000722,2017,SISU,2016,1,,CANCELADO NOVO INGRESSO MESMO CURSO,2016,2,2,Homem,Parda,Somente escola pública,1996,20,20,6130,2016.1,2016.2
900001944,00000000723,1999,SISU,2016,1,2,REGULAR,-1,0,-4034,Homem,Parda,Somente escola pública,1994,22,-1995,63812,2016.1,-1
900000438,00000000724,2017,SISU,2019,2,,REGULAR,-1,0,-4041,Mulher,Branca,Somente escola privada,2003,16,-2004,7240,2019.2,-1
900002394,00000000725,1999,VESTIBULAR / ENEM,2012,1,,GRADUADO,2020,1,17,Homem,Parda,Somente escola pública,1991,21,29,5846,2012.1,2020.1
900001035,00000000726,1999,VESTIBULAR,2007,1,,REGULAR,-1,0,-4016,Homem,Branca,Somente escola privada,1985,22,-1986,6426,2007.1,-1
900000895,00000000727,2017,SISU,2020,2,4,GRADUADO,2017,2,-5,Homem,Branca,Somente escola pública,2001,19,16,6076,2020.2,2017.2
900001628,00000000728,2017,SISU,2015,1,4,GRADUADO,2011,2,-6,Homem,Branca,Somente escola pública,1997,18,14,6615,2015.1,2011.2
900000810,00000000729,1999,SISU,2014,2,,CANCELADO REPROVOU TODAS POR FALTAS,2017,1,6,Homem,Não declarada,,1992,22,25,66115,2014.2,2017.1
900001407,00000000730,2017,SISU,2020,1,8,CANCELADO 3 REPROV MESMA DISCIPLINA,2020,2,2,Homem,Branca,Somente escola pública,2002,18,18,6457,2020.1,2020.2
900000981,00000000731,2017,SISU,2021,1,,CANCELAMENTO P/ MUDANCA CURSO,2012,2,-16,Homem,Preta,Somente escola privada,1997,24,15,68935,2021.1,2012.2
900000105,00000000732,2017,SISU,2018,2,2,CANCELADO REPROVOU TODAS POR FALTAS,2014,2,-7,Homem,Não declarada,,2001,17,13,6590,2018.2,2014.2
900000007,00000000733,2017,SISU,2016,1,,CANCELAMENTO P/ SOLICITACAO ALUNO,2018,2,6,Mulher,Não declarada,,1996,20,22,73076,2016.1,2018.2
900001704,00000000734,2017,SISU,2017,2,,GRADUADO,2010,2,-13,Homem,Não declarada,,1998,19,12,69964,2017.2,2010.2
900001031,00000000735,2017,SISU,2017,2,,CANCELAMENTO POR ABANDONO,2011,1,-12,Homem,Branca,Somente escola privada,1999,18,12,6920,2017.2,2011.1
900001753,00000000736,1999,VESTIBULAR / ENEM,2014,1,,CANCELADO REPROVOU TODAS POR FALTAS,2012,2,-2,Homem,Parda,Somente escola pública,1988,26,24,73511,2014.1,2012.2
900001926,00000000737,2017,SISU,2016,1,4,CANCELADO 3 REPROV MESMA DISCIPLINA,2019,1,7,Homem,Não declarada,Somente escola pública,1989,27,30,7479,2016.1,2019.1
900001667,00000000738,2017,TRANSFERENCIA,2019,2,,REGULAR,-1,0,-4041,Homem,Branca,,1999,20,-2000,6837,2019.2,-1
900000479,00000000739,1999,SISU,2014,2,,CANCELADO 3 REPROV MESMA DISCIPLINA,2018,1,8,Homem,Parda,Somente escola pública,1995,19,23,6000,2014.2,2018.1
900001997,00000000740,2017,SISU,2016,1,2,REGULAR,-1,0,-4034,Homem,Branca,Somente escola pública,1997,19,-1998,68106,2016.1,-1
900000250,00000000741,1999,VESTIBULAR,2007,1,,CANCELADO 3 REPROV MESMA DISCIPLINA,2017,2,22,Mulher,Branca,Somente escola privada,1985,22,32,6342,2007.1,2017.2
900001534,00000000742,1999,SISU,2016,2,2,CANCELADO NOVO INGRESSO MESMO CURSO,2012,2,-7,Homem,Não declarada,,1994,22,18,6162,2016.2,2012.2
900000291,00000000743,1999,REOPCAO,2014,1,,GRADUADO,2010,1,-7,Mulher,Branca,,1990,24,20,5602,2014.1,2010.1
900002626,00000000744,2017,SISU,2017,1,,REGULAR,-1,0,-4036,Homem,Branca,Somente escola privada,1998,19,-1999,5385,2017.1,-1
900001666,00000000745,1999,VESTIBULAR,2009,2,,CANCELADO REPROVOU TODAS POR FALTAS,2020,1,22,Homem,Branca,Somente escola privada,1983,26,37,66371,2009.2,2020.1
900002388,00000000746,2017,SISU,2015,1,,REGULAR,-1,0,-4032,Homem,Amarela,Somente escola pública,1991,24,-1992,72103,2015.1,-1
900002734,00000000747,2017,SISU,2019,2,,CANCELADO REPROVOU TODAS POR FALTAS,2012,1,-14,Homem,Branca,Somente escola privada,1994,25,18,7651,2019.2,2012.1
900001430,00000000748,1999,VESTIBULAR / ENEM,2013,1,,CANCELADO NOVO INGRESSO MESMO CURSO,2011,2,-2,Homem,Parda,Somente escola privada,1996,17,15,6387,2013.1,2011.2
900002722,00000000749,2017,SISU,2021,1,,CANCELAMENTO POR ABANDONO,2014,1,-13,Mulher,Parda,Somente escola privada,2005,16,9,66383,2021.1,2014.1
900002289,00000000750,2017,SISU,2020,2,,REGULAR,-1,0,-4043,Homem,Parda,Somente escola pública,2001,19,-2002,6439,2020.2,-1
900002212,00000000751,2017,SISU,2020,2,3,REGULAR,-1,0,-4043,Homem,Parda,Somente escola pública,2001,19,-2002,,2020.2,-1
900000212,00000000752,1999,VESTIBULAR / ENEM,2012,2,,REGULAR,-1,0,-4027,Homem,Parda,Somente escola privada,1991,21,-1992,70538,2012.2,-1
900002502,00000000753,1999,VESTIBULAR,2009,2,,CANCELAMENTO POR ABANDONO,2007,2,-3,Mulher,Preta,Somente escola pública,1989,20,18,71212,2009.2,2007.2
900002558,00000000754,2017,SISU,2018,2,2,REGULAR,-1,0,-4039,Homem,Branca,Somente escola privada,1997,21,-1998,6159,2018.2,-1
900002674,00000000755,1999,SISU,2015,2,,REGULAR,-1,0,-4033,Homem,Não declarada,Somente escola privada,1996,19,-1997,60436,2015.2,-1
900001610,00000000756,2017,SISU,2017,1,,CANCELAMENTO P/ SOLICITACAO ALUNO,2019,1,5,Homem,Branca,Somente escola pública,1997,20,22,5816,2017.1,2019.1
900001609,00000000757,1999,SISU,2015,2,2,CANCELADO NOVO INGRESSO MESMO CURSO,2016,2,3,Homem,Branca,Somente escola privada,1995,20,21,61592,2015.2,2016.2
900001107,00000000758,1999,VESTIBULAR / ENEM,2012,2,,CANCELAMENTO POR ABANDONO,2019,2,15,Homem,Branca,Somente escola pública,1994,18,25,73041,2012.2,2019.2
900002072,00000000759,2017,SISU,2015,1,2,REGULAR,-1,0,-4032,Homem,Branca,Somente escola pública,1991,24,-1992,69112,2015.1,-1
900001114,00000000760,1999,VESTIBULAR,2010,2,,GRADUADO,2012,2,5,Homem,Parda,Somente escola privada,1992,18,20,6212,2010.2,2012.2
900001829,00000000761,2017,SISU,2018,2,,REGULAR,-1,0,-4039,Homem,Parda,Somente escola privada,1998,20,-1999,584,2018.2,-1
900001437,00000000762,2017,SISU,2020,1,2,CANCELAMENTO P/ SOLICITACAO ALUNO,2015,1,-9,Homem,Branca,Somente escola privada,1999,21,16,5908,2020.1,2015.1
900001269,00000000763,2017,SISU,2020,1,4,REGULAR,-1,0,-4042,Homem,Preta,Somente escola pública,1995,25,-1996,6841,2020.1,-1
900000346,00000000764,1999,TRANSFERENCIA,2017,1,,CANCELAMENTO POR ABANDONO,2012,2,-8,Mulher,Branca,Somente escola pública,1993,24,19,6270,2017.1,2012.2
900000528,00000000765,2017,SISU,2021,1,,REGULAR,-1,0,-4044,Homem,Parda,Somente escola privada,1997,24,-1998,70704,2021.1,-1
900000381,00000000766,2017,SISU,2016,1,5,REGULAR,-1,0,-4034,Homem,Parda,Somente escola pública,1995,21,-1996,6035,2016.1,-1
900002544,00000000767,2017,SISU,2018,1,4,CANCELADO 3 REPROV MESMA DISCIPLINA,2013,1,-9,Homem,Branca,Somente escola privada,1994,24,19,66982,2018.1,2013.1
900000522,00000000768,1999,VESTIBULAR / ENEM,2012,2,,REGULAR,-1,0,-4027,Homem,Parda,Somente escola pública,1985,27,-1986,6436,2012.2,-1
900002303,00000000769,1999,VESTIBULAR / ENEM,2013,2,,CANCELADO 3 REPROV MESMA DISCIPLINA,2017,1,8,Homem,Branca,,1987,26,30,58544,2013.2,2017.1
900001420,00000000770,1999,TRANSFERENCIA,2013,2,,REGULAR,-1,0,-4029,Homem,Parda,Somente escola privada,1994,19,-1995,5833,2013.2,-1
900001194,00000000771,1999,SISU,2016,1,2,CANCELADO NOVO INGRESSO MESMO CURSO,2014,1,-3,Homem,Não declarada,,1997,19,17,608,2016.1,2014.1
900000366,00000000772,1999,VESTIBULAR / ENEM,2012,1,,CANCELADO 3 REPROV MESMA DISCIPLINA,2015,2,8,Homem,Branca,Somente escola privada,1994,18,21,63328,2012.1,2015.2
900000631,00000000773,2017,SISU,2015,2,,GRADUADO,2013,1,-4,Homem,Branca,,1991,24,22,59244,2015.2,2013.1
900001581,00000000774,1999,SISU,2015,2,,REGULAR,-1,0,-4033,Homem,Branca,Somente escola privada,1994,21,-1995,7072,2015.2,-1
900000814,00000000775,2017,SISU,2016,2,,CANCELAMENTO P/ SOLICITACAO ALUNO,2012,2,-7,Homem,Parda,Somente escola privada,1997,19,15,5766,2016.2,2012.2
900000303,00000000776,1999,SISU,2016,2,4,REGULAR,-1,0,-4035,Homem,Não declarada,Somente escola privada,1997,19,-1998,6767,2016.2,-1
900000139,00000000777,1999,VESTIBULAR / ENEM,2012,2,,CANCELAMENTO POR ABANDONO,2007,1,-10,Homem,Parda,Somente escola pública,1993,19,14,64794,2012.2,2007.1
900002244,00000000778,1999,VESTIBULAR / ENEM,2012,2,,CANCELADO REPROVOU TODAS POR FALTAS,2011,1,-2,Homem,Branca,Somente escola pública,1993,19,18,46094,2012.2,2011.1
900000501,00000000779,2017,SISU,2018,2,5,CANCELADO REPROVOU TODAS POR FALTAS,2019,1,2,Homem,Parda,Somente escola privada,2002,16,17,6638,2018.2,2019.1
900002672,00000000780,2017,SISU,2017,1,2,GRADUADO,2018,2,4,Homem,Branca,Somente escola privada,2001,16,17,65570,2017.1,2018.2
900002620,00000000781,1999,VESTIBULAR,2009,2,,REGULAR,-1,0,-4021,Homem,Parda,Somente escola privada,1989,20,-1990,,2009.2,-1
900001332,00000000782,2017,SISU,2020,1,2,GRADUADO,2010,1,-19,Mulher,Não declarada,,2000,20,10,5624,2020.1,2010.1
900001845,00000000783,1999,SISU,2015,1,,CANCELADO NOVO INGRESSO MESMO CURSO,2013,1,-3,Homem,Não declarada,Somente escola privada,1994,21,19,65369,2015.1,2013.1
900000474,00000000784,1999,VESTIBULAR / ENEM,2012,2,,REGULAR,-1,0,-4027,Mulher,Branca,,1991,21,-1992,535,2012.2,-1
900000546,00000000785,1999,SISU,2016,2,4,REGULAR,-1,0,-4035,Homem,Branca,Somente escola privada,1997,19,-1998,7035,2016.2,-1
900001757,00000000786,1999,VESTIBULAR / ENEM,2011,1,,REGULAR,-1,0,-4024,Homem,Parda,Somente escola pública,1983,28,-1984,6794,2011.1,-1
900001562,00000000787,1999,SISU,2014,2,,CANCELADO 3 REPROV MESMA DISCIPLINA,2015,1,2,Homem,Parda,,1997,17,18,71420,2014.2,2015.1
900001076,00000000788,1999,VESTIBULAR / ENEM,2013,1,,CANCELADO NOVO INGRESSO MESMO CURSO,2016,1,7,Homem,Parda,Somente escola pública,1992,21,24,5849,2013.1,2016.1
900001924,00000000789,2017,SISU,2019,2,,REGULAR,-1,0,-4041,Homem,Não declarada,,2003,16,-2004,5822,2019.2,-1
900000725,00000000790,1999,VESTIBULAR / ENEM,2012,1,,CANCELADO 3 REPROV MESMA DISCIPLINA,2015,2,8,Homem,Preta,Somente escola privada,1993,19,22,63410,2012.1,2015.2
900001545,00000000791,1999,VESTIBULAR / ENEM,2011,1,,REGULAR,-1,0,-4024,Homem,Parda,Somente escola privada,1989,22,-1990,66116,2011.1,-1
900000306,00000000792,1999,VESTIBULAR / ENEM,2011,2,,CANCELADO NOVO INGRESSO MESMO CURSO,2015,2,9,Mulher,Parda,Somente escola privada,1989,22,26,,2011.2,2015.2
900001823,00000000793,1999,VESTIBULAR,2010,2,,CANCELADO NOVO INGRESSO MESMO CURSO,2011,2,3,Homem,Branca,Somente escola privada,1992,18,19,5877,2010.2,2011.2
900000867,00000000794,1999,VESTIBULAR / ENEM,2011,2,,CANCELADO 3 REPROV MESMA DISCIPLINA,2010,1,-2,Mulher,Branca,Somente escola privada,1993,18,17,6296,2011.2,2010.1
900001385,00000000795,1999,VESTIBULAR / ENEM,2012,1,,CANCELADO NOVO INGRESSO MESMO CURSO,2012,1,1,Homem,Branca,Somente escola privada,1993,19,19,6522,2012.1,2012.1
900000169,00000000796,2017,SISU,2019,1,2,REGULAR,-1,0,-4040,Homem,Branca,Somente escola privada,1998,21,-1999,6204,2019.1,-1
900000374,00000000797,2017,SISU,2021,1,,CANCELADO REPROVOU TODAS POR FALTAS,2012,1,-17,Homem,Parda,Somente escola pública,1993,28,19,6218,2021.1,2012.1
900002562,00000000798,2017,SISU,2020,2,2,CANCELAMENTO POR ABANDONO,2013,2,-13,Mulher,Parda,Somente escola pública,1999,21,14,67525,2020.2,2013.2
900000331,00000000799,2017,SISU,2015,2,2,CANCELAMENTO P/ SOLICITACAO ALUNO,2016,2,3,Homem,Parda,,1988,27,28,60116,2015.2,2016.2
900000741,00000000800,1999,VESTIBULAR / ENEM,2014,1,,GRADUADO,2020,1,13,Homem,Branca,Somente escola pública,1995,19,25,64989,2014.1,2020.1
900001345,00000000801,2017,SISU,2016,1,5,GRADUADO,2014,2,-2,Mulher,Branca,Somente escola privada,2000,16,14,6828,2016.1,2014.2
900001965,00000000802,2017,SISU,2021,1,2,GRADUADO,2013,1,-15,Homem,Parda,Somente escola privada,2001,20,12,6504,2021.1,2013.1
900002099,00000000803,1999,SISU,2015,1,,CANCELADO NOVO INGRESSO MESMO CURSO,2013,1,-3,Homem,Branca,Somente escola pública,1997,18,16,557,2015.1,2013.1
900002193,00000000804,1999,VESTIBULAR / ENEM,2011,2,,CANCELAMENTO P/ SOLICITACAO ALUNO,2015,2,9,Mulher,Parda,Somente escola privada,1987,24,28,5899,2011.2,2015.2
900000923,00000000805,2017,SISU,2017,2,,CANCELADO 3 REPROV MESMA DISCIPLINA,2015,1,-4,Homem,Não declarada,,1999,18,16,6346,2017.2,2015.1
900001473,00000000806,1999,VESTIBULAR / ENEM,2012,2,,CANCELAMENTO POR ABANDONO,2018,2,13,Homem,Branca,Somente escola privada,1992,20,26,,2012.2,2018.2
900002337,00000000807,2017,SISU,2020,2,,CANCELADO REPROVOU TODAS POR FALTAS,2013,1,-14,Homem,Preta,Somente escola privada,1996,24,17,69465,2020.2,2013.1
900000097,00000000808,2017,SISU,2019,1,,REGULAR,-1,0,-4040,Homem,Parda,Somente escola privada,2001,18,-2002,69171,2019.1,-1
900002063,00000000809,1999,SISU,2017,1,4,REGULAR,-1,0,-4036,Homem,Branca,Somente escola pública,1998,19,-1999,5492,2017.1,-1
900002333,00000000810,2017,SISU,2017,2,,CANCELADO NOVO INGRESSO MESMO CURSO,2012,2,-9,Mulher,Branca,Somente escola privada,1998,19,14,6488,2017.2,2012.2
900001316,00000000811,2017,SISU,2018,2,,GRADUADO,2010,2,-15,Homem,Branca,Somente escola privada,2001,17,9,6456,2018.2,2010.2
900001289,00000000812,1999,VESTIBULAR,2008,1,,REGULAR,-1,0,-4018,Homem,Parda,Somente escola privada,1989,19,-1990,6399,2008.1,-1
900001950,00000000813,1999,VESTIBULAR / ENEM,2013,2,,GRADUADO,2010,1,-6,Homem,Branca,Somente escola privada,1993,20,17,62481,2013.2,2010.1
900002784,00000000814,2017,SISU,2018,2,,CANCELAMENTO POR ABANDONO,2019,2,3,Homem,Branca,Somente escola pública,1999,19,20,61480,2018.2,2019.2
900002806,00000000815,1999,VESTIBULAR / ENEM,2012,2,,REGULAR,-1,0,-4027,Homem,Indígena,Somente escola privada,1994,18,-1995,6805,2012.2,-1
900002013,00000000816,1999,VESTIBULAR,2008,1,,GRADUADO,2019,1,23,Homem,Branca,Somente escola pública,1988,20,31,6056,2008.1,2019.1
900001967,00000000817,1999,VESTIBULAR / ENEM,2012,1,,REGULAR,-1,0,-4026,Homem,Parda,Somente escola pública,1993,19,-1994,72255,2012.1,-1
900001328,00000000818,1999,VESTIBULAR / ENEM,2011,1,,CANCELAMENTO POR ABANDONO,2020,1,19,Homem,Parda,Somente escola pública,1982,29,38,62476,2011.1,2020.1
900002139,00000000819,2017,SISU,2016,1,2,CANCELADO REPROVOU TODAS POR FALTAS,2014,1,-3,Homem,Branca,Somente escola pública,1998,18,16,74375,2016.1,2014.1
900001908,00000000820,1999,VESTIBULAR / ENEM,2012,2,,CANCELADO NOVO INGRESSO MESMO CURSO,2013,1,2,Homem,Branca,Somente escola privada,1990,22,23,,2012.2,2013.1
900001697,00000000821,1999,VESTIBULAR / ENEM,2013,2,,GRADUADO,2017,2,9,Homem,Parda,Somente escola pública,1995,18,22,6237,2013.2,2017.2
900001257,00000000822,2017,SISU,2018,2,3,CANCELADO 3 REPROV MESMA DISCIPLINA,2013,2,-9,Homem,Parda,Somente escola pública,1999,19,14,66291,2018.2,2013.2
900000054,00000000823,1999,VESTIBULAR / ENEM,2013,1,,REGULAR,-1,0,-4028,Mulher,Parda,Somente escola privada,1991,22,-1992,63772,2013.1,-1
900000171,00000000824,2017,SISU,2019,2,,REGULAR,-1,0,-4041,Homem,Parda,Somente escola pública,1999,20,-2000,69830,2019.2,-1
900001401,00000000825,1999,VESTIBULAR,2010,1,,CANCELADO NOVO INGRESSO MESMO CURSO,2015,2,12,Mulher,Parda,Somente escola pública,1993,17,22,6208,2010.1,2015.2
900000480,00000000826,1999,SISU,2014,2,,REGULAR,-1,0,-4031,Homem,Branca,Somente escola pública,1993,21,-1994,5470,2014.2,-1
900001108,00000000827,2017,SISU,2020,2,3,REGULAR,-1,0,-4043,Homem,Parda,Somente escola pública,2002,18,-2003,7501,2020.2,-1
900000858,00000000828,1999,VESTIBULAR / ENEM,2012,1,,GRADUADO,2013,2,4,Mulher,Branca,,1992,20,21,6878,2012.1,2013.2
900002051,00000000829,2017,SISU,2019,2,,CANCELADO NOVO INGRESSO OUTRO CURSO,2010,1,-18,Homem,Parda,Somente escola pública,1998,21,12,74182,2019.2,2010.1
900002725,00000000830,2017,SISU,2017,2,,CANCELAMENTO POR ABANDONO,2018,2,3,Homem,Branca,Somente escola pública,1998,19,20,54721,2017.2,2018.2
900000542,00000000831,1999,VESTIBULAR / ENEM,2012,2,,GRADUADO,2018,1,12,Homem,Não declarada,,1995,17,23,74448,2012.2,2018.1
900002183,00000000832,2017,SISU,2017,1,2,CANCELAMENTO POR ABANDONO,2017,2,2,Homem,Branca,,1998,19,19,65967,2017.1,2017.2
900001218,00000000833,1999,VESTIBULAR,2009,2,,CANCELADO 3 REPROV MESMA DISCIPLINA,2016,1,14,Homem,Não declarada,Somente escola privada,1988,21,28,68832,2009.2,2016.1
900001091,00000000834,1999,SISU,2017,2,3,CANCELADO NOVO INGRESSO MESMO CURSO,2017,2,1,Homem,Branca,Somente escola pública,1997,20,20,7373,2017.2,2017.2
900001465,00000000835,1999,VESTIBULAR,2006,1,,REGULAR,-1,0,-4014,Homem,Parda,Somente escola pública,1985,21,-1986,5559,2006.1,-1
900001887,00000000836,1999,VESTIBULAR,2008,2,,REGULAR,-1,0,-4019,Homem,Branca,Somente escola privada,1989,19,-1990,6573,2008.2,-1
900000924,00000000837,2017,SISU,2018,2,2,CANCELAMENTO POR ABANDONO,2016,2,-3,Homem,Parda,Somente escola privada,2000,18,16,70302,2018.2,2016.2
900002332,00000000838,1999,VESTIBULAR,2007,1,,GRADUADO,2015,2,18,Homem,Branca,Somente escola privada,1986,21,29,6671,2007.1,2015.2
900000915,00000000839,1999,VESTIBULAR / ENEM,2011,2,,REGULAR,-1,0,-4025,Mulher,Branca,,1992,19,-1993,73427,2011.2,-1
900001291,00000000840,2017,SISU,2016,1,,GRADUADO,2018,2,6,Homem,Parda,Somente escola pública,1997,19,21,5816,2016.1,2018.2
900001113,00000000841,2017,SISU,2020,2,5,GRADUADO,2019,1,-2,Mulher,Branca,Somente escola pública,1995,25,24,4538,2020.2,2019.1
900002024,00000000842,1999,VESTIBULAR / ENEM,2013,2,,REGULAR,-1,0,-4029,Homem,Parda,Somente escola pública,1992,21,-1993,60730,2013.2,-1
900000144,00000000843,1999,SISU,2015,2,2,GRADUADO,2011,2,-7,Homem,Preta,Somente escola pública,1995,20,16,5832,2015.2,2011.2
900001998,00000000844,1999,VESTIBULAR,2010,1,,REGULAR,-1,0,-4022,Homem,Parda,Somente escola privada,1988,22,-1989,6418,2010.1,-1
900001565,00000000845,1999,VESTIBULAR / ENEM,2011,2,,REGULAR,-1,0,-4025,Homem,Parda,Somente escola privada,1983,28,-1984,6940,2011.2,-1
900002599,00000000846,1999,GRADUADO,2015,1,,REGULAR,-1,0,-4032,Homem,Branca,Somente escola privada,1996,19,-1997,58512,2015.1,-1
900000614,00000000847,2017,SISU,2021,1,,REGULAR,-1,0,-4044,Mulher,Não declarada,,2003,18,-2004,65479,2021.1,-1
900002166,00000000848,1999,VESTIBULAR / ENEM,2011,1,,CANCELAMENTO POR ABANDONO,2016,2,12,Homem,Branca,Somente escola privada,1990,21,26,,2011.1,2016.2
900002115,00000000849,2017,SISU,2017,2,4,GRADUADO,2017,2,1,Mulher,Branca,Somente escola privada,1997,20,20,6228,2017.2,2017.2
900001153,00000000850,1999,VESTIBULAR / ENEM,2012,1,,CANCELADO NOVO INGRESSO MESMO CURSO,2012,2,2,Homem,Branca,Somente escola pública,1994,18,18,64517,2012.1,2012.2
900001646,00000000851,2017,SISU,2019,1,5,REGULAR,-1,0,-4040,Homem,Parda,Somente escola privada,1999,20,-2000,6214,2019.1,-1
900001993,00000000852,2017,SISU,2020,1,,CANCELADO REPROVOU TODAS POR FALTAS,2018,2,-2,Mulher,Branca,Somente escola pública,2000,20,18,650,2020.1,2018.2
900000944,00000000853,2017,SISU,2019,2,5,GRADUADO,2017,1,-4,Homem,Parda,Somente escola pública,2002,17,15,63379,2019.2,2017.1
900001140,00000000854,2017,SISU,2018,1,,CANCELADO 3 REPROV MESMA DISCIPLINA,2011,2,-12,Homem,Branca,Somente escola privada,1996,22,15,7055,2018.1,2011.2
900002546,00000000855,1999,VESTIBULAR,2009,1,,REGULAR,-1,0,-4020,Mulher,Não declarada,,1989,20,-1990,5832,2009.1,-1
900002103,00000000856,2017,SISU,2016,2,2,CANCELADO REPROVOU TODAS POR FALTAS,2013,1,-6,Homem,Branca,Somente escola privada,1998,18,15,708,2016.2,2013.1
900000110,00000000857,2017,SISU,2017,2,,REGULAR,-1,0,-4037,Homem,Branca,Somente escola pública,1990,27,-1991,68752,2017.2,-1
900002598,00000000858,2017,SISU,2020,2,3,CANCELADO NOVO INGRESSO MESMO CURSO,2015,1,-10,Homem,Parda,Somente escola privada,2000,20,15,6388,2020.2,2015.1
900002172,00000000859,2017,SISU,2019,2,4,CANCELAMENTO POR ABANDONO,2012,2,-13,Homem,Parda,Somente escola privada,2002,17,10,534,2019.2,2012.2
900002465,00000000860,1999,VESTIBULAR / ENEM,2014,1,,REGULAR,-1,0,-4030,Mulher,Não declarada,,1993,21,-1994,73553,2014.1,-1
900001477,00000000861,2017,SISU,2020,1,4,CANCELADO NOVO INGRESSO MESMO CURSO,2011,2,-16,Homem,Branca,Somente escola pública,2000,20,11,58502,2020.1,2011.2
900001350,00000000862,1999,JUDICIAL,2006,2,,GRADUADO,2018,2,25,Homem,Parda,Somente escola pública,1982,24,36,68585,2006.2,2018.2
900000415,00000000863,1999,VESTIBULAR / ENEM,2012,1,,CANCELAMENTO POR ABANDONO,2018,1,13,Homem,Não declarada,,1994,18,24,5878,2012.1,2018.1
900000661,00000000864,1999,VESTIBULAR / ENEM,2012,1,,GRADUADO,2020,1,17,Mulher,Branca,Somente escola privada,1994,18,26,581,2012.1,2020.1
900000434,00000000865,1999,VESTIBULAR / ENEM,2012,2,,REGULAR,-1,0,-4027,Homem,Branca,Somente escola privada,1994,18,-1995,6307,2012.2,-1
900000307,00000000866,1999,VESTIBULAR / ENEM,2011,2,,CANCELAMENTO P/ SOLICITACAO ALUNO,2012,2,3,Homem,Branca,Somente escola privada,1992,19,20,71314,2011.2,2012.2
900001874,00000000867,1999,VESTIBULAR,2009,1,,CANCELADO 3 REPROV MESMA DISCIPLINA,2012,1,7,Homem,Amarela,,1992,17,20,79033,2009.1,2012.1
900000898,00000000868,1999,VESTIBULAR / ENEM,2014,1,3,REGULAR,-1,0,-4030,Homem,Branca,Somente escola privada,1995,19,-1996,56575,2014.1,-1
900001184,00000000869,1999,VESTIBULAR / ENEM,2013,1,,REGULAR,-1,0,-4028,Homem,Não declarada,,1987,26,-1988,,2013.1,-1
900002061,00000000870,1999,VESTIBULAR / ENEM,2011,2,,CANCELADO 3 REPROV MESMA DISCIPLINA,2010,2,-1,Mulher,Não declarada,,1993,18,17,610,2011.2,2010.2
900001976,00000000871,1999,VESTIBULAR / ENEM,2012,1,,CANCELAMENTO POR ABANDONO,2015,2,8,Homem,Parda,Somente escola pública,1978,34,37,62362,2012.1,2015.2
900001105,00000000872,2017,VESTIBULAR / ENEM,2014,1,,CANCELADO 3 REPROV MESMA DISCIPLINA,2017,1,7,Homem,Branca,Somente escola pública,1993,21,24,703,2014.1,2017.1
900002046,00000000873,2017,SISU,2019,1,,REGULAR,-1,0,-4040,Mulher,Branca,Somente escola privada,1999,20,-2000,64550,2019.1,-1
900002467,00000000874,2017,SISU,2018,1,,CANCELADO 3 REPROV MESMA DISCIPLINA,2019,2,4,Homem,Parda,Somente escola pública,1990,28,29,57812,2018.1,2019.2
900002243,00000000875,1999,VESTIBULAR / ENEM,2011,2,,GRADUADO,2016,1,10,Homem,Parda,Somente escola privada,1989,22,27,5715,2011.2,2016.1
900001880,00000000876,1999,VESTIBULAR / ENEM,2014,1,3,CANCELAMENTO P/ SOLICITACAO ALUNO,2016,2,6,Mulher,Branca,Somente escola privada,1986,28,30,68544,2014.1,2016.2
900001745,00000000877,2017,SISU,2015,2,,REGULAR,-1,0,-4033,Homem,Não declarada,,1998,17,-1999,6516,2015.2,-1
900000701,00000000878,1999,VESTIBULAR,2008,2,,REGULAR,-1,0,-4019,Homem,Preta,Somente escola privada,1987,21,-1988,64413,2008.2,-1
900001741,00000000879,2017,SISU,2016,2,2,GRADUADO,2020,1,8,Homem,Parda,Somente escola pública,1996,20,24,59668,2016.2,2020.1
900001120,00000000880,1999,SISU,2015,1,3,CANCELADO NOVO INGRESSO OUTRO CURSO,2014,1,-1,Homem,Parda,Somente escola privada,1996,19,18,72747,2015.1,2014.1
900002712,00000000881,2017,SISU,2015,2,,CANCELADO 3 REPROV MESMA DISCIPLINA,2011,2,-7,Homem,Parda,Somente escola privada,1994,21,17,67100,2015.2,2011.2
900000232,00000000882,2017,SISU,2019,2,2,CANCELADO 3 REPROV MESMA DISCIPLINA,2014,1,-10,Homem,Não declarada,,2002,17,12,5932,2019.2,2014.1
900001106,00000000883,1999,VESTIBULAR / ENEM,2012,2,,GRADUADO,2018,1,12,Homem,Parda,Somente escola privada,1990,22,28,59544,2012.2,2018.1
900001262,00000000884,2017,SISU,2015,1,,CANCELADO REPROVOU TODAS POR FALTAS,2015,1,1,Homem,Branca,Somente escola privada,1997,18,18,62698,2015.1,2015.1
900002300,00000000885,1999,VESTIBULAR,2010,1,,CANCELAMENTO POR ABANDONO,2016,1,13,Homem,Branca,Somente escola privada,1992,18,24,7062,2010.1,2016.1
900002681,00000000886,1999,SISU,2014,2,,REGULAR,-1,0,-4031,Homem,Não declarada,,1995,19,-1996,5906,2014.2,-1
900000058,00000000887,1999,SISU,2014,2,,GRADUADO,2015,1,2,Mulher,Parda,Somente escola privada,1995,19,20,65682,2014.2,2015.1
900001188,00000000888,2017,SISU,2019,2,2,REGULAR,-1,0,-4041,Homem,Preta,Somente escola pública,1994,25,-1995,,2019.2,-1
900000376,00000000889,2017,SISU,2017,1,,CANCELAMENTO POR ABANDONO,2006,2,-20,Homem,Parda,Somente escola pública,1997,20,9,6212,2017.1,2006.2
900002665,00000000890,1999,SISU,2014,2,,CANCELAMENTO POR ABANDONO,2014,2,1,Homem,Branca,Somente escola pública,1995,19,19,62497,2014.2,2014.2
900000800,00000000891,2017,SISU,2018,1,,REGULAR,-1,0,-4038,Mulher,Parda,Somente escola pública,1999,19,-2000,6654,2018.1,-1
900000138,00000000892,2017,SISU,2015,2,4,GRADUADO,2019,1,8,Mulher,Branca,Somente escola privada,1991,24,28,65238,2015.2,2019.1
900000430,00000000893,2017,SISU,2017,2,,REGULAR,-1,0,-4037,Homem,Branca,Somente escola pública,1996,21,-1997,60833,2017.2,-1
900002532,00000000894,1999,VESTIBULAR / ENEM,2013,1,,GRADUADO,2013,1,1,Mulher,Não declarada,Somente escola privada,1995,18,18,6839,2013.1,2013.1
900000231,00000000895,2017,SISU,2016,2,,CANCELADO 3 REPROV MESMA DISCIPLINA,2014,2,-3,Homem,Não declarada,,1991,25,23,6095,2016.2,2014.2
900000971,00000000896,1999,VESTIBULAR,2006,1,,CANCELAMENTO POR ABANDONO,2011,2,12,Homem,Branca,Somente escola privada,1987,19,24,66661,2006.1,2011.2
900002153,00000000897,2017,SISU,2018,2,3,CANCELADO 3 REPROV MESMA DISCIPLINA,2012,1,-12,Homem,Parda,Somente escola privada,2001,17,11,71352,2018.2,2012.1
900000644,00000000898,2017,SISU,2018,1,5,CANCELAMENTO P/ SOLICITACAO ALUNO,2018,2,2,Homem,Branca,Somente escola privada,2001,17,17,6217,2018.1,2018.2
900002477,00000000899,1999,VESTIBULAR,2007,2,,CANCELAMENTO POR ABANDONO,2014,2,15,Homem,Parda,Somente escola pública,1989,18,25,6022,2007.2,2014.2
900001497,00000000900,1999,VESTIBULAR / ENEM,2013,2,,CANCELADO NOVO INGRESSO MESMO CURSO,2015,1,4,Homem,Parda,Somente escola pública,1989,24,26,68395,2013.2,2015.1
900000964,00000000901,1999,SISU,2016,2,5,CANCELADO NOVO INGRESSO MESMO CURSO,2013,1,-6,Homem,Branca,Somente escola privada,1984,32,29,6939,2016.2,2013.1
900001221,00000000902,1999,VESTIBULAR,2009,2,,REGULAR,-1,0,-4021,Homem,Branca,Somente escola privada,1990,19,-1991,57884,2009.2,-1
900000538,00000000903,1999,VESTIBULAR / ENEM,2012,1,,GRADUADO,2019,1,15,Homem,Parda,Somente escola pública,1992,20,27,6090,2012.1,2019.1
900002536,00000000904,1999,JUDICIAL,2006,1,,CANCELADO NOVO INGRESSO MESMO CURSO,2016,1,21,Homem,Parda,Somente escola pública,1989,17,27,64650,2006.1,2016.1
900001892,00000000905,1999,SISU,2015,1,2,REGULAR,-1,0,-4032,Homem,Branca,Somente escola privada,1998,17,-1999,668,2015.1,-1
900000746,00000000906,1999,VESTIBULAR / ENEM,2013,2,,GRADUADO,2013,1,0,Homem,Parda,Somente escola pública,1988,25,25,6609,2013.2,2013.1
900002557,00000000907,1999,VESTIBULAR / ENEM,2011,2,,REGULAR,-1,0,-4025,Homem,Branca,,1987,24,-1988,5779,2011.2,-1
900002042,00000000908,1999,VESTIBULAR,2007,1,,GRADUADO,2020,1,27,Homem,Branca,Somente escola privada,1991,16,29,6902,2007.1,2020.1
900000174,00000000909,1999,VESTIBULAR / ENEM,2011,1,,GRADUADO,2019,1,17,Homem,Parda,Somente escola privada,1983,28,36,6778,2011.1,2019.1
900000734,00000000910,2017,SISU,2018,2,,CANCELADO REPROVOU TODAS POR FALTAS,2016,2,-3,Homem,Branca,Somente escola pública,1999,19,17,63883,2018.2,2016.2
900002323,00000000911,1999,VESTIBULAR / ENEM,2013,1,,CANCELAMENTO POR ABANDONO,2013,2,2,Homem,Não declarada,,1992,21,21,65685,2013.1,2013.2
900001811,00000000912,2017,SISU,2015,1,5,CANCELAMENTO POR ABANDONO,2015,2,2,Homem,Não declarada,,1996,19,19,6328,2015.1,2015.2
900002293,00000000913,1999,SISU,2016,2,,GRADUADO,2013,1,-6,Homem,Branca,Somente escola privada,1990,26,23,6109,2016.2,2013.1
900001026,00000000914,2017,SISU,2019,2,3,CANCELADO 3 REPROV MESMA DISCIPLINA,2019,2,1,Homem,Branca,Somente escola pública,2001,18,18,66795,2019.2,2019.2
900000336,00000000915,1999,SISU,2015,2,,CANCELADO 3 REPROV MESMA DISCIPLINA,2020,1,10,Homem,Parda,Somente escola pública,1995,20,25,68091,2015.2,2020.1
900001984,00000000916,2017,SISU,2020,2,,GRADUADO,2019,1,-2,Homem,Parda,Somente escola privada,2001,19,18,6189,2020.2,2019.1
900001606,00000000917,1999,SISU,2016,2,,GRADUADO,2016,1,0,Mulher,Parda,,1996,20,20,5964,2016.2,2016.1
900001616,00000000918,1999,VESTIBULAR / ENEM,2012,2,,CANCELAMENTO POR ABANDONO,2015,2,7,Homem,Branca,Somente escola privada,1987,25,28,5464,2012.2,2015.2
900002533,00000000919,1999,VESTIBULAR / ENEM,2012,1,,GRADUADO,2012,1,1,Homem,Branca,Somente escola privada,1984,28,28,69752,2012.1,2012.1
900001812,00000000920,1999,TRANSFERENCIA,2009,1,,REGULAR,-1,0,-4020,Homem,Parda,Somente escola pública,1990,19,-1991,779,2009.1,-1
900001248,00000000921,1999,VESTIBULAR / ENEM,2013,1,,CANCELADO NOVO INGRESSO MESMO CURSO,2012,2,0,Mulher,Branca,Somente escola privada,1995,18,17,6832,2013.1,2012.2
900000854,00000000922,1999,SISU,2017,1,,REGULAR,-1,0,-4036,Homem,Branca,Somente escola privada,1999,18,-2000,5917,2017.1,-1
900000723,00000000923,2017,SISU,2019,2,,REGULAR,-1,0,-4041,Homem,Branca,Somente escola privada,1996,23,-1997,64633,2019.2,-1
900000486,00000000924,2017,SISU,2021,1,,REGULAR,-1,0,-4044,Homem,Branca,Somente escola pública,2001,20,-2002,525,2021.1,-1
900000264,00000000925,1999,VESTIBULAR / ENEM,2011,2,,GRADUADO,2017,2,13,Homem,Branca,Somente escola privada,1991,20,26,6940,2011.2,2017.2
900002790,00000000926,1999,VESTIBULAR / ENEM,2013,2,,CANCELADO NOVO INGRESSO MESMO CURSO,2012,2,-1,Homem,Branca,Somente escola privada,1994,19,18,63013,2013.2,2012.2
900001453,00000000927,1999,VESTIBULAR / ENEM,2011,1,,REGULAR,-1,0,-4024,Homem,Parda,Somente escola privada,1993,18,-1994,6040,2011.1,-1
900000727,00000000928,2017,SISU,2019,2,,REGULAR,-1,0,-4041,Homem,Branca,Somente escola privada,1993,26,-1994,64095,2019.2,-1
900000186,00000000929,2017,SISU,2019,1,3,REGULAR,-1,0,-4040,Homem,Branca,Somente escola privada,2000,19,-2001,69146,2019.1,-1
900000131,00000000930,2017,SISU,2016,1,3,CANCELAMENTO P/ SOLICITACAO ALUNO,2012,1,-7,Mulher,Parda,Somente escola privada,1997,19,15,6587,2016.1,2012.1
900001514,00000000931,1999,VESTIBULAR / ENEM,2013,1,,REGULAR,-1,0,-4028,Homem,Branca,Somente escola privada,1997,16,-1998,6039,2013.1,-1
900001155,00000000932,2017,SISU,2018,1,2,CANCELAMENTO P/ SOLICITACAO ALUNO,2019,1,3,Homem,Branca,,2000,18,19,5981,2018.1,2019.1
900001038,00000000933,1999,VESTIBULAR,2007,1,,REGULAR,-1,0,-4016,Homem,Branca,Somente escola privada,1990,17,-1991,,2007.1,-1
900000518,00000000934,1999,VESTIBULAR,2006,1,,CANCELADO NOVO INGRESSO OUTRO CURSO,2014,1,17,Homem,Parda,Somente escola privada,1988,18,26,6345,2006.1,2014.1
900000242,00000000935,2017,SISU,2017,2,5,GRADUADO,2014,2,-5,Homem,Branca,Somente escola privada,2000,17,14,576,2017.2,2014.2
900000383,00000000936,1999,VESTIBULAR / ENEM,2011,2,,CANCELAMENTO POR ABANDONO,2014,1,6,Homem,Parda,Somente escola pública,1984,27,30,6597,2011.2,2014.1
900001737,00000000937,1999,VESTIBULAR / ENEM,2014,1,,CANCELADO NOVO INGRESSO MESMO CURSO,2012,1,-3,Homem,Branca,Somente escola privada,1996,18,16,6120,2014.1,2012.1
900000742,00000000938,1999,SISU,2016,2,,REGULAR,-1,0,-4035,Homem,Não declarada,,1999,17,-2000,67558,2016.2,-1
900001947,00000000939,2017,SISU,2020,1,3,REGULAR,-1,0,-4042,Mulher,Branca,Somente escola privada,2002,18,-2003,6799,2020.1,-1
900002346,00000000940,1999,VESTIBULAR / ENEM,2014,1,,REGULAR,-1,0,-4030,Mulher,Branca,Somente escola pública,1992,22,-1993,5658,2014.1,-1
900001762,00000000941,1999,SISU,2015,1,4,CANCELADO NOVO INGRESSO MESMO CURSO,2015,2,2,Homem,Branca,Somente escola privada,1995,20,20,65271,2015.1,2015.2
900002324,00000000942,1999,VESTIBULAR / ENEM,2013,2,,CANCELADO 3 REPROV MESMA DISCIPLINA,2016,2,7,Homem,Não declarada,,1997,16,19,62601,2013.2,2016.2
900000798,00000000943,2017,SISU,2016,2,,CANCELADO NOVO INGRESSO MESMO CURSO,2017,2,3,Homem,Parda,Somente escola privada,1999,17,18,,2016.2,2017.2
900002306,00000000944,1999,SISU,2014,2,,CANCELADO NOVO INGRESSO MESMO CURSO,2010,1,-8,Homem,Branca,Somente escola privada,1995,19,15,68104,2014.2,2010.1
900000151,00000000945,1999,VESTIBULAR / ENEM,2011,1,,GRADUADO,2019,1,17,Homem,Não declarada,Somente escola privada,1986,25,33,6527,2011.1,2019.1
900001655,00000000946,1999,VESTIBULAR / ENEM,2013,1,,REGULAR,-1,0,-4028,Homem,Não declarada,,1990,23,-1991,67818,2013.1,-1
900002077,00000000947,2017,SISU,2021,1,,GRADUADO,2012,2,-16,Homem,Branca,Somente escola pública,2004,17,8,7352,2021.1,2012.2
900002236,00000000948,1999,VESTIBULAR / ENEM,2013,1,,REGULAR,-1,0,-4028,Mulher,Parda,Somente escola pública,1994,19,-1995,6790,2013.1,-1
900000715,00000000949,1999,SISU,2015,2,4,REGULAR,-1,0,-4033,Mulher,Parda,Somente escola pública,1994,21,-1995,5461,2015.2,-1
900000115,00000000950,1999,VESTIBULAR,2010,1,,REGULAR,-1,0,-4022,Mulher,Parda,Somente escola pública,1991,19,-1992,6286,2010.1,-1
900002529,00000000951,2017,VESTIBULAR / ENEM,2013,1,,CANCELADO 3 REPROV MESMA DISCIPLINA,2015,1,5,Homem,Parda,Somente escola pública,1996,17,19,5344,2013.1,2015.1
900002729,00000000952,1999,VESTIBULAR / ENEM,2012,2,,REGULAR,-1,0,-4027,Homem,Parda,Somente escola pública,1992,20,-1993,6920,2012.2,-1
900000939,00000000953,1999,SISU,2015,1,,CANCELAMENTO POR ABANDONO,2015,2,2,Homem,Parda,Somente escola privada,1996,19,19,63975,2015.1,2015.2
900000050,00000000954,1999,VESTIBULAR / ENEM,2011,2,,GRADUADO,2013,1,4,Homem,Parda,Somente escola privada,1994,17,19,6198,2011.2,2013.1
900000579,00000000955,2017,SISU,2018,2,2,CANCELAMENTO POR ABANDONO,2016,2,-3,Homem,Amarela,,2000,18,16,7087,2018.2,2016.2
900002119,00000000956,2017,SISU,2015,2,4,CANCELADO REPROVOU TODAS POR FALTAS,2015,2,1,Homem,Branca,Somente escola privada,1995,20,20,6018,2015.2,2015.2
900002714,00000000957,1999,VESTIBULAR / ENEM,2011,2,,GRADUADO,2020,1,18,Homem,Branca,Somente escola privada,1993,18,27,61913,2011.2,2020.1
900001210,00000000958,1999,VESTIBULAR / ENEM,2013,1,,GRADUADO,2015,1,5,Homem,Não declarada,,1994,19,21,6706,2013.1,2015.1
900001929,00000000959,2017,SISU,2018,1,4,REGULAR,-1,0,-4038,Mulher,Branca,Somente escola privada,1985,33,-1986,6642,2018.1,-1
900000262,00000000960,1999,VESTIBULAR,2010,1,,REGULAR,-1,0,-4022,Homem,Parda,,1988,22,-1989,6038,2010.1,-1
900002146,00000000961,1999,VESTIBULAR / ENEM,2011,1,,CANCELAMENTO P/ SOLICITACAO ALUNO,2007,2,-6,Homem,Parda,Somente escola pública,1990,21,17,57360,2011.1,2007.2
900002242,00000000962,1999,VESTIBULAR / ENEM,2013,2,,CANCELADO REPROVOU TODAS POR FALTAS,2012,2,-1,Homem,Não declarada,Somente escola privada,1995,18,17,6105,2013.2,2012.2
900002395,00000000963,2017,SISU,2018,1,,CANCELADO NOVO INGRESSO MESMO CURSO,2011,1,-13,Mulher,Branca,,2001,17,10,6118,2018.1,2011.1
900001629,00000000964,2017,SISU,2017,1,,GRADUADO,2017,1,1,Homem,Não declarada,,1998,19,19,6737,2017.1,2017.1
900000045,00000000965,1999,VESTIBULAR / ENEM,2013,1,,GRADUADO,2020,1,15,Homem,Branca,Somente escola privada,1993,20,27,68222,2013.1,2020.1
900001006,00000000966,1999,VESTIBULAR / ENEM,2011,2,,CANCELADO 3 REPROV MESMA DISCIPLINA,2015,1,8,Homem,Não declarada,,1994,17,21,6691,2011.2,2015.1
900002260,00000000967,1999,VESTIBULAR / ENEM,2014,1,,CANCELADO NOVO INGRESSO MESMO CURSO,2013,1,-1,Homem,Branca,Somente escola pública,1990,24,23,72467,2014.1,2013.1
900000999,00000000968,1999,VESTIBULAR / ENEM,2014,1,,CANCELADO NOVO INGRESSO MESMO CURSO,2015,1,3,Homem,Preta,Somente escola privada,1997,17,18,5900,2014.1,2015.1
900000011,00000000969,2017,SISU,2016,1,,REGULAR,-1,0,-4034,Mulher,Branca,Somente escola pública,1998,18,-1999,60679,2016.1,-1
900001463,00000000970,2017,SISU,2017,1,,CANCELADO NOVO INGRESSO MESMO CURSO,2015,1,-3,Homem,Branca,"Pública e privada, tendo ficado mais tempo em escola pública",1999,18,16,68771,2017.1,2015.1
900001600,00000000971,2017,SISU,2017,2,9,REGULAR,-1,0,-4037,Homem,Branca,Somente escola pública,1997,20,-1998,76962,2017.2,-1
900002318,00000000972,2017,SISU,2016,1,,CANCELAMENTO POR ABANDONO,2017,1,3,Homem,Branca,Somente escola privada,1990,26,27,73971,2016.1,2017.1
900001833,00000000973,2017,SISU,2016,2,2,CANCELADO REPROVOU TODAS POR FALTAS,2020,1,8,Homem,Não declarada,,1996,20,24,6863,2016.2,2020.1
900002512,00000000974,1999,SISU,2015,2,2,CANCELAMENTO POR ABANDONO,2012,2,-5,Mulher,Parda,Somente escola privada,1997,18,15,5954,2015.2,2012.2
900002216,00000000975,2017,SISU,2020,2,5,CANCELADO REPROVOU TODAS POR FALTAS,2019,2,-1,Homem,Parda,,1982,38,37,67566,2020.2,2019.2
900000683,00000000976,2017,SISU,2020,1,3,REGULAR,-1,0,-4042,Homem,Não declarada,,1998,22,-1999,6080,2020.1,-1
900001622,00000000977,2017,SISU,2021,1,,GRADUADO,2020,1,-1,Mulher,Não declarada,,2003,18,17,6410,2021.1,2020.1
900000830,00000000978,1999,VESTIBULAR,2010,1,,CANCELADO 3 REPROV MESMA DISCIPLINA,2016,2,14,Homem,Parda,,1991,19,25,0,2010.1,2016.2
900000399,00000000979,1999,SISU,2015,2,4,CANCELAMENTO P/ SOLICITACAO ALUNO,2012,1,-6,Homem,Parda,,1995,20,17,65798,2015.2,2012.1
900002366,00000000980,1999,SISU,2016,1,,CANCELADO NOVO INGRESSO MESMO CURSO,2013,1,-5,Homem,Branca,Somente escola privada,1995,21,18,58809,2016.1,2013.1
900002476,00000000981,1999,VESTIBULAR,2009,2,,GRADUADO,2016,1,14,Homem,Branca,Somente escola privada,1991,18,25,5283,2009.2,2016.1
900001036,00000000982,1999,VESTIBULAR,2007,1,,CANCELADO REPROVOU TODAS POR FALTAS,2011,2,10,Homem,Não declarada,,1979,28,32,61713,2007.1,2011.2
900000310,00000000983,1999,VESTIBULAR,2008,2,,CANCELADO 3 REPROV MESMA DISCIPLINA,2016,1,16,Mulher,Parda,Somente escola privada,1990,18,26,7022,2008.2,2016.1
900002549,00000000984,1999,VESTIBULAR / ENEM,2011,1,,GRADUADO,2017,1,13,Homem,Branca,Somente escola privada,1992,19,25,6614,2011.1,2017.1
900002076,00000000985,1999,VESTIBULAR,2006,1,,CANCELAMENTO P/ SOLICITACAO ALUNO,2017,1,23,Homem,Branca,Somente escola pública,1986,20,31,6252,2006.1,2017.1
900000748,00000000986,1999,VESTIBULAR,2010,2,,CANCELAMENTO P/ SOLICITACAO ALUNO,2017,2,15,Homem,Não declarada,,1989,21,28,6831,2010.2,2017.2
900001096,00000000987,2017,SISU,2017,1,,CANCELADO REPROVOU TODAS POR FALTAS,2019,2,6,Homem,Branca,Somente escola privada,2000,17,19,,2017.1,2019.2
900001688,00000000988,1999,VESTIBULAR / ENEM,2013,1,,CANCELAMENTO P/ SOLICITACAO ALUNO,2015,1,5,Mulher,Branca,Somente escola pública,1995,18,20,61688,2013.1,2015.1
900000524,00000000989,1999,VESTIBULAR / ENEM,2011,1,,CANCELADO REPROVOU TODAS POR FALTAS,2008,2,-4,Homem,Branca,Somente escola pública,1986,25,22,65710,2011.1,2008.2
900002169,00000000990,2017,SISU,2017,1,,CANCELADO NOVO INGRESSO OUTRO CURSO,2011,2,-10,Homem,Parda,Somente escola privada,1999,18,12,6700,2017.1,2011.2
900000613,00000000991,1999,VESTIBULAR / ENEM,2012,2,,GRADUADO,2017,2,11,Homem,Branca,,1994,18,23,5384,2012.2,2017.2
900001859,00000000992,2017,SISU,2018,1,3,REGULAR,-1,0,-4038,Mulher,Branca,Somente escola privada,1998,20,-1999,6564,2018.1,-1
900002507,00000000993,1999,VESTIBULAR,2009,2,,CANCELADO REPROVOU TODAS POR FALTAS,2017,1,16,Homem,Parda,Somente escola pública,1989,20,28,6145,2009.2,2017.1
900000905,00000000994,1999,VESTIBULAR,2010,2,,REGULAR,-1,0,-4023,Homem,Branca,Somente escola privada,1994,16,-1995,6420,2010.2,-1
900001848,00000000995,2017,SISU,2018,2,4,REGULAR,-1,0,-4039,Homem,Parda,Somente escola pública,1998,20,-1999,6377,2018.2,-1
900000108,00000000996,1999,VESTIBULAR,2009,2,,REGULAR,-1,0,-4021,Homem,Parda,Somente escola pública,1988,21,-1989,595,2009.2,-1
900002753,00000000997,2017,SISU,2019,1,,CANCELADO 3 REPROV MESMA DISCIPLINA,2018,1,-1,Homem,Branca,Somente escola privada,2001,18,17,5801,2019.1,2018.1
900002165,00000000998,2017,SISU,2016,2,3,CANCELADO REPROVOU TODAS POR FALTAS,2014,1,-4,Homem,Branca,Somente escola privada,1999,17,15,,2016.2,2014.1
900002080,00000000999,2017,SISU,2021,1,2,CANCELAMENTO POR ABANDONO,2018,2,-4,Mulher,Amarela,Somente escola privada,2003,18,15,6644,2021.1,2018.2
900002223,00000001000,2017,SISU,2018,2,4,REGULAR,-1,0,-4039,Homem,Parda,Somente escola privada,1997,21,-1998,5881,2018.2,-1
900001519,00000001001,2017,SISU,2020,1,,CANCELADO 3 REPROV MESMA DISCIPLINA,2016,1,-7,Homem,Parda,Somente escola privada,1998,22,18,63952,2020.1,2016.1
900000578,00000001002,1999,VESTIBULAR / ENEM,2013,2,,REGULAR,-1,0,-4029,Homem,Branca,"Pública e privada, tendo ficado mais tempo em escola privada",1991,22,-1992,65679,2013.2,-1
900002049,00000001003,1999,VESTIBULAR / ENEM,2012,2,,REGULAR,-1,0,-4027,Homem,Não declarada,,1994,18,-1995,,2012.2,-1
900002015,00000001004,2017,SISU,2015,1,2,CANCELADO REPROVOU TODAS POR FALTAS,2012,2,-4,Homem,Branca,Somente escola privada,1995,20,17,,2015.1,2012.2
900000071,00000001005,2017,SISU,2021,1,2,CANCELADO NOVO INGRESSO MESMO CURSO,2011,2,-18,Homem,Parda,,2001,20,10,6127,2021.1,2011.2
900001844,00000001006,1999,SISU,2016,2,,REGULAR,-1,0,-4035,Homem,Parda,,1996,20,-1997,6456,2016.2,-1
900000909,00000001007,1999,VESTIBULAR / ENEM,2012,1,,GRADUADO,2010,1,-3,Homem,Branca,Somente escola privada,1990,22,20,63478,2012.1,2010.1
900000258,00000001008,2017,SISU,2020,1,,CANCELADO NOVO INGRESSO OUTRO CURSO,2014,1,-11,Homem,Não declarada,,2001,19,13,6074,2020.1,2014.1
900002012,00000001009,2017,SISU,2019,1,4,CANCELAMENTO P/ SOLICITACAO ALUNO,2018,2,0,Homem,Branca,Somente escola privada,1994,25,24,6421,2019.1,2018.2
900002262,00000001010,1999,VESTIBULAR / ENEM,2011,1,,CANCELADO NOVO INGRESSO MESMO CURSO,2013,2,6,Homem,Parda,Somente escola pública,1994,17,19,59955,2011.1,2013.2
900000439,00000001011,1999,VESTIBULAR,2010,1,,CANCELAMENTO P/ SOLICITACAO ALUNO,2014,1,9,Mulher,Parda,Somente escola pública,1991,19,23,66398,2010.1,2014.1
900002173,00000001012,1999,SISU,2016,1,4,CANCELADO NOVO INGRESSO MESMO CURSO,2014,2,-2,Homem,Parda,Somente escola pública,1996,20,18,6865,2016.1,2014.2
900000196,00000001013,1999,VESTIBULAR / ENEM,2012,2,,REGULAR,-1,0,-4027,Homem,Branca,Somente escola privada,1993,19,-1994,6102,2012.2,-1
900001233,00000001014,2017,SISU,2018,2,2,GRADUADO,2013,1,-10,Homem,Branca,Somente escola pública,1995,23,18,632,2018.2,2013.1
900001777,00000001015,2017,SISU,2019,1,2,CANCELADO REPROVOU TODAS POR FALTAS,2020,1,3,Mulher,Parda,Somente escola pública,2002,17,18,5943,2019.1,2020.1
900000617,00000001016,1999,VESTIBULAR / ENEM,2013,2,,CANCELADO 3 REPROV MESMA DISCIPLINA,2011,1,-4,Mulher,Branca,Somente escola privada,1992,21,19,68271,2013.2,2011.1
900001098,00000001017,1999,VESTIBULAR,2008,2,,CANCELADO NOVO INGRESSO OUTRO CURSO,2013,2,11,Homem,Parda,"Pública e privada, tendo ficado mais tempo em escola privada",1984,24,29,64767,2008.2,2013.2
900002164,00000001018,1999,VESTIBULAR,2008,2,,CANCELADO 3 REPROV MESMA DISCIPLINA,2012,1,8,Homem,Parda,Somente escola pública,1985,23,27,6058,2008.2,2012.1
900002184,00000001019,2017,SISU,2019,2,4,REGULAR,-1,0,-4041,Homem,Branca,Somente escola privada,1998,21,-1999,621,2019.2,-1
900001459,00000001020,2017,SISU,2020,1,4,CANCELADO REPROVOU TODAS POR FALTAS,2013,1,-13,Homem,Preta,Somente escola pública,2000,20,13,5902,2020.1,2013.1
900001731,00000001021,1999,SISU,2016,2,5,CANCELADO 3 REPROV MESMA DISCIPLINA,2016,1,0,Homem,Parda,Somente escola pública,1997,19,19,664,2016.2,2016.1
900002493,00000001022,1999,SISU,2014,2,,CANCELADO NOVO INGRESSO MESMO CURSO,2015,2,3,Homem,Preta,Somente escola privada,1997,17,18,56,2014.2,2015.2
900002418,00000001023,1999,VESTIBULAR / ENEM,2013,2,,CANCELADO NOVO INGRESSO MESMO CURSO,2014,2,3,Homem,Branca,Somente escola pública,1995,18,19,,2013.2,2014.2
900001547,00000001024,1999,VESTIBULAR,2009,1,,REGULAR,-1,0,-4020,Homem,Não declarada,Somente escola pública,1990,19,-1991,70992,2009.1,-1
900001119,00000001025,2017,SISU,2015,2,,GRADUADO,2017,2,5,Homem,Parda,Somente escola pública,1996,19,21,6057,2015.2,2017.2
900000190,00000001026,1999,VESTIBULAR,2007,2,,GRADUADO,2019,1,24,Homem,Branca,Somente escola pública,1984,23,35,65866,2007.2,2019.1
900001457,00000001027,2017,SISU,2015,2,,CANCELAMENTO P/ SOLICITACAO ALUNO,2015,2,1,Homem,Branca,Somente escola pública,1998,17,17,61294,2015.2,2015.2
900002563,00000001028,1999,VESTIBULAR,2009,1,,REGULAR,-1,0,-4020,Homem,Parda,Somente escola privada,1986,23,-1987,73209,2009.1,-1
900001219,00000001029,2017,SISU,2020,1,,CANCELADO NOVO INGRESSO MESMO CURSO,2015,2,-8,Mulher,Branca,,2003,17,12,5297,2020.1,2015.2
900002094,00000001030,2017,SISU,2017,2,,REGULAR,-1,0,-4037,Homem,Branca,,2000,17,-2001,65996,2017.2,-1
900001022,00000001031,1999,VESTIBULAR / ENEM,2011,1,,REGULAR,-1,0,-4024,Homem,Parda,"Pública e privada, tendo ficado mais tempo em escola privada",1975,36,-1976,5759,2011.1,-1
900002327,00000001032,1999,VESTIBULAR,2010,2,,CANCELADO REPROVOU TODAS POR FALTAS,2015,2,11,Homem,Branca,Somente escola privada,1991,19,24,53509,2010.2,2015.2
900000142,00000001033,2017,SISU,2019,2,3,CANCELADO 3 REPROV MESMA DISCIPLINA,2016,2,-5,Homem,Branca,Somente escola privada,1998,21,18,6786,2019.2,2016.2
900002428,00000001034,1999,SISU,2016,2,,CANCELADO REPROVOU TODAS POR FALTAS,2015,1,-2,Mulher,Não declarada,,1997,19,18,714,2016.2,2015.1
900001313,00000001035,1999,SISU,2014,2,,CANCELADO 3 REPROV MESMA DISCIPLINA,2016,2,5,Homem,Parda,Somente escola pública,1995,19,21,67192,2014.2,2016.2
900001544,00000001036,1999,VESTIBULAR / ENEM,2014,1,,REGULAR,-1,0,-4030,Homem,Branca,Somente escola pública,1996,18,-1997,6797,2014.1,-1
900000879,00000001037,1999,SISU,2014,2,2,GRADUADO,2014,1,0,Homem,Branca,,1989,25,25,5486,2014.2,2014.1
900002442,00000001038,1999,VESTIBULAR,2008,2,,REGULAR,-1,0,-4019,Mulher,Branca,Somente escola privada,1989,19,-1990,6220,2008.2,-1
900001049,00000001039,1999,VESTIBULAR,2010,2,,CANCELADO 3 REPROV MESMA DISCIPLINA,2016,1,12,Homem,Branca,Somente escola pública,1992,18,24,69216,2010.2,2016.1
900002037,00000001040,1999,SISU,2016,1,2,REGULAR,-1,0,-4034,Mulher,Não declarada,,1997,19,-1998,62202,2016.1,-1
900000238,00000001041,2017,SISU,2020,2,2,REGULAR,-1,0,-4043,Homem,Parda,Somente escola privada,2002,18,-2003,5465,2020.2,-1
900001550,00000001042,2017,SISU,2016,1,3,CANCELADO NOVO INGRESSO MESMO CURSO,2014,2,-2,Homem,Parda,Somente escola pública,1991,25,23,71288,2016.1,2014.2
900000996,00000001043,1999,VESTIBULAR / ENEM,2014,1,,CANCELADO NOVO INGRESSO OUTRO CURSO,2012,1,-3,Homem,Branca,Somente escola pública,1988,26,24,6116,2014.1,2012.1
900001139,00000001044,1999,VESTIBULAR / ENEM,2014,1,,GRADUADO,2019,2,12,Homem,Parda,Somente escola pública,1991,23,28,6488,2014.1,2019.2
900000889,00000001045,1999,VESTIBULAR,2010,2,,REGULAR,-1,0,-4023,Homem,Branca,Somente escola privada,1989,21,-1990,61966,2010.2,-1
900001678,00000001046,1999,SISU,2016,2,2,CANCELADO 3 REPROV MESMA DISCIPLINA,2011,2,-9,Homem,Branca,Somente escola privada,1996,20,15,556,2016.2,2011.2
900002159,00000001047,2017,SISU,2019,1,4,CANCELADO NOVO INGRESSO MESMO CURSO,2013,1,-11,Homem,Branca,Somente escola privada,2002,17,11,628,2019.1,2013.1
900001651,00000001048,1999,VESTIBULAR,2007,1,,CANCELAMENTO P/ SOLICITACAO ALUNO,2020,1,27,Homem,Branca,Somente escola privada,1988,19,32,6385,2007.1,2020.1
900000624,00000001049,2017,SISU,2019,2,2,REGULAR,-1,0,-4041,Homem,Branca,Somente escola privada,1997,22,-1998,72421,2019.2,-1
900000963,00000001050,2017,SISU,2015,2,,GRADUADO,2010,1,-10,Homem,Parda,Somente escola pública,1997,18,13,63617,2015.2,2010.1
900002559,00000001051,1999,VESTIBULAR / ENEM,2011,1,,CANCELADO 3 REPROV MESMA DISCIPLINA,2020,1,19,Mulher,Branca,Somente escola privada,1990,21,30,6672,2011.1,2020.1
900000713,00000001052,1999,VESTIBULAR,2010,2,,GRADUADO,2018,2,17,Homem,Não declarada,,1994,16,24,6412,2010.2,2018.2
900002531,00000001053,1999,VESTIBULAR,2006,1,,REGULAR,-1,0,-4014,Homem,Branca,Somente escola pública,1984,22,-1985,64373,2006.1,-1
900000094,00000001054,2017,SISU,2017,2,2,REGULAR,-1,0,-4037,Homem,Parda,Somente escola pública,1997,20,-1998,54930,2017.2,-1
900001206,00000001055,2017,SISU,2019,2,3,CANCELADO 3 REPROV MESMA DISCIPLINA,2016,1,-6,Homem,Branca,Somente escola privada,2001,18,15,7088,2019.2,2016.1
900002690,00000001056,2017,VESTIBULAR / ENEM,2013,1,,CANCELAMENTO POR ABANDONO,2010,2,-4,Homem,Preta,Somente escola privada,1995,18,15,7310,2013.1,2010.2
900001649,00000001057,2017,SISU,2016,1,3,GRADUADO,2013,1,-5,Mulher,Branca,Somente escola privada,1989,27,24,6585,2016.1,2013.1
900001391,00000001058,1999,VESTIBULAR / ENEM,2014,1,,REGULAR,-1,0,-4030,Mulher,Não declarada,,1995,19,-1996,6771,2014.1,-1
900001151,00000001059,2017,SISU,2014,2,,REGULAR,-1,0,-4031,Homem,Branca,Somente escola privada,1992,22,-1993,55995,2014.2,-1
900000677,00000001060,1999,VESTIBULAR,2009,1,,REGULAR,-1,0,-4020,Mulher,Branca,Somente escola privada,1991,18,-1992,65477,2009.1,-1
900000313,00000001061,1999,SISU,2016,1,,CANCELADO REPROVOU TODAS POR FALTAS,2013,1,-5,Homem,Branca,,1997,19,16,68311,2016.1,2013.1
900000670,00000001062,1999,SISU,2014,2,,CANCELADO REPROVOU TODAS POR FALTAS,2019,1,10,Homem,Branca,Somente escola privada,1997,17,22,,2014.2,2019.1
900001046,00000001063,1999,VESTIBULAR / ENEM,2013,2,,CANCELADO NOVO INGRESSO MESMO CURSO,2020,1,14,Homem,Preta,Somente escola pública,1994,19,26,5837,2013.2,2020.1
900002735,00000001064,1999,VESTIBULAR / ENEM,2014,1,,REGULAR,-1,0,-4030,Homem,Branca,,1990,24,-1991,7231,2014.1,-1
900000081,00000001065,1999,VESTIBULAR / ENEM,2012,1,,REGULAR,-1,0,-4026,Homem,Parda,Somente escola privada,1993,19,-1994,5993,2012.1,-1
900002257,00000001066,1999,VESTIBULAR,2006,1,,CANCELAMENTO POR ABANDONO,2015,1,19,Homem,Branca,Somente escola privada,1987,19,28,59204,2006.1,2015.1
900001087,00000001067,1999,VESTIBULAR,2007,2,,REGULAR,-1,0,-4017,Homem,Branca,Somente escola privada,1977,30,-1978,68453,2007.2,-1
900002048,00000001068,2017,SISU,2019,2,,REGULAR,-1,0,-4041,Homem,Parda,Somente escola pública,2001,18,-2002,64675,2019.2,-1
900002100,00000001069,2017,SISU,2020,2,,REGULAR,-1,0,-4043,Homem,Branca,Somente escola pública,2003,17,-2004,69498,2020.2,-1
900001422,00000001070,1999,VESTIBULAR / ENEM,2011,2,,REGULAR,-1,0,-4025,Homem,Branca,Somente escola privada,1989,22,-1990,6470,2011.2,-1
900002618,00000001071,2017,SISU,2021,1,3,CANCELADO 3 REPROV MESMA DISCIPLINA,2020,1,-1,Homem,Parda,Somente escola pública,2002,19,18,6490,2021.1,2020.1
900000955,00000001072,1999,VESTIBULAR / ENEM,2014,1,5,CANCELAMENTO POR ABANDONO,2018,2,10,Homem,Branca,Somente escola pública,1997,17,21,6207,2014.1,2018.2
900002354,00000001073,1999,VESTIBULAR,2009,1,,CANCELADO REPROVOU TODAS POR FALTAS,2011,2,6,Homem,Parda,Somente escola privada,1991,18,20,5593,2009.1,2011.2
900000435,00000001074,1999,VESTIBULAR,2007,2,,CANCELADO NOVO INGRESSO OUTRO CURSO,2013,1,12,Homem,Parda,Somente escola privada,1989,18,24,6046,2007.2,2013.1
900002225,00000001075,1999,VESTIBULAR,2010,1,,GRADUADO,2017,1,15,Mulher,Parda,Somente escola privada,1992,18,25,69598,2010.1,2017.1
900000962,00000001076,1999,VESTIBULAR / ENEM,2012,1,,GRADUADO,2020,1,17,Homem,Branca,Somente escola privada,1995,17,25,6410,2012.1,2020.1
900000869,00000001077,1999,VESTIBULAR / ENEM,2011,1,,CANCELAMENTO P/ MUDANCA CURSO,2019,2,18,Homem,Parda,Somente escola privada,1993,18,26,60886,2011.1,2019.2
900000574,00000001078,1999,VESTIBULAR / ENEM,2012,2,,CANCELADO 3 REPROV MESMA DISCIPLINA,2015,2,7,Homem,Branca,Somente escola privada,1990,22,25,6911,2012.2,2015.2
900000199,00000001079,1999,VESTIBULAR / ENEM,2011,1,,REGULAR,-1,0,-4024,Homem,Parda,Somente escola pública,1990,21,-1991,6166,2011.1,-1
900001331,00000001080,2017,SISU,2015,1,2,REGULAR,-1,0,-4032,Mulher,Branca,Somente escola privada,1996,19,-1997,674,2015.1,-1
900000706,00000001081,2017,SISU,2017,1,,REGULAR,-1,0,-4036,Homem,Parda,,1999,18,-2000,48861,2017.1,-1
900000128,00000001082,2017,SISU,2016,1,3,CANCELADO REPROVOU TODAS POR FALTAS,2016,1,1,Homem,Branca,Somente escola privada,1988,28,28,6365,2016.1,2016.1
900002738,00000001083,1999,VESTIBULAR / ENEM,2012,2,,REGULAR,-1,0,-4027,Mulher,Parda,"Pública e privada, tendo ficado mais tempo em escola pública",1992,20,-1993,6623,2012.2,-1
900000817,00000001084,1999,VESTIBULAR / ENEM,2011,2,,REGULAR,-1,0,-4025,Homem,Branca,"Pública e privada, tendo ficado mais tempo em escola pública",1993,18,-1994,6473,2011.2,-1
900001585,00000001085,1999,VESTIBULAR / ENEM,2013,1,,CANCELADO REPROVOU TODAS POR FALTAS,2014,1,3,Mulher,Não declarada,,1995,18,19,6478,2013.1,2014.1
900000469,00000001086,2017,SISU,2019,1,,GRADUADO,2016,1,-5,Homem,Parda,Somente escola privada,2003,16,13,69653,2019.1,2016.1
900000729,00000001087,1999,SISU,2015,1,,REGULAR,-1,0,-4032,Homem,Branca,Somente escola pública,1996,19,-1997,5967,2015.1,-1
900002371,00000001088,1999,VESTIBULAR / ENEM,2014,1,,REGULAR,-1,0,-4030,Homem,Branca,Somente escola privada,1992,22,-1993,596,2014.1,-1
900000219,00000001089,1999,SISU,2015,1,,GRADUADO,2017,2,6,Homem,Parda,Somente escola privada,1997,18,20,73131,2015.1,2017.2
900002815,00000001090,2017,SISU,2018,2,4,TRANSFERIDO PARA OUTRA IES,2010,2,-15,Homem,Branca,Somente escola pública,1998,20,12,6680,2018.2,2010.2
900000402,00000001091,1999,VESTIBULAR,2010,1,,GRADUADO,2015,2,12,Homem,Não declarada,,1991,19,24,70042,2010.1,2015.2
900001756,00000001092,2017,SISU,2016,2,5,CANCELADO NOVO INGRESSO MESMO CURSO,2012,2,-7,Mulher,Parda,Somente escola pública,1997,19,15,64752,2016.2,2012.2
900000378,00000001093,1999,JUDICIAL,2009,2,,CANCELAMENTO POR ABANDONO,2016,2,15,Homem,Branca,Somente escola privada,1990,19,26,6039,2009.2,2016.2
900001023,00000001094,1999,REOPCAO,2012,1,,CANCELADO NOVO INGRESSO MESMO CURSO,2016,1,9,Homem,Parda,Somente escola privada,1995,17,21,6701,2012.1,2016.1
900001058,00000001095,1999,SISU,2014,2,,CANCELADO 3 REPROV MESMA DISCIPLINA,2016,2,5,Homem,Parda,Somente escola pública,1987,27,29,,2014.2,2016.2
900002252,00000001096,1999,VESTIBULAR / ENEM,2012,2,,CANCELAMENTO POR ABANDONO,2017,1,10,Homem,Amarela,Somente escola privada,1995,17,22,68779,2012.2,2017.1
900002161,00000001097,1999,SISU,2016,2,4,REGULAR,-1,0,-4035,Homem,Branca,Somente escola pública,1999,17,-2000,6231,2016.2,-1
900001369,00000001098,2017,SISU,2015,2,3,GRADUADO,2011,1,-8,Homem,Amarela,,1997,18,14,6182,2015.2,2011.1
900002367,00000001099,1999,VESTIBULAR,2009,1,,REGULAR,-1,0,-4020,Homem,Parda,Somente escola pública,1989,20,-1990,622,2009.1,-1
900002310,00000001100,1999,VESTIBULAR,2006,2,,REGULAR,-1,0,-4015,Homem,Branca,Somente escola privada,1989,17,-1990,6745,2006.2,-1
900001978,00000001101,1999,VESTIBULAR,2006,1,,REGULAR,-1,0,-4014,Homem,Branca,Somente escola privada,1985,21,-1986,68387,2006.1,-1
900000433,00000001102,1999,VESTIBULAR / ENEM,2012,1,,GRADUADO,2013,2,4,Homem,Não declarada,Somente escola pública,1994,18,19,715,2012.1,2013.2
900002749,00000001103,1999,SISU,2016,1,,CANCELADO NOVO INGRESSO MESMO CURSO,2010,1,-11,Homem,Branca,Somente escola pública,1996,20,14,5885,2016.1,2010.1
900000571,00000001104,2017,SISU,2018,1,,REGULAR,-1,0,-4038,Homem,Não declarada,,1999,19,-2000,6332,2018.1,-1
900002528,00000001105,2017,SISU,2017,1,,GRADUADO,2019,2,6,Homem,Parda,Somente escola pública,1996,21,23,5834,2017.1,2019.2
900001472,00000001106,2017,REOPCAO,2018,1,,GRADUADO,2018,1,1,Homem,Parda,,1995,23,23,66029,2018.1,2018.1
900000098,00000001107,1999,SISU,2014,2,,GRADUADO,2018,2,9,Homem,Branca,Somente escola privada,1996,18,22,72757,2014.2,2018.2
900000365,00000001108,1999,SISU,2016,2,5,CANCELAMENTO POR ABANDONO,2011,2,-9,Mulher,Parda,Somente escola pública,1993,23,18,6348,2016.2,2011.2
900002454,00000001109,2017,SISU,2016,1,4,CANCELADO REPROVOU TODAS POR FALTAS,2010,2,-10,Homem,Parda,,1993,23,17,65884,2016.1,2010.2
900001964,00000001110,1999,VESTIBULAR / ENEM,2011,2,,REGULAR,-1,0,-4025,Mulher,Branca,Somente escola privada,1991,20,-1992,,2011.2,-1
900001884,00000001111,1999,SISU,2016,2,,GRADUADO,2016,1,0,Homem,Branca,Somente escola privada,1992,24,24,6028,2016.2,2016.1
900002564,00000001112,1999,VESTIBULAR / ENEM,2011,1,,REGULAR,-1,0,-4024,Homem,Branca,Somente escola privada,1992,19,-1993,70116,2011.1,-1
900001443,00000001113,2017,SISU,2017,2,2,GRADUADO,2020,1,6,Homem,Parda,Somente escola pública,1994,23,26,6259,2017.2,2020.1
900001972,00000001114,1999,VESTIBULAR / ENEM,2014,1,,CANCELAMENTO POR ABANDONO,2011,2,-4,Mulher,Branca,Somente escola privada,1996,18,15,6630,2014.1,2011.2
900002693,00000001115,2017,SISU,2021,1,,CANCELADO REPROVOU TODAS POR FALTAS,2015,2,-10,Homem,Branca,Somente escola privada,2001,20,14,6705,2021.1,2015.2
900000018,00000001116,2017,SISU,2021,1,2,CANCELADO 3 REPROV MESMA DISCIPLINA,2012,2,-16,Homem,Preta,,1997,24,15,71728,2021.1,2012.2
900000672,00000001117,1999,SISU,2014,2,,CANCELADO NOVO INGRESSO MESMO CURSO,2016,1,4,Mulher,Parda,Somente escola pública,1994,20,22,64345,2014.2,2016.1
900000940,00000001118,1999,VESTIBULAR / ENEM,2013,1,,CANCELADO NOVO INGRESSO MESMO CURSO,2016,2,8,Mulher,Branca,Somente escola pública,1993,20,23,67121,2013.1,2016.2
900001231,00000001119,2017,SISU,2015,1,,REGULAR,-1,0,-4032,Homem,Branca,Somente escola privada,1998,17,-1999,5723,2015.1,-1
900001429,00000001120,1999,VESTIBULAR,2009,2,,CANCELADO REPROVOU TODAS POR FALTAS,2008,2,-1,Homem,Parda,Somente escola privada,1990,19,18,68007,2009.2,2008.2
900000593,00000001121,1999,VESTIBULAR,2010,1,,REGULAR,-1,0,-4022,Homem,Branca,Somente escola privada,1992,18,-1993,6413,2010.1,-1
900000076,00000001122,2017,SISU,2018,1,4,CANCELAMENTO POR ABANDONO,2018,1,1,Homem,Não declarada,Somente escola pública,1995,23,23,67635,2018.1,2018.1
900000068,00000001123,2017,SISU,2020,1,,REGULAR,-1,0,-4042,Homem,Parda,Somente escola pública,2000,20,-2001,,2020.1,-1
900001143,00000001124,1999,VESTIBULAR / ENEM,2012,2,,REGULAR,-1,0,-4027,Mulher,Parda,,1986,26,-1987,665,2012.2,-1
900001906,00000001125,1999,VESTIBULAR / ENEM,2012,2,,CANCELADO REPROVOU TODAS POR FALTAS,2015,2,7,Homem,Branca,Somente escola privada,1992,20,23,6654,2012.2,2015.2
900000167,00000001126,1999,VESTIBULAR,2009,1,,CANCELADO REPROVOU TODAS POR FALTAS,2020,1,23,Homem,Branca,Somente escola pública,1992,17,28,6727,2009.1,2020.1
900001077,00000001127,2017,SISU,2019,2,2,REGULAR,-1,0,-4041,Homem,Amarela,,1998,21,-1999,71301,2019.2,-1
900001873,00000001128,1999,VESTIBULAR / ENEM,2011,1,,REGULAR,-1,0,-4024,Homem,Parda,Somente escola pública,1993,18,-1994,5777,2011.1,-1
900000403,00000001129,1999,VESTIBULAR / ENEM,2014,1,4,GRADUADO,2017,1,7,Homem,Branca,Somente escola privada,1993,21,24,6737,2014.1,2017.1
900000855,00000001130,1999,SISU,2015,2,,GRADUADO,2019,2,9,Homem,Branca,Somente escola pública,1994,21,25,665,2015.2,2019.2
900001736,00000001131,1999,VESTIBULAR / ENEM,2013,1,,GRADUADO,2008,2,-8,Homem,Branca,Somente escola privada,1996,17,12,6580,2013.1,2008.2
900002132,00000001132,1999,VESTIBULAR / ENEM,2012,2,,REGULAR,-1,0,-4027,Homem,Branca,"Pública e privada, tendo ficado mais tempo em escola pública",1992,20,-1993,6103,2012.2,-1
900001656,00000001133,1999,VESTIBULAR / ENEM,2011,1,,REGULAR,-1,0,-4024,Homem,Branca,Somente escola privada,1994,17,-1995,66809,2011.1,-1
900002010,00000001134,2017,SISU,2019,1,2,CANCELAMENTO POR ABANDONO,2016,2,-4,Homem,Parda,Somente escola pública,2000,19,16,6622,2019.1,2016.2
900000770,00000001135,1999,VESTIBULAR / ENEM,2013,2,,CANCELADO 3 REPROV MESMA DISCIPLINA,2013,2,1,Homem,Não declarada,,1997,16,16,62660,2013.2,2013.2
900000198,00000001136,1999,SISU,2015,2,,GRADUADO,2016,2,3,Homem,Branca,Somente escola privada,1994,21,22,60755,2015.2,2016.2
900000929,00000001137,1999,VESTIBULAR / ENEM,2013,1,,CANCELADO 3 REPROV MESMA DISCIPLINA,2010,1,-5,Homem,Parda,Somente escola pública,1990,23,20,704,2013.1,2010.1
900001937,00000001138,1999,VESTIBULAR,2009,2,,GRADUADO,2016,2,15,Homem,Branca,Somente escola pública,1989,20,27,7460,2009.2,2016.2
900001713,00000001139,1999,VESTIBULAR,2010,1,,GRADUADO,2020,1,21,Homem,Branca,"Pública e privada, tendo ficado mais tempo em escola privada",1981,29,39,,2010.1,2020.1
900001481,00000001140,1999,VESTIBULAR / ENEM,2012,1,,GRADUADO,2009,1,-5,Homem,Branca,Somente escola privada,1994,18,15,609,2012.1,2009.1
900000436,00000001141,2017,SISU,2016,1,2,GRADUADO,2020,1,9,Homem,Branca,Somente escola privada,1996,20,24,73466,2016.1,2020.1
900001167,00000001142,2017,SISU,2015,1,,GRADUADO,2016,2,4,Homem,Branca,Somente escola privada,1998,17,18,689,2015.1,2016.2
900002070,00000001143,2017,SISU,2018,2,3,GRADUADO,2019,1,2,Homem,Parda,,2001,17,18,5946,2018.2,2019.1
900000026,00000001144,2017,SISU,2016,2,4,REGULAR,-1,0,-4035,Homem,Parda,Somente escola privada,1997,19,-1998,6314,2016.2,-1
900002059,00000001145,1999,SISU,2015,1,,REGULAR,-1,0,-4032,Homem,Parda,Somente escola pública,1994,21,-1995,6836,2015.1,-1
900000785,00000001146,2017,SISU,2017,2,3,REGULAR,-1,0,-4037,Mulher,Não declarada,,1992,25,-1993,789,2017.2,-1
900000072,00000001147,1999,SISU,2014,2,4,CANCELAMENTO P/ SOLICITACAO ALUNO,2012,2,-3,Homem,Parda,Somente escola privada,1997,17,15,61003,2014.2,2012.2
900000752,00000001148,1999,VESTIBULAR / ENEM,2012,1,,CANCELAMENTO POR ABANDONO,2010,1,-3,Homem,Branca,Somente escola privada,1991,21,19,6153,2012.1,2010.1
900002256,00000001149,1999,VESTIBULAR,2009,1,,CANCELADO NOVO INGRESSO MESMO CURSO,2012,2,8,Homem,Branca,Somente escola privada,1990,19,22,5500,2009.1,2012.2
900001925,00000001150,1999,VESTIBULAR / ENEM,2013,1,,GRADUADO,2012,2,0,Homem,Parda,Somente escola privada,1994,19,18,5853,2013.1,2012.2
900001230,00000001151,1999,SISU,2015,1,,GRADUADO,2012,1,-5,Homem,Parda,Somente escola privada,1997,18,15,6246,2015.1,2012.1
900001092,00000001152,2017,SISU,2020,1,,GRADUADO,2015,1,-9,Homem,Branca,Somente escola privada,2004,16,11,601,2020.1,2015.1
900000957,00000001153,1999,VESTIBULAR / ENEM,2014,1,,REGULAR,-1,0,-4030,Homem,Branca,Somente escola privada,1993,21,-1994,5353,2014.1,-1
900001503,00000001154,2017,SISU,2020,2,,CANCELADO REPROVOU TODAS POR FALTAS,2018,1,-4,Mulher,Branca,Somente escola pública,1996,24,22,66265,2020.2,2018.1
900001858,00000001155,2017,SISU,2018,2,,CANCELADO REPROVOU TODAS POR FALTAS,2019,2,3,Homem,Branca,,2001,17,18,6362,2018.2,2019.2
900001324,00000001156,1999,VESTIBULAR,2007,2,,REGULAR,-1,0,-4017,Homem,Branca,Somente escola privada,1985,22,-1986,6174,2007.2,-1
900000085,00000001157,1999,SISU,2016,1,3,CANCELAMENTO P/ SOLICITACAO ALUNO,2014,2,-2,Homem,Branca,Somente escola privada,1990,26,24,6885,2016.1,2014.2
900001799,00000001158,2017,SISU,2018,1,2,CANCELAMENTO P/ SOLICITACAO ALUNO,2017,1,-1,Homem,Branca,Somente escola privada,1998,20,19,5493,2018.1,2017.1
900000203,00000001159,1999,VESTIBULAR / ENEM,2011,1,,CANCELADO 3 REPROV MESMA DISCIPLINA,2011,1,1,Homem,Parda,Somente escola pública,1989,22,22,5939,2011.1,2011.1
900001626,00000001160,1999,VESTIBULAR / ENEM,2013,2,,CANCELADO 3 REPROV MESMA DISCIPLINA,2018,1,10,Homem,Branca,Somente escola privada,1994,19,24,61854,2013.2,2018.1
900000602,00000001161,2017,SISU,2016,2,,CANCELADO NOVO INGRESSO MESMO CURSO,2011,1,-10,Mulher,Branca,,2000,16,11,5603,2016.2,2011.1
900001843,00000001162,1999,VESTIBULAR,2010,1,,CANCELADO REPROVOU TODAS POR FALTAS,2012,2,6,Homem,Branca,Somente escola privada,1990,20,22,78192,2010.1,2012.2
900001625,00000001163,1999,SISU,2016,1,5,REGULAR,-1,0,-4034,Homem,Branca,Somente escola privada,1996,20,-1997,5926,2016.1,-1
900000465,00000001164,2017,SISU,2017,1,,GRADUADO,2012,2,-8,Homem,Branca,Somente escola privada,1996,21,16,592,2017.1,2012.2
900000249,00000001165,2017,SISU,2016,1,5,GRADUADO,2016,1,1,Homem,Não declarada,,2000,16,16,6534,2016.1,2016.1
900000073,00000001166,1999,VESTIBULAR / ENEM,2012,2,,GRADUADO,2013,2,3,Homem,Não declarada,,1995,17,18,58887,2012.2,2013.2
900001918,00000001167,2017,SISU,2018,1,4,CANCELADO 3 REPROV MESMA DISCIPLINA,2019,1,3,Homem,Não declarada,,2000,18,19,64958,2018.1,2019.1
900002383,00000001168,1999,VESTIBULAR / ENEM,2013,2,,GRADUADO,2017,2,9,Mulher,Parda,Somente escola pública,1988,25,29,49349,2013.2,2017.2
900000551,00000001169,1999,VESTIBULAR / ENEM,2011,2,,CANCELAMENTO POR ABANDONO,2015,2,9,Homem,Branca,Somente escola pública,1985,26,30,77174,2011.2,2015.2
900000432,00000001170,2017,SISU,2021,1,4,REGULAR,-1,0,-4044,Homem,Amarela,Somente escola privada,1994,27,-1995,6307,2021.1,-1
900000149,00000001171,1999,SISU,2017,1,4,REGULAR,-1,0,-4036,Mulher,Branca,Somente escola privada,2000,17,-2001,499,2017.1,-1
900002085,00000001172,1999,VESTIBULAR,2009,1,,REGULAR,-1,0,-4020,Homem,Branca,Somente escola privada,1967,42,-1968,6468,2009.1,-1
900002521,00000001173,1999,VESTIBULAR / ENEM,2013,1,,CANCELADO 3 REPROV MESMA DISCIPLINA,2015,1,5,Homem,Branca,Somente escola pública,1995,18,20,6280,2013.1,2015.1
900000035,00000001174,1999,VESTIBULAR,2010,2,,GRADUADO,2018,1,16,Homem,Preta,Somente escola pública,1990,20,28,5511,2010.2,2018.1
900002590,00000001175,1999,VESTIBULAR / ENEM,2012,2,,GRADUADO,2016,1,8,Mulher,Amarela,Somente escola pública,1990,22,26,63491,2012.2,2016.1
900001478,00000001176,1999,VESTIBULAR / ENEM,2011,1,,REGULAR,-1,0,-4024,Homem,Branca,,1993,18,-1994,65246,2011.1,-1
900002156,00000001177,1999,SISU,2015,1,,REGULAR,-1,0,-4032,Mulher,Branca,,1999,16,-2000,6520,2015.1,-1
900002031,00000001178,2017,SISU,2017,2,2,GRADUADO,2012,1,-10,Homem,Parda,Somente escola privada,1990,27,22,65270,2017.2,2012.1
900001088,00000001179,1999,JUDICIAL,2009,2,,REGULAR,-1,0,-4021,Homem,Parda,Somente escola pública,1989,20,-1990,6223,2009.2,-1
900001005,00000001180,1999,VESTIBULAR / ENEM,2013,1,4,CANCELADO REPROVOU TODAS POR FALTAS,2012,1,-1,Mulher,Parda,Somente escola pública,1996,17,16,69462,2013.1,2012.1
900000200,00000001181,1999,SISU,2014,2,,CANCELAMENTO POR ABANDONO,2015,2,3,Homem,Preta,Somente escola pública,1997,17,18,6375,2014.2,2015.2
900001846,00000001182,1999,SISU,2014,2,,REGULAR,-1,0,-4031,Homem,Parda,Somente escola privada,1985,29,-1986,,2014.2,-1
900002287,00000001183,1999,SISU,2016,2,,GRADUADO,2011,1,-10,Homem,Parda,Somente escola privada,1997,19,14,6251,2016.2,2011.1
900001461,00000001184,1999,VESTIBULAR / ENEM,2011,2,,REGULAR,-1,0,-4025,Homem,Branca,Somente escola privada,1992,19,-1993,5672,2011.2,-1
900000042,00000001185,1999,SISU,2016,1,,REGULAR,-1,0,-4034,Mulher,Branca,Somente escola privada,1997,19,-1998,6436,2016.1,-1
900002448,00000001186,1999,VESTIBULAR,2008,2,,CANCELADO 3 REPROV MESMA DISCIPLINA,2017,1,18,Mulher,Não declarada,,1991,17,26,62292,2008.2,2017.1
900000123,00000001187,2017,TRANSFERENCIA,2019,2,,REGULAR,-1,0,-4041,Mulher,Parda,,2003,16,-2004,76060,2019.2,-1
900000359,00000001188,1999,VESTIBULAR / ENEM,2013,1,,REGULAR,-1,0,-4028,Homem,Branca,Somente escola pública,1993,20,-1994,7311,2013.1,-1
900001612,00000001189,2017,SISU,2019,1,,REGULAR,-1,0,-4040,Homem,Branca,,2000,19,-2001,6303,2019.1,-1
900000511,00000001190,2017,SISU,2020,2,,CANCELADO 3 REPROV MESMA DISCIPLINA,2016,1,-8,Homem,Branca,Somente escola privada,2002,18,14,6136,2020.2,2016.1
900002699,00000001191,1999,VESTIBULAR / ENEM,2011,2,,CANCELAMENTO P/ SOLICITACAO ALUNO,2014,2,7,Homem,Parda,,1979,32,35,71122,2011.2,2014.2
900002408,00000001192,2017,SISU,2017,2,4,CANCELADO 3 REPROV MESMA DISCIPLINA,2015,1,-4,Homem,Parda,Somente escola privada,1996,21,19,5330,2017.2,2015.1
900000781,00000001193,1999,VESTIBULAR / ENEM,2012,2,,CANCELADO NOVO INGRESSO MESMO CURSO,2012,1,0,Mulher,Branca,Somente escola privada,1993,19,19,65308,2012.2,2012.1
900002052,00000001194,1999,VESTIBULAR / ENEM,2011,1,,CANCELAMENTO P/ SOLICITACAO ALUNO,2012,2,4,Mulher,Não declarada,Somente escola pública,1993,18,19,6136,2011.1,2012.2
900000568,00000001195,2017,SISU,2020,1,3,CANCELAMENTO P/ SOLICITACAO ALUNO,2016,2,-6,Homem,Branca,Somente escola privada,2003,17,13,71198,2020.1,2016.2
900000947,00000001196,2017,JUDICIAL,2015,2,,REGULAR,-1,0,-4033,Homem,Não declarada,,1996,19,-1997,5861,2015.2,-1
900001958,00000001197,2017,SISU,2020,2,,CANCELAMENTO POR ABANDONO,2015,2,-9,Homem,Parda,Somente escola pública,1994,26,21,6920,2020.2,2015.2
900001761,00000001198,2017,SISU,2017,2,5,GRADUADO,2010,1,-14,Homem,Preta,Somente escola pública,1999,18,11,6811,2017.2,2010.1
900002258,00000001199,2017,SISU,2019,1,,CANCELADO NOVO INGRESSO MESMO CURSO,2016,2,-4,Homem,Parda,Somente escola privada,1999,20,17,6343,2019.1,2016.2
900000092,00000001200,2017,REOPCAO,2015,2,,REGULAR,-1,0,-4033,Homem,Parda,Somente escola pública,1997,18,-1998,586,2015.2,-1
900001580,00000001201,2017,SISU,2017,2,,CANCELADO 3 REPROV MESMA DISCIPLINA,2016,1,-2,Homem,Branca,Somente escola privada,1997,20,19,64638,2017.2,2016.1
900000360,00000001202,2017,SISU,2018,1,5,CANCELADO REPROVOU TODAS POR FALTAS,2013,2,-8,Homem,Parda,Somente escola privada,1994,24,19,71445,2018.1,2013.2
900002021,00000001203,1999,SISU,2014,2,,CANCELADO REPROVOU TODAS POR FALTAS,2020,1,12,Mulher,Parda,Somente escola pública,1996,18,24,6904,2014.2,2020.1
900000982,00000001204,2017,SISU,2018,1,,GRADUADO,2017,2,0,Homem,Parda,Somente escola privada,1999,19,18,5259,2018.1,2017.2
900002511,00000001205,1999,VESTIBULAR,2010,1,,CANCELAMENTO POR ABANDONO,2014,1,9,Homem,Parda,Somente escola pública,1991,19,23,6319,2010.1,2014.1
900001263,00000001206,2017,SISU,2020,2,,GRADUADO,2016,2,-7,Homem,Parda,Somente escola pública,2002,18,14,703,2020.2,2016.2
900000256,00000001207,2017,SISU,2019,2,,REGULAR,-1,0,-4041,Homem,Não declarada,,1994,25,-1995,74810,2019.2,-1
900001641,00000001208,1999,VESTIBULAR / ENEM,2013,2,,CANCELADO REPROVOU TODAS POR FALTAS,2019,2,13,Homem,Branca,Somente escola pública,1995,18,24,6098,2013.2,2019.2
900000233,00000001209,1999,VESTIBULAR / ENEM,2012,2,,CANCELADO NOVO INGRESSO MESMO CURSO,2016,2,9,Mulher,Parda,Somente escola pública,1983,29,33,64650,2012.2,2016.2
900001529,00000001210,2017,SISU,2019,1,,CANCELADO NOVO INGRESSO MESMO CURSO,2013,2,-10,Homem,Branca,Somente escola privada,1997,22,16,6148,2019.1,2013.2
900002420,00000001211,1999,VESTIBULAR / ENEM,2012,2,,CANCELADO NOVO INGRESSO MESMO CURSO,2018,2,13,Homem,Não declarada,,1994,18,24,,2012.2,2018.2
900001627,00000001212,1999,VESTIBULAR,2008,1,,GRADUADO,2017,2,20,Homem,Parda,,1989,19,28,6462,2008.1,2017.2
900001302,00000001213,1999,VESTIBULAR / ENEM,2013,1,,CANCELAMENTO POR ABANDONO,2006,2,-12,Homem,Branca,Somente escola pública,1995,18,11,6410,2013.1,2006.2
900001794,00000001214,1999,SISU,2015,1,,CANCELAMENTO POR ABANDONO,2014,2,0,Homem,Branca,Somente escola privada,1997,18,17,7211,2015.1,2014.2
900001336,00000001215,2017,SISU,2016,2,3,CANCELADO NOVO INGRESSO OUTRO CURSO,2013,1,-6,Homem,Não declarada,,1997,19,16,6020,2016.2,2013.1
900002707,00000001216,2017,SISU,2019,1,,CANCELADO REPROVOU TODAS POR FALTAS,2009,2,-18,Homem,Não declarada,,1997,22,12,6831,2019.1,2009.2
900001180,00000001217,2017,SISU,2015,1,5,GRADUADO,2018,1,7,Homem,Branca,Somente escola privada,1996,19,22,65989,2015.1,2018.1
900000380,00000001218,1999,VESTIBULAR,2009,1,,CANCELADO 3 REPROV MESMA DISCIPLINA,2016,1,15,Homem,Branca,Somente escola pública,1991,18,25,6714,2009.1,2016.1
900001090,00000001219,1999,VESTIBULAR,2010,2,,CANCELADO 3 REPROV MESMA DISCIPLINA,2011,2,3,Mulher,Branca,Somente escola privada,1983,27,28,70778,2010.2,2011.2
900000669,00000001220,1999,VESTIBULAR,2007,1,,REGULAR,-1,0,-4016,Homem,Branca,Somente escola privada,1989,18,-1990,6630,2007.1,-1
900001687,00000001221,1999,VESTIBULAR / ENEM,2012,1,,CANCELADO 3 REPROV MESMA DISCIPLINA,2011,2,0,Homem,Parda,Somente escola pública,1992,20,19,6473,2012.1,2011.2
900000949,00000001222,2017,SISU,2017,2,2,CANCELAMENTO P/ SOLICITACAO ALUNO,2014,2,-5,Homem,Parda,Somente escola pública,1996,21,18,63948,2017.2,2014.2
900000573,00000001223,1999,VESTIBULAR / ENEM,2011,2,,CANCELADO REPROVOU TODAS POR FALTAS,2012,2,3,Homem,Não declarada,,1992,19,20,7517,2011.2,2012.2
900000499,00000001224,1999,VESTIBULAR / ENEM,2012,1,,REGULAR,-1,0,-4026,Mulher,Parda,Somente escola pública,1995,17,-1996,6108,2012.1,-1
900000588,00000001225,2017,SISU,2019,2,5,REGULAR,-1,0,-4041,Homem,Parda,"Pública e privada, tendo ficado mais tempo em escola privada",1996,23,-1997,7428,2019.2,-1
900002431,00000001226,1999,SISU,2014,2,,REGULAR,-1,0,-4031,Homem,Preta,Somente escola privada,1993,21,-1994,6193,2014.2,-1
900001185,00000001227,1999,SISU,2016,2,2,REGULAR,-1,0,-4035,Mulher,Não declarada,,1994,22,-1995,76703,2016.2,-1
900001838,00000001228,2017,GRADUADO,2019,2,,REGULAR,-1,0,-4041,Homem,Parda,Somente escola pública,2000,19,-2001,7520,2019.2,-1
900001603,00000001229,2017,SISU,2017,2,,REGULAR,-1,0,-4037,Homem,Não declarada,,2000,17,-2001,6605,2017.2,-1
900002133,00000001230,1999,VESTIBULAR,2007,2,,GRADUADO,2019,2,25,Homem,Branca,Somente escola privada,1988,19,31,73081,2007.2,2019.2
900001842,00000001231,2017,SISU,2019,2,4,GRADUADO,2017,2,-3,Homem,Branca,Somente escola privada,1999,20,18,72103,2019.2,2017.2
900002122,00000001232,1999,VESTIBULAR,2007,2,,REGULAR,-1,0,-4017,Mulher,Parda,Somente escola pública,1988,19,-1989,5597,2007.2,-1
900000514,00000001233,1999,VESTIBULAR / ENEM,2011,1,,CANCELAMENTO POR ABANDONO,2016,1,11,Homem,Parda,Somente escola pública,1991,20,25,6360,2011.1,2016.1
900000954,00000001234,1999,VESTIBULAR / ENEM,2012,2,,GRADUADO,2012,1,0,Homem,Amarela,Somente escola privada,1993,19,19,6499,2012.2,2012.1
900001137,00000001235,1999,VESTIBULAR,2009,2,,GRADUADO,2012,2,7,Mulher,Parda,Somente escola pública,1986,23,26,77121,2009.2,2012.2
900000425,00000001236,2017,REOPCAO,2018,2,,REGULAR,-1,0,-4039,Homem,Amarela,Somente escola privada,1985,33,-1986,7074,2018.2,-1
900001267,00000001237,1999,VESTIBULAR / ENEM,2014,1,,CANCELADO NOVO INGRESSO MESMO CURSO,2010,1,-7,Homem,Parda,Somente escola pública,1997,17,13,718,2014.1,2010.1
900002458,00000001238,1999,VESTIBULAR,2006,2,,CANCELADO NOVO INGRESSO MESMO CURSO,2016,2,21,Homem,Branca,"Pública e privada, tendo ficado mais tempo em escola privada",1989,17,27,6364,2006.2,2016.2
900000627,00000001239,2017,SISU,2016,2,4,CANCELADO NOVO INGRESSO OUTRO CURSO,2012,1,-8,Homem,Branca,Somente escola privada,1996,20,16,5526,2016.2,2012.1
900002168,00000001240,2017,SISU,2015,1,,CANCELAMENTO POR ABANDONO,2007,2,-14,Homem,Branca,Somente escola privada,1992,23,15,60779,2015.1,2007.2
900000851,00000001241,1999,VESTIBULAR / ENEM,2012,2,,REGULAR,-1,0,-4027,Homem,Parda,Somente escola privada,1995,17,-1996,733,2012.2,-1
900002203,00000001242,2017,SISU,2018,2,,GRADUADO,2012,1,-12,Homem,Branca,Somente escola privada,1999,19,13,6017,2018.2,2012.1
900001696,00000001243,2017,TRANSFERENCIA,2019,2,,GRADUADO,2017,1,-4,Homem,Branca,Somente escola privada,2000,19,17,6330,2019.2,2017.1
900001742,00000001244,1999,VESTIBULAR / ENEM,2012,1,,CANCELADO 3 REPROV MESMA DISCIPLINA,2013,1,3,Homem,Branca,Somente escola privada,1993,19,20,5859,2012.1,2013.1
900002116,00000001245,1999,VESTIBULAR,2008,2,,CANCELADO NOVO INGRESSO MESMO CURSO,2012,2,9,Homem,Branca,,1990,18,22,61808,2008.2,2012.2
900002175,00000001246,2017,SISU,2016,2,,REGULAR,-1,0,-4035,Homem,Parda,Somente escola pública,1999,17,-2000,65831,2016.2,-1
900000918,00000001247,1999,VESTIBULAR,2006,1,,GRADUADO,2012,2,14,Homem,Parda,Somente escola privada,1982,24,30,6185,2006.1,2012.2
900001579,00000001248,2017,SISU,2020,2,,CANCELAMENTO POR ABANDONO,2017,2,-5,Mulher,Não declarada,,2004,16,13,584,2020.2,2017.2
900000101,00000001249,1999,VESTIBULAR / ENEM,2012,2,,GRADUADO,2013,2,3,Homem,Não declarada,,1995,17,18,5923,2012.2,2013.2
900000405,00000001250,1999,VESTIBULAR,2007,1,,CANCELADO NOVO INGRESSO MESMO CURSO,2011,2,10,Homem,Parda,Somente escola privada,1988,19,23,67457,2007.1,2011.2
900002064,00000001251,2017,SISU,2016,2,,CANCELADO REPROVOU TODAS POR FALTAS,2013,2,-5,Homem,Parda,Somente escola privada,1999,17,14,63977,2016.2,2013.2
900002204,00000001252,2017,SISU,2020,1,9,GRADUADO,2018,2,-2,Homem,Parda,Somente escola privada,2002,18,16,68092,2020.1,2018.2
900000417,00000001253,1999,VESTIBULAR,2010,2,,REGULAR,-1,0,-4023,Mulher,Branca,Somente escola privada,1988,22,-1989,62947,2010.2,-1
900001962,00000001254,1999,SISU,2017,2,4,REGULAR,-1,0,-4037,Homem,Parda,Somente escola privada,1994,23,-1995,65783,2017.2,-1
900001933,00000001255,1999,SISU,2016,1,2,GRADUADO,2019,1,7,Homem,Branca,Somente escola pública,1999,17,20,589,2016.1,2019.1
900002597,00000001256,1999,SISU,2015,1,,CANCELADO REPROVOU TODAS POR FALTAS,2013,1,-3,Homem,Parda,,1973,42,40,650,2015.1,2013.1
900000463,00000001257,2017,SISU,2020,2,,CANCELADO NOVO INGRESSO MESMO CURSO,2016,2,-7,Homem,Não declarada,,2002,18,14,81413,2020.2,2016.2
900000967,00000001258,1999,VESTIBULAR / ENEM,2011,1,,CANCELAMENTO POR ABANDONO,2015,2,10,Mulher,Branca,Somente escola privada,1993,18,22,584,2011.1,2015.2
900000847,00000001259,1999,VESTIBULAR / ENEM,2014,1,,CANCELAMENTO P/ SOLICITACAO ALUNO,2013,2,0,Homem,Não declarada,,1993,21,20,75603,2014.1,2013.2
900001353,00000001260,1999,VESTIBULAR / ENEM,2013,1,,CANCELADO REPROVOU TODAS POR FALTAS,2014,1,3,Mulher,Parda,Somente escola privada,1996,17,18,6115,2013.1,2014.1
900000603,00000001261,2017,SISU,2020,1,,CANCELADO NOVO INGRESSO MESMO CURSO,2013,2,-12,Mulher,Parda,,2000,20,13,63331,2020.1,2013.2
900000031,00000001262,2017,SISU,2017,2,,REGULAR,-1,0,-4037,Mulher,Não declarada,,1977,40,-1978,59787,2017.2,-1
900002187,00000001263,2017,SISU,2015,2,,CANCELADO REPROVOU TODAS POR FALTAS,2011,2,-7,Homem,Parda,,1996,19,15,6511,2015.2,2011.2
900002095,00000001264,1999,VESTIBULAR / ENEM,2012,1,,CANCELADO REPROVOU TODAS POR FALTAS,2014,2,6,Homem,Parda,Somente escola pública,1994,18,20,6699,2012.1,2014.2
900000304,00000001265,2017,SISU,2017,2,,CANCELADO 3 REPROV MESMA DISCIPLINA,2018,1,2,Homem,Não declarada,,2000,17,18,569,2017.2,2018.1
900000933,00000001266,2017,SISU,2018,2,,REGULAR,-1,0,-4039,Mulher,Não declarada,,1999,19,-2000,66062,2018.2,-1
900001070,00000001267,1999,VESTIBULAR / ENEM,2011,1,,REGULAR,-1,0,-4024,Homem,Branca,Somente escola pública,1994,17,-1995,70691,2011.1,-1
900002730,00000001268,2017,SISU,2016,1,,CANCELADO 3 REPROV MESMA DISCIPLINA,2016,2,2,Homem,Parda,Somente escola privada,1998,18,18,7434,2016.1,2016.2
900001712,00000001269,2017,SISU,2015,2,2,CANCELADO REPROVOU TODAS POR FALTAS,2011,1,-8,Homem,Parda,Somente escola privada,1997,18,14,64991,2015.2,2011.1
900000707,00000001270,1999,VESTIBULAR / ENEM,2011,1,,GRADUADO,2010,2,0,Homem,Branca,Somente escola pública,1993,18,17,69876,2011.1,2010.2
900002140,00000001271,1999,SISU,2015,2,,REGULAR,-1,0,-4033,Mulher,Parda,Somente escola pública,1996,19,-1997,6430,2015.2,-1
900000877,00000001272,1999,VESTIBULAR,2009,2,,GRADUADO,2013,1,8,Homem,Parda,Somente escola privada,1986,23,27,70746,2009.2,2013.1
900000010,00000001273,1999,VESTIBULAR / ENEM,2013,1,,REGULAR,-1,0,-4028,Homem,Parda,Somente escola privada,1994,19,-1995,72678,2013.1,-1
900000558,00000001274,1999,VESTIBULAR / ENEM,2013,2,,REGULAR,-1,0,-4029,Homem,Parda,Somente escola pública,1993,20,-1994,6691,2013.2,-1
900002330,00000001275,2017,SISU,2017,2,2,CANCELAMENTO P/ SOLICITACAO ALUNO,2014,1,-6,Homem,Parda,Somente escola pública,1998,19,16,5789,2017.2,2014.1
900000255,00000001276,1999,SISU,2015,2,4,CANCELADO 3 REPROV MESMA DISCIPLINA,2010,2,-9,Homem,Não declarada,Somente escola privada,1998,17,12,65171,2015.2,2010.2
900002605,00000001277,2017,SISU,2021,1,5,REGULAR,-1,0,-4044,Homem,Parda,Somente escola pública,2005,16,-2006,723,2021.1,-1
900000337,00000001278,1999,VESTIBULAR / ENEM,2013,1,,CANCELAMENTO POR ABANDONO,2015,1,5,Homem,Não declarada,,1995,18,20,5474,2013.1,2015.1
900000090,00000001279,2017,SISU,2019,1,2,CANCELADO 3 REPROV MESMA DISCIPLINA,2014,2,-8,Homem,Não declarada,,2001,18,13,62899,2019.1,2014.2
900001816,00000001280,1999,SISU,2014,2,4,CANCELAMENTO POR ABANDONO,2015,2,3,Homem,Branca,Somente escola privada,1994,20,21,5894,2014.2,2015.2
900002405,00000001281,1999,VESTIBULAR,2009,1,,REGULAR,-1,0,-4020,Homem,Branca,Somente escola privada,1987,22,-1988,64009,2009.1,-1
900001085,00000001282,2017,SISU,2016,1,,REGULAR,-1,0,-4034,Homem,Branca,Somente escola privada,1993,23,-1994,61753,2016.1,-1
900002160,00000001283,1999,VESTIBULAR,2006,2,,CANCELADO 3 REPROV MESMA DISCIPLINA,2016,1,20,Homem,Branca,Somente escola privada,1987,19,29,6270,2006.2,2016.1
900000441,00000001284,1999,VESTIBULAR,2007,2,,CANCELADO 3 REPROV MESMA DISCIPLINA,2017,2,21,Homem,Branca,Somente escola privada,1987,20,30,606,2007.2,2017.2
900001764,00000001285,2017,SISU,2017,1,,REGULAR,-1,0,-4036,Homem,Branca,,1998,19,-1999,7011,2017.1,-1
900002283,00000001286,1999,VESTIBULAR / ENEM,2012,2,,CANCELAMENTO P/ SOLICITACAO ALUNO,2007,2,-9,Homem,Parda,Somente escola pública,1993,19,14,7040,2012.2,2007.2
900002190,00000001287,2017,REOPCAO,2019,2,,CANCELADO NOVO INGRESSO MESMO CURSO,2015,1,-8,Homem,Branca,Somente escola privada,2001,18,14,5729,2019.2,2015.1
900001886,00000001288,1999,VESTIBULAR,2010,2,,REGULAR,-1,0,-4023,Mulher,Branca,Somente escola privada,1992,18,-1993,6068,2010.2,-1
900001489,00000001289,1999,VESTIBULAR / ENEM,2013,1,,CANCELADO 3 REPROV MESMA DISCIPLINA,2020,1,15,Mulher,Parda,Somente escola pública,1995,18,25,70501,2013.1,2020.1
900001727,00000001290,2017,TRANSFERENCIA,2016,2,,REGULAR,-1,0,-4035,Homem,Branca,Somente escola privada,1997,19,-1998,69374,2016.2,-1
900000048,00000001291,1999,VESTIBULAR / ENEM,2012,2,,REGULAR,-1,0,-4027,Homem,Parda,Somente escola privada,1994,18,-1995,71984,2012.2,-1
900001989,00000001292,1999,SISU,2015,1,,CANCELADO REPROVOU TODAS POR FALTAS,2011,1,-7,Homem,Parda,Somente escola pública,1997,18,14,6983,2015.1,2011.1
900002435,00000001293,1999,VESTIBULAR / ENEM,2011,1,,CANCELADO REPROVOU TODAS POR FALTAS,2014,2,8,Homem,Branca,Somente escola privada,1993,18,21,58684,2011.1,2014.2
900000686,00000001294,2017,SISU,2018,1,,REGULAR,-1,0,-4038,Homem,Branca,,1998,20,-1999,6132,2018.1,-1
900002231,00000001295,2017,SISU,2016,2,,CANCELADO 3 REPROV MESMA DISCIPLINA,2014,1,-4,Homem,Branca,Somente escola privada,1997,19,17,6885,2016.2,2014.1
900002443,00000001296,1999,VESTIBULAR,2008,1,,GRADUADO,2016,1,17,Homem,Amarela,Somente escola privada,1989,19,27,6817,2008.1,2016.1
900000994,00000001297,2017,SISU,2019,2,3,CANCELADO 3 REPROV MESMA DISCIPLINA,2020,1,2,Homem,Parda,Somente escola pública,1972,47,48,6881,2019.2,2020.1
900001714,00000001298,2017,SISU,2019,1,5,GRADUADO,2019,2,2,Homem,Parda,Somente escola pública,1997,22,22,6514,2019.1,2019.2
900001599,00000001299,1999,VESTIBULAR,2006,2,,REGULAR,-1,0,-4015,Homem,Parda,Somente escola pública,1988,18,-1989,69388,2006.2,-1
900000718,00000001300,2017,SISU,2020,2,4,GRADUADO,2010,1,-20,Homem,Branca,"Pública e privada, tendo ficado mais tempo em escola pública",2002,18,8,70441,2020.2,2010.1
900001708,00000001301,1999,SISU,2015,2,,REGULAR,-1,0,-4033,Homem,Branca,Somente escola privada,1986,29,-1987,,2015.2,-1
900000467,00000001302,1999,VESTIBULAR / ENEM,2011,1,,GRADUADO,2016,2,12,Mulher,Branca,Somente escola privada,1991,20,25,61356,2011.1,2016.2
900001857,00000001303,1999,VESTIBULAR,2010,2,,CANCELAMENTO POR ABANDONO,2010,2,1,Homem,Preta,Somente escola privada,1992,18,18,6365,2010.2,2010.2
900000265,00000001304,1999,VESTIBULAR / ENEM,2013,1,4,GRADUADO,2010,1,-5,Homem,Parda,"Pública e privada, tendo ficado mais tempo em escola privada",1982,31,28,67592,2013.1,2010.1
900002050,00000001305,1999,SISU,2015,1,5,GRADUADO,2019,2,10,Homem,Amarela,Somente escola privada,1994,21,25,72266,2015.1,2019.2
900002352,00000001306,2017,SISU,2017,1,,REGULAR,-1,0,-4036,Homem,Branca,Somente escola privada,2001,16,-2002,5431,2017.1,-1
900002344,00000001307,2017,SISU,2017,2,2,CANCELAMENTO POR ABANDONO,2011,2,-11,Homem,Não declarada,,1998,19,13,745,2017.2,2011.2
900000055,00000001308,1999,VESTIBULAR / ENEM,2014,1,,REGULAR,-1,0,-4030,Homem,Branca,Somente escola privada,1990,24,-1991,7019,2014.1,-1
900000693,00000001309,2017,SISU,2017,1,2,REGULAR,-1,0,-4036,Mulher,Parda,Somente escola privada,2000,17,-2001,6347,2017.1,-1
900000643,00000001310,2017,SISU,2020,1,5,CANCELADO REPROVOU TODAS POR FALTAS,2012,1,-15,Homem,Branca,Somente escola privada,2001,19,11,6298,2020.1,2012.1
900002510,00000001311,2017,SISU,2016,2,,CANCELAMENTO POR ABANDONO,2007,1,-18,Mulher,Branca,Somente escola pública,1988,28,19,6473,2016.2,2007.1
900002152,00000001312,2017,SISU,2019,1,,GRADUADO,2020,1,3,Homem,Branca,Somente escola privada,2000,19,20,5992,2019.1,2020.1
900000192,00000001313,1999,VESTIBULAR / ENEM,2014,1,,CANCELADO 3 REPROV MESMA DISCIPLINA,2018,1,9,Mulher,Branca,Somente escola privada,1993,21,25,6286,2014.1,2018.1
900000003,00000001314,1999,VESTIBULAR / ENEM,2012,2,,REGULAR,-1,0,-4027,Homem,Parda,Somente escola privada,1995,17,-1996,6754,2012.2,-1
900002779,00000001315,2017,SISU,2017,2,,CANCELADO 3 REPROV MESMA DISCIPLINA,2020,1,6,Homem,Branca,Somente escola privada,1998,19,22,66634,2017.2,2020.1
900001783,00000001316,1999,VESTIBULAR / ENEM,2014,1,3,CANCELADO NOVO INGRESSO MESMO CURSO,2013,2,0,Homem,Branca,Somente escola pública,1988,26,25,6563,2014.1,2013.2
900001356,00000001317,1999,VESTIBULAR,2010,2,,CANCELAMENTO POR ABANDONO,2017,1,14,Mulher,Parda,Somente escola privada,1991,19,26,72063,2010.2,2017.1
900001852,00000001318,2017,SISU,2017,1,,REGULAR,-1,0,-4036,Homem,Parda,Somente escola privada,1998,19,-1999,67564,2017.1,-1
900000096,00000001319,1999,VESTIBULAR,2007,1,,REGULAR,-1,0,-4016,Mulher,Não declarada,,1989,18,-1990,66554,2007.1,-1
900002593,00000001320,2017,SISU,2018,1,,GRADUADO,2018,1,1,Mulher,Parda,Somente escola pública,1999,19,19,69996,2018.1,2018.1
900002265,00000001321,1999,VESTIBULAR / ENEM,2012,1,,REGULAR,-1,0,-4026,Homem,Preta,Somente escola pública,1981,31,-1982,66478,2012.1,-1
900000429,00000001322,2017,SISU,2017,2,3,REGULAR,-1,0,-4037,Homem,Parda,Somente escola pública,1999,18,-2000,60541,2017.2,-1
900001314,00000001323,1999,VESTIBULAR / ENEM,2013,1,,CANCELAMENTO P/ SOLICITACAO ALUNO,2017,2,10,Mulher,Branca,Somente escola privada,1993,20,24,62067,2013.1,2017.2
900000112,00000001324,1999,VESTIBULAR / ENEM,2011,1,,CANCELADO REPROVOU TODAS POR FALTAS,2010,2,0,Mulher,Branca,Somente escola privada,1990,21,20,69969,2011.1,2010.2
900002274,00000001325,2017,SISU,2021,1,,GRADUADO,2013,2,-14,Homem,Branca,Somente escola privada,2001,20,12,6285,2021.1,2013.2
900001561,00000001326,1999,VESTIBULAR,2009,2,,REGULAR,-1,0,-4021,Homem,Branca,,1983,26,-1984,761,2009.2,-1
900000224,00000001327,1999,VESTIBULAR / ENEM,2011,1,,REGULAR,-1,0,-4024,Homem,Parda,Somente escola pública,1986,25,-1987,64541,2011.1,-1
900001508,00000001328,1999,VESTIBULAR,2007,2,,GRADUADO,2011,1,8,Homem,Branca,,1982,25,29,5590,2007.2,2011.1
900002814,00000001329,1999,SISU,2016,2,2,CANCELADO REPROVOU TODAS POR FALTAS,2017,1,2,Homem,Branca,"Pública e privada, tendo ficado mais tempo em escola privada",1990,26,27,67633,2016.2,2017.1
900001977,00000001330,1999,VESTIBULAR / ENEM,2013,2,,CANCELADO NOVO INGRESSO MESMO CURSO,2013,1,0,Homem,Branca,Somente escola pública,1993,20,20,78235,2013.2,2013.1
900002516,00000001331,1999,VESTIBULAR,2006,1,,CANCELADO NOVO INGRESSO MESMO CURSO,2018,2,26,Homem,Não declarada,Somente escola privada,1987,19,31,6321,2006.1,2018.2
900001173,00000001332,1999,VESTIBULAR / ENEM,2012,1,,CANCELADO NOVO INGRESSO MESMO CURSO,2011,1,-1,Homem,Parda,Somente escola pública,1991,21,20,69658,2012.1,2011.1
900000271,00000001333,1999,VESTIBULAR,2006,1,,CANCELAMENTO P/ SOLICITACAO ALUNO,2011,1,11,Mulher,Não declarada,,1989,17,22,5842,2006.1,2011.1
900002189,00000001334,1999,VESTIBULAR / ENEM,2011,2,,CANCELADO REPROVOU TODAS POR FALTAS,2012,2,3,Homem,Parda,Somente escola pública,1980,31,32,726,2011.2,2012.2
900002702,00000001335,1999,VESTIBULAR / ENEM,2014,1,,CANCELADO 3 REPROV MESMA DISCIPLINA,2012,2,-2,Homem,Branca,Somente escola privada,1994,20,18,63220,2014.1,2012.2
900001740,00000001336,1999,VESTIBULAR / ENEM,2011,1,,REGULAR,-1,0,-4024,Homem,Branca,Somente escola pública,1988,23,-1989,6887,2011.1,-1
900001804,00000001337,1999,VESTIBULAR / ENEM,2011,1,,GRADUADO,2016,2,12,Homem,Branca,Somente escola pública,1993,18,23,6069,2011.1,2016.2
900002676,00000001338,1999,VESTIBULAR / ENEM,2013,2,,GRADUADO,2015,1,4,Mulher,Branca,Somente escola privada,1994,19,21,70635,2013.2,2015.1
900001404,00000001339,2017,SISU,2019,2,4,CANCELADO 3 REPROV MESMA DISCIPLINA,2013,1,-12,Homem,Branca,Somente escola privada,2001,18,12,5638,2019.2,2013.1
900001400,00000001340,1999,SISU,2016,2,3,GRADUADO,2020,1,8,Mulher,Branca,Somente escola privada,2000,16,20,5642,2016.2,2020.1
900002524,00000001341,2017,SISU,2018,1,,REGULAR,-1,0,-4038,Homem,Parda,Somente escola pública,1999,19,-2000,5904,2018.1,-1
900001611,00000001342,1999,VESTIBULAR,2006,2,,GRADUADO,2011,1,10,Homem,Branca,Somente escola pública,1981,25,30,6090,2006.2,2011.1
900002468,00000001343,2017,SISU,2014,2,5,GRADUADO,2020,1,12,Mulher,Não declarada,,1997,17,23,69279,2014.2,2020.1
900000135,00000001344,1999,VESTIBULAR,2010,2,,REGULAR,-1,0,-4023,Homem,Parda,Somente escola privada,1990,20,-1991,7243,2010.2,-1
900000523,00000001345,2017,SISU,2016,1,,GRADUADO,2017,1,3,Homem,Parda,Somente escola pública,1994,22,23,68930,2016.1,2017.1
900002334,00000001346,2017,SISU,2016,1,4,CANCELADO 3 REPROV MESMA DISCIPLINA,2016,1,1,Homem,Parda,,1999,17,17,611,2016.1,2016.1
900000099,00000001347,1999,VESTIBULAR / ENEM,2011,2,,CANCELAMENTO POR ABANDONO,2008,1,-6,Homem,Branca,Somente escola pública,1987,24,21,5713,2011.2,2008.1
900001877,00000001348,2017,SISU,2018,2,,REGULAR,-1,0,-4039,Mulher,Parda,Somente escola pública,1997,21,-1998,5908,2018.2,-1
900000063,00000001349,1999,VESTIBULAR,2009,1,,REGULAR,-1,0,-4020,Homem,Branca,Somente escola pública,1987,22,-1988,6657,2009.1,-1
900001157,00000001350,2017,SISU,2018,2,4,CANCELAMENTO POR ABANDONO,2016,2,-3,Homem,Parda,Somente escola privada,2001,17,15,6243,2018.2,2016.2
900002414,00000001351,1999,VESTIBULAR,2010,1,,REGULAR,-1,0,-4022,Homem,Não declarada,,1993,17,-1994,6090,2010.1,-1
900000148,00000001352,2017,SISU,2020,1,,CANCELADO REPROVOU TODAS POR FALTAS,2014,1,-11,Homem,Parda,Somente escola pública,2000,20,14,6455,2020.1,2014.1
900001640,00000001353,1999,VESTIBULAR / ENEM,2011,1,,REGULAR,-1,0,-4024,Homem,Branca,Somente escola privada,1991,20,-1992,6465,2011.1,-1
900000189,00000001354,2017,GRADUADO,2020,1,,CANCELADO NOVO INGRESSO MESMO CURSO,2014,2,-10,Mulher,Preta,Somente escola pública,2003,17,11,6316,2020.1,2014.2
900000590,00000001355,2017,SISU,2015,2,,REGULAR,-1,0,-4033,Homem,Parda,Somente escola pública,1996,19,-1997,59837,2015.2,-1
900000140,00000001356,2017,SISU,2018,1,2,CANCELADO NOVO INGRESSO MESMO CURSO,2016,2,-2,Homem,Branca,Somente escola pública,1997,21,19,63325,2018.1,2016.2
900000557,00000001357,1999,VESTIBULAR,2009,2,,CANCELAMENTO POR ABANDONO,2014,2,11,Homem,Não declarada,,1983,26,31,6374,2009.2,2014.2
900000111,00000001358,2017,SISU,2018,1,,REGULAR,-1,0,-4038,Homem,Branca,Somente escola pública,2000,18,-2001,5848,2018.1,-1
900001156,00000001359,2017,SISU,2017,2,2,REGULAR,-1,0,-4037,Homem,Parda,Somente escola privada,1999,18,-2000,5818,2017.2,-1
900000843,00000001360,1999,VESTIBULAR / ENEM,2011,2,,CANCELADO NOVO INGRESSO MESMO CURSO,2014,1,6,Homem,Parda,Somente escola privada,1991,20,23,64307,2011.2,2014.1
900001818,00000001361,2017,SISU,2015,2,,CANCELADO 3 REPROV MESMA DISCIPLINA,2019,2,9,Mulher,Não declarada,,1998,17,21,5733,2015.2,2019.2
900001568,00000001362,1999,VESTIBULAR,2008,1,,CANCELADO NOVO INGRESSO MESMO CURSO,2014,1,13,Mulher,Parda,Somente escola privada,1990,18,24,5896,2008.1,2014.1
900000831,00000001363,2017,SISU,2019,1,,GRADUADO,2010,1,-17,Homem,Branca,Somente escola privada,1997,22,13,65555,2019.1,2010.1
900000607,00000001364,2017,SISU,2020,2,,REGULAR,-1,0,-4043,Homem,Parda,Somente escola pública,2001,19,-2002,6216,2020.2,-1
900002732,00000001365,2017,SISU,2019,1,,CANCELAMENTO POR ABANDONO,2011,2,-14,Homem,Branca,,2002,17,9,7187,2019.1,2011.2
900001588,00000001366,1999,VESTIBULAR / ENEM,2013,2,,GRADUADO,2020,1,14,Homem,Não declarada,,1994,19,26,62334,2013.2,2020.1
900000266,00000001367,1999,VESTIBULAR / ENEM,2011,2,,CANCELADO 3 REPROV MESMA DISCIPLINA,2011,2,1,Homem,Parda,Somente escola pública,1990,21,21,6939,2011.2,2011.2
900000027,00000001368,2017,SISU,2015,1,,GRADUADO,2010,1,-9,Mulher,Não declarada,,1995,20,15,65248,2015.1,2010.1
900001960,00000001369,2017,SISU,2021,1,4,CANCELAMENTO P/ SOLICITACAO ALUNO,2013,2,-14,Homem,Parda,,2000,21,13,7068,2021.1,2013.2
900001916,00000001370,2017,SISU,2019,2,5,REGULAR,-1,0,-4041,Homem,Branca,Somente escola pública,1975,44,-1976,6078,2019.2,-1
900001975,00000001371,1999,VESTIBULAR,2010,2,,REGULAR,-1,0,-4023,Homem,Branca,Somente escola privada,1990,20,-1991,60235,2010.2,-1
900001793,00000001372,1999,VESTIBULAR / ENEM,2014,1,,REGULAR,-1,0,-4030,Mulher,Branca,Somente escola privada,1998,16,-1999,65715,2014.1,-1
900002474,00000001373,2017,SISU,2016,2,3,GRADUADO,2020,1,8,Homem,Branca,Somente escola privada,1998,18,22,6530,2016.2,2020.1
900001357,00000001374,1999,VESTIBULAR / ENEM,2012,2,,REGULAR,-1,0,-4027,Homem,Branca,Somente escola privada,1991,21,-1992,64507,2012.2,-1
900001522,00000001375,1999,VESTIBULAR,2010,1,,REGULAR,-1,0,-4022,Mulher,Parda,Somente escola privada,1992,18,-1993,65601,2010.1,-1
900001122,00000001376,2017,SISU,2019,2,2,REGULAR,-1,0,-4041,Homem,Preta,Somente escola privada,1996,23,-1997,6411,2019.2,-1
900001728,00000001377,2017,SISU,2018,2,,CANCELAMENTO POR ABANDONO,2014,2,-7,Homem,Parda,Somente escola privada,1995,23,19,68447,2018.2,2014.2
900000387,00000001378,2017,SISU,2020,1,2,GRADUADO,2020,1,1,Homem,Branca,Somente escola privada,2002,18,18,554,2020.1,2020.1
900001546,00000001379,1999,VESTIBULAR / ENEM,2013,1,,CANCELADO REPROVOU TODAS POR FALTAS,2010,2,-4,Homem,Branca,Somente escola pública,1994,19,16,68818,2013.1,2010.2
900001034,00000001380,1999,VESTIBULAR,2007,2,,GRADUADO,2014,1,14,Homem,Parda,,1988,19,26,62156,2007.2,2014.1
900001135,00000001381,2017,SISU,2016,2,5,CANCELAMENTO POR ABANDONO,2009,2,-13,Mulher,Parda,Somente escola pública,1998,18,11,7398,2016.2,2009.2
900002765,00000001382,1999,VESTIBULAR,2009,1,,CANCELADO REPROVOU TODAS POR FALTAS,2016,2,16,Homem,Parda,,1990,19,26,554,2009.1,2016.2
900001348,00000001383,2017,SISU,2020,2,3,REGULAR,-1,0,-4043,Mulher,Não declarada,,1998,22,-1999,58614,2020.2,-1
900000141,00000001384,1999,VESTIBULAR / ENEM,2012,1,,REGULAR,-1,0,-4026,Homem,Branca,,1995,17,-1996,6485,2012.1,-1
900002088,00000001385,1999,VESTIBULAR / ENEM,2011,2,,CANCELAMENTO POR ABANDONO,2016,1,10,Homem,Parda,Somente escola privada,1995,16,21,6930,2011.2,2016.1
900000418,00000001386,1999,VESTIBULAR / ENEM,2013,2,,REGULAR,-1,0,-4029,Mulher,Parda,Somente escola pública,1992,21,-1993,647,2013.2,-1
900002486,00000001387,2017,SISU,2021,1,5,REGULAR,-1,0,-4044,Homem,Parda,Somente escola privada,2004,17,-2005,79049,2021.1,-1
900001479,00000001388,1999,VESTIBULAR / ENEM,2014,1,,GRADUADO,2011,1,-5,Homem,Parda,Somente escola privada,1993,21,18,550,2014.1,2011.1
900001692,00000001389,2017,SISU,2016,1,,GRADUADO,2016,2,2,Homem,Parda,Somente escola pública,1992,24,24,70566,2016.1,2016.2
900001125,00000001390,2017,SISU,2020,2,,CANCELADO 3 REPROV MESMA DISCIPLINA,2017,2,-5,Homem,Branca,Somente escola privada,2002,18,15,67445,2020.2,2017.2
900001317,00000001391,2017,SISU,2017,2,4,CANCELAMENTO P/ SOLICITACAO ALUNO,2018,2,3,Homem,Amarela,Somente escola privada,1995,22,23,5252,2017.2,2018.2
900001899,00000001392,1999,REOPCAO,2008,2,,REGULAR,-1,0,-4019,Homem,Não declarada,,1990,18,-1991,6848,2008.2,-1
900000316,00000001393,1999,SISU,2016,1,,REGULAR,-1,0,-4034,Homem,Não declarada,Somente escola privada,1998,18,-1999,6130,2016.1,-1
900001995,00000001394,1999,SISU,2014,2,5,CANCELADO REPROVOU TODAS POR FALTAS,2019,1,10,Homem,Branca,Somente escola privada,1997,17,22,66939,2014.2,2019.1
900000526,00000001395,2017,SISU,2017,1,,CANCELAMENTO POR ABANDONO,2018,1,3,Homem,Preta,,1999,18,19,7771,2017.1,2018.1
900002504,00000001396,2017,SISU,2017,1,,GRADUADO,2009,2,-14,Homem,Parda,Somente escola privada,1996,21,13,68656,2017.1,2009.2
900002326,00000001397,1999,VESTIBULAR / ENEM,2012,1,,REGULAR,-1,0,-4026,Homem,Parda,Somente escola pública,1990,22,-1991,62350,2012.1,-1
900000159,00000001398,1999,VESTIBULAR,2010,2,,GRADUADO,2015,2,11,Homem,Branca,Somente escola privada,1993,17,22,6042,2010.2,2015.2
900000179,00000001399,2017,SISU,2020,1,4,REGULAR,-1,0,-4042,Homem,Branca,Somente escola privada,2001,19,-2002,6018,2020.1,-1
900002719,00000001400,2017,SISU,2020,2,2,CANCELADO 3 REPROV MESMA DISCIPLINA,2010,2,-19,Homem,Parda,Somente escola pública,1992,28,18,6425,2020.2,2010.2
900002092,00000001401,2017,SISU,2019,1,,REGULAR,-1,0,-4040,Homem,Branca,Somente escola privada,2001,18,-2002,72875,2019.1,-1
900001683,00000001402,2017,SISU,2019,2,,CANCELADO NOVO INGRESSO MESMO CURSO,2012,2,-13,Homem,Parda,Somente escola privada,2002,17,10,6172,2019.2,2012.2
900001072,00000001403,1999,VESTIBULAR,2009,1,,CANCELAMENTO POR ABANDONO,2011,1,5,Homem,Branca,Somente escola pública,1989,20,22,6613,2009.1,2011.1
900000978,00000001404,2017,SISU,2021,1,,REGULAR,-1,0,-4044,Homem,Parda,Somente escola privada,2000,21,-2001,7590,2021.1,-1
900000552,00000001405,1999,VESTIBULAR / ENEM,2012,2,,CANCELAMENTO POR ABANDONO,2015,1,6,Homem,Parda,Somente escola pública,1990,22,25,70650,2012.2,2015.1
900001691,00000001406,2017,SISU,2018,1,,CANCELADO NOVO INGRESSO MESMO CURSO,2013,2,-8,Mulher,Parda,Somente escola pública,1998,20,15,5206,2018.1,2013.2
900000184,00000001407,1999,VESTIBULAR / ENEM,2013,2,,GRADUADO,2019,1,12,Mulher,Parda,Somente escola pública,1993,20,26,68490,2013.2,2019.1
900002768,00000001408,2017,SISU,2021,1,2,CANCELADO REPROVOU TODAS POR FALTAS,2013,1,-15,Homem,Branca,Somente escola privada,1999,22,14,6593,2021.1,2013.1
900001810,00000001409,1999,VESTIBULAR / ENEM,2012,1,,CANCELADO NOVO INGRESSO OUTRO CURSO,2014,2,6,Homem,Preta,Somente escola privada,1992,20,22,691,2012.1,2014.2
900002370,00000001410,1999,VESTIBULAR,2009,1,,REGULAR,-1,0,-4020,Mulher,Parda,Somente escola pública,1990,19,-1991,,2009.1,-1
900000646,00000001411,1999,SISU,2015,1,,GRADUADO,2012,1,-5,Homem,Parda,Somente escola pública,1999,16,13,5768,2015.1,2012.1
900002757,00000001412,2017,SISU,2019,2,3,GRADUADO,2010,1,-18,Homem,Branca,,2002,17,8,68035,2019.2,2010.1
900000470,00000001413,1999,VESTIBULAR / ENEM,2012,2,,REGULAR,-1,0,-4027,Mulher,Branca,Somente escola privada,1992,20,-1993,,2012.2,-1
900001851,00000001414,2017,SISU,2021,1,2,CANCELADO NOVO INGRESSO MESMO CURSO,2012,2,-16,Homem,Preta,Somente escola pública,2001,20,11,63236,2021.1,2012.2
900000282,00000001415,2017,SISU,2015,2,2,REGULAR,-1,0,-4033,Homem,Parda,Somente escola privada,1999,16,-2000,72348,2015.2,-1
900000901,00000001416,2017,SISU,2020,1,,GRADUADO,2015,1,-9,Homem,Branca,Somente escola privada,2002,18,13,6277,2020.1,2015.1
900001765,00000001417,1999,VESTIBULAR,2010,2,,REGULAR,-1,0,-4023,Homem,Parda,Somente escola privada,1993,17,-1994,69076,2010.2,-1
900000880,00000001418,1999,VESTIBULAR / ENEM,2014,1,,CANCELADO NOVO INGRESSO MESMO CURSO,2013,2,0,Homem,Branca,Somente escola pública,1990,24,23,6513,2014.1,2013.2
900000080,00000001419,1999,CONVENIO PEC-G,2011,1,,CANCELADO REPROVOU TODAS POR FALTAS,2012,1,3,Homem,Parda,Somente escola privada,1991,20,21,6333,2011.1,2012.1
900000041,00000001420,2017,SISU,2015,1,,GRADUADO,2015,1,1,Homem,Não declarada,Somente escola privada,1995,20,20,5583,2015.1,2015.1
900002700,00000001421,1999,VESTIBULAR / ENEM,2012,1,,CANCELADO REPROVOU TODAS POR FALTAS,2009,2,-4,Mulher,Não declarada,,1994,18,15,5828,2012.1,2009.2
900002527,00000001422,2017,SISU,2018,1,2,REGULAR,-1,0,-4038,Homem,Branca,Somente escola privada,1999,19,-2000,65979,2018.1,-1
900001875,00000001423,1999,VESTIBULAR / ENEM,2013,1,,REGULAR,-1,0,-4028,Homem,Parda,Somente escola pública,1988,25,-1989,5992,2013.1,-1
900001766,00000001424,1999,TRANSFERENCIA,2009,1,,REGULAR,-1,0,-4020,Homem,Não declarada,,1990,19,-1991,6008,2009.1,-1
900002429,00000001425,1999,VESTIBULAR / ENEM,2011,1,,REGULAR,-1,0,-4024,Homem,Parda,Somente escola pública,1990,21,-1991,65648,2011.1,-1
900000404,00000001426,2017,SISU,2017,1,,REGULAR,-1,0,-4036,Homem,Parda,Somente escola privada,1995,22,-1996,6347,2017.1,-1
900002199,00000001427,1999,VESTIBULAR / ENEM,2012,2,,GRADUADO,2019,2,15,Homem,Branca,Somente escola privada,1992,20,27,6008,2012.2,2019.2
900000243,00000001428,2017,SISU,2019,2,,CANCELADO 3 REPROV MESMA DISCIPLINA,2015,2,-7,Homem,Parda,Somente escola pública,2000,19,15,66613,2019.2,2015.2
900002125,00000001429,1999,VESTIBULAR,2010,1,,REGULAR,-1,0,-4022,Mulher,Não declarada,,1989,21,-1990,6127,2010.1,-1
900001266,00000001430,1999,VESTIBULAR,2006,1,,GRADUADO,2016,2,22,Mulher,Não declarada,,1988,18,28,664,2006.1,2016.2
900001366,00000001431,2017,SISU,2020,1,,CANCELADO REPROVOU TODAS POR FALTAS,2016,2,-6,Homem,Branca,Somente escola pública,2002,18,14,6897,2020.1,2016.2
900001878,00000001432,1999,SISU,2015,2,,GRADUADO,2015,1,0,Homem,Branca,,1996,19,19,6687,2015.2,2015.1
900000254,00000001433,2017,SISU,2017,2,,REGULAR,-1,0,-4037,Homem,Parda,Somente escola pública,1999,18,-2000,61155,2017.2,-1
900001061,00000001434,1999,VESTIBULAR / ENEM,2011,1,,CANCELAMENTO POR ABANDONO,2007,2,-6,Homem,Branca,Somente escola privada,1995,16,12,6681,2011.1,2007.2
900001552,00000001435,2017,SISU,2015,1,,REGULAR,-1,0,-4032,Homem,Não declarada,,1995,20,-1996,76588,2015.1,-1
900000104,00000001436,2017,SISU,2019,2,,REGULAR,-1,0,-4041,Homem,Preta,Somente escola pública,1996,23,-1997,7383,2019.2,-1
900001724,00000001437,2017,SISU,2015,2,,REGULAR,-1,0,-4033,Mulher,Parda,Somente escola privada,1996,19,-1997,6295,2015.2,-1
900002014,00000001438,1999,VESTIBULAR / ENEM,2011,2,,CANCELAMENTO POR ABANDONO,2013,2,5,Homem,Branca,Somente escola privada,1993,18,20,,2011.2,2013.2
900001410,00000001439,2017,SISU,2018,2,,CANCELADO 3 REPROV MESMA DISCIPLINA,2018,1,0,Homem,Branca,"Pública e privada, tendo ficado mais tempo em escola privada",1999,19,19,5708,2018.2,2018.1
900002624,00000001440,2017,SISU,2016,2,3,GRADUADO,2015,1,-2,Homem,Preta,Somente escola pública,1988,28,27,67818,2016.2,2015.1
900001592,00000001441,1999,VESTIBULAR,2010,2,,CANCELADO 3 REPROV MESMA DISCIPLINA,2016,2,13,Homem,Amarela,Somente escola privada,1989,21,27,5842,2010.2,2016.2
900001864,00000001442,1999,SISU,2015,1,,CANCELAMENTO P/ SOLICITACAO ALUNO,2014,1,-1,Mulher,Parda,Somente escola pública,1995,20,19,6655,2015.1,2014.1
900002000,00000001443,2017,SISU,2017,2,5,CANCELADO NOVO INGRESSO OUTRO CURSO,2011,1,-12,Homem,Não declarada,,2000,17,11,67845,2017.2,2011.1
900000958,00000001444,2017,SISU,2016,1,,GRADUADO,2018,2,6,Homem,Branca,Somente escola privada,1992,24,26,620,2016.1,2018.2
900000025,00000001445,1999,VESTIBULAR,2009,2,,REGULAR,-1,0,-4021,Homem,Branca,,1990,19,-1991,6258,2009.2,-1
900000133,00000001446,2017,SISU,2020,2,3,GRADUADO,2013,2,-13,Homem,Parda,Somente escola pública,1996,24,17,58791,2020.2,2013.2
900000126,00000001447,1999,SISU,2014,2,,REGULAR,-1,0,-4031,Homem,Branca,Somente escola pública,1982,32,-1983,7199,2014.2,-1
900002678,00000001448,2017,SISU,2017,2,,GRADUADO,2014,2,-5,Homem,Parda,Somente escola pública,1998,19,16,5821,2017.2,2014.2
900002345,00000001449,1999,VESTIBULAR / ENEM,2014,1,5,CANCELADO REPROVOU TODAS POR FALTAS,2014,2,2,Homem,Parda,Somente escola pública,1992,22,22,72216,2014.1,2014.2
900000213,00000001450,2017,SISU,2018,1,4,CANCELADO NOVO INGRESSO OUTRO CURSO,2012,2,-10,Homem,Branca,Somente escola pública,2000,18,12,68085,2018.1,2012.2
900001039,00000001451,2017,SISU,2021,1,,GRADUADO,2013,2,-14,Homem,Parda,Somente escola privada,2003,18,10,557,2021.1,2013.2
900002026,00000001452,1999,VESTIBULAR,2009,1,,CANCELADO NOVO INGRESSO MESMO CURSO,2019,2,22,Homem,Parda,Somente escola privada,1992,17,27,,2009.1,2019.2
900001636,00000001453,1999,VESTIBULAR,2006,2,,GRADUADO,2019,1,26,Homem,Branca,Somente escola privada,1989,17,30,69597,2006.2,2019.1
900000525,00000001454,1999,VESTIBULAR,2008,1,,REGULAR,-1,0,-4018,Homem,Branca,Somente escola privada,1990,18,-1991,67433,2008.1,-1
900000671,00000001455,1999,VESTIBULAR,2010,1,,CANCELADO NOVO INGRESSO MESMO CURSO,2019,2,20,Homem,Branca,Somente escola privada,1991,19,28,65991,2010.1,2019.2
900000553,00000001456,1999,VESTIBULAR / ENEM,2012,2,,REGULAR,-1,0,-4027,Homem,Branca,Somente escola privada,1993,19,-1994,580,2012.2,-1
900002379,00000001457,1999,VESTIBULAR,2006,2,,CANCELADO NOVO INGRESSO MESMO CURSO,2011,1,10,Homem,Branca,Somente escola privada,1983,23,28,769,2006.2,2011.1
900000681,00000001458,1999,VESTIBULAR / ENEM,2012,2,,REGULAR,-1,0,-4027,Homem,Parda,Somente escola pública,1990,22,-1991,,2012.2,-1
900000587,00000001459,1999,TRANSFERENCIA,2012,1,,GRADUADO,2015,2,8,Homem,Parda,,1993,19,22,68350,2012.1,2015.2
900000675,00000001460,2017,SISU,2016,2,,CANCELAMENTO POR ABANDONO,2018,1,4,Homem,Branca,Somente escola pública,1992,24,26,5277,2016.2,2018.1
900001165,00000001461,1999,VESTIBULAR,2007,2,,REGULAR,-1,0,-4017,Homem,Branca,"Pública e privada, tendo ficado mais tempo em escola privada",1984,23,-1985,6493,2007.2,-1
900000623,00000001462,2017,SISU,2018,2,2,CANCELADO REPROVOU TODAS POR FALTAS,2014,1,-8,Homem,Branca,Somente escola pública,1992,26,22,6738,2018.2,2014.1
900002210,00000001463,1999,VESTIBULAR / ENEM,2014,1,,CANCELADO NOVO INGRESSO MESMO CURSO,2013,2,0,Homem,Branca,Somente escola privada,1994,20,19,,2014.1,2013.2
900001771,00000001464,1999,TRANSFERENCIA,2013,2,,REGULAR,-1,0,-4029,Homem,Parda,Somente escola pública,1995,18,-1996,6579,2013.2,-1
900001339,00000001465,2017,SISU,2021,1,3,REGULAR,-1,0,-4044,Mulher,Parda,Somente escola pública,1999,22,-2000,599,2021.1,-1
900001657,00000001466,1999,VESTIBULAR / ENEM,2011,1,,REGULAR,-1,0,-4024,Homem,Branca,Somente escola privada,1993,18,-1994,5936,2011.1,-1
900002742,00000001467,1999,VESTIBULAR,2009,2,,REGULAR,-1,0,-4021,Homem,Parda,Somente escola pública,1990,19,-1991,6377,2009.2,-1
900000700,00000001468,1999,VESTIBULAR / ENEM,2013,2,5,GRADUADO,2014,1,2,Homem,Parda,Somente escola pública,1993,20,21,67754,2013.2,2014.1
900001720,00000001469,2017,SISU,2020,1,,CANCELADO NOVO INGRESSO MESMO CURSO,2017,2,-4,Homem,Parda,Somente escola privada,1999,21,18,6940,2020.1,2017.2
900001395,00000001470,1999,VESTIBULAR,2007,2,,REGULAR,-1,0,-4017,Homem,Parda,Somente escola privada,1985,22,-1986,6956,2007.2,-1
900002614,00000001471,1999,VESTIBULAR / ENEM,2014,1,4,CANCELADO REPROVOU TODAS POR FALTAS,2009,1,-9,Mulher,Parda,Somente escola privada,1994,20,15,53609,2014.1,2009.1
900000484,00000001472,2017,SISU,2015,1,4,REGULAR,-1,0,-4032,Homem,Branca,Somente escola privada,1996,19,-1997,611,2015.1,-1
900000816,00000001473,2017,SISU,2019,1,3,CANCELADO 3 REPROV MESMA DISCIPLINA,2017,2,-2,Mulher,Branca,,2000,19,17,6981,2019.1,2017.2
900000736,00000001474,2017,SISU,2019,1,,GRADUADO,2017,2,-2,Mulher,Parda,Somente escola pública,2002,17,15,6327,2019.1,2017.2
900002761,00000001475,1999,VESTIBULAR,2010,2,,CANCELAMENTO POR ABANDONO,2007,2,-5,Homem,Parda,Somente escola privada,1991,19,16,62685,2010.2,2007.2
900000305,00000001476,2017,SISU,2020,1,4,CANCELADO 3 REPROV MESMA DISCIPLINA,2012,1,-15,Homem,Parda,Somente escola privada,2001,19,11,70799,2020.1,2012.1
900000117,00000001477,1999,SISU,2014,2,5,REGULAR,-1,0,-4031,Mulher,Branca,Somente escola pública,1998,16,-1999,75292,2014.2,-1
900001642,00000001478,2017,SISU,2020,2,,GRADUADO,2018,2,-3,Homem,Parda,Somente escola pública,2000,20,18,5277,2020.2,2018.2
900001229,00000001479,2017,SISU,2017,2,,CANCELADO 3 REPROV MESMA DISCIPLINA,2015,1,-4,Homem,Parda,"Pública e privada, tendo ficado mais tempo em escola privada",1999,18,16,5479,2017.2,2015.1
900002149,00000001480,2017,SISU,2017,2,5,CANCELADO NOVO INGRESSO MESMO CURSO,2011,2,-11,Homem,Preta,Somente escola pública,1999,18,12,609,2017.2,2011.2
900000699,00000001481,2017,SISU,2019,1,,CANCELAMENTO P/ SOLICITACAO ALUNO,2011,1,-15,Homem,Parda,Somente escola privada,1999,20,12,6353,2019.1,2011.1
900001141,00000001482,1999,VESTIBULAR,2007,1,,CANCELADO 3 REPROV MESMA DISCIPLINA,2016,2,20,Homem,Branca,,1988,19,28,63573,2007.1,2016.2
900001025,00000001483,1999,SISU,2014,2,2,REGULAR,-1,0,-4031,Homem,Não declarada,,1994,20,-1995,72334,2014.2,-1
900002239,00000001484,2017,SISU,2020,1,3,REGULAR,-1,0,-4042,Homem,Branca,Somente escola privada,2002,18,-2003,60114,2020.1,-1
900002463,00000001485,2017,SISU,2020,1,2,CANCELADO 3 REPROV MESMA DISCIPLINA,2016,2,-6,Homem,Branca,Somente escola privada,2001,19,15,65755,2020.1,2016.2
900000043,00000001486,2017,SISU,2019,2,4,CANCELADO NOVO INGRESSO MESMO CURSO,2014,2,-9,Mulher,Branca,Somente escola pública,2000,19,14,69302,2019.2,2014.2
900002292,00000001487,1999,VESTIBULAR / ENEM,2014,1,,CANCELAMENTO P/ SOLICITACAO ALUNO,2015,1,3,Homem,Parda,Somente escola privada,1989,25,26,6692,2014.1,2015.1
900000836,00000001488,2017,SISU,2015,2,,GRADUADO,2020,1,10,Homem,Branca,Somente escola pública,1999,16,21,6327,2015.2,2020.1
900001526,00000001489,2017,SISU,2017,2,5,GRADUADO,2014,2,-5,Homem,Branca,Somente escola privada,1997,20,17,,2017.2,2014.2
900001239,00000001490,1999,SISU,2014,2,,CANCELADO NOVO INGRESSO MESMO CURSO,2012,1,-4,Mulher,Parda,Somente escola pública,1996,18,16,,2014.2,2012.1
900001381,00000001491,1999,SISU,2015,2,5,GRADUADO,2016,1,2,Mulher,Branca,Somente escola privada,1998,17,18,6425,2015.2,2016.1
900002111,00000001492,2017,SISU,2016,2,,CANCELADO 3 REPROV MESMA DISCIPLINA,2015,2,-1,Homem,Parda,Somente escola privada,2000,16,15,5994,2016.2,2015.2
900002391,00000001493,1999,VESTIBULAR,2010,1,,CANCELADO NOVO INGRESSO MESMO CURSO,2012,1,5,Homem,Parda,Somente escola pública,1992,18,20,61402,2010.1,2012.1
900001374,00000001494,1999,VESTIBULAR / ENEM,2011,1,,REGULAR,-1,0,-4024,Homem,Branca,Somente escola privada,1992,19,-1993,59778,2011.1,-1
900000214,00000001495,2017,SISU,2018,1,,REGULAR,-1,0,-4038,Mulher,Não declarada,,2001,17,-2002,5817,2018.1,-1
900002750,00000001496,1999,SISU,2016,1,3,REGULAR,-1,0,-4034,Mulher,Parda,Somente escola privada,1997,19,-1998,63370,2016.1,-1
900000154,00000001497,1999,VESTIBULAR / ENEM,2011,1,,REGULAR,-1,0,-4024,Mulher,Preta,Somente escola privada,1993,18,-1994,6520,2011.1,-1
900001524,00000001498,1999,VESTIBULAR / ENEM,2012,2,,CANCELAMENTO POR ABANDONO,2013,1,2,Homem,Não declarada,,1992,20,21,6983,2012.2,2013.1
900000407,00000001499,1999,VESTIBULAR / ENEM,2012,1,,GRADUADO,2014,1,5,Homem,Parda,Somente escola pública,1994,18,20,72776,2012.1,2014.1
900000330,00000001500,2017,SISU,2020,2,4,CANCELADO REPROVOU TODAS POR FALTAS,2017,1,-6,Homem,Parda,Somente escola pública,2001,19,16,74372,2020.2,2017.1
900001881,00000001501,1999,VESTIBULAR / ENEM,2012,2,,CANCELADO REPROVOU TODAS POR FALTAS,2014,1,4,Homem,Parda,Somente escola pública,1995,17,19,575,2012.2,2014.1
900001954,00000001502,1999,SISU,2016,1,4,CANCELAMENTO POR ABANDONO,2017,1,3,Homem,Branca,Somente escola pública,1991,25,26,68810,2016.1,2017.1
900000268,00000001503,1999,VESTIBULAR / ENEM,2012,1,,REGULAR,-1,0,-4026,Homem,Branca,Somente escola privada,1996,16,-1997,630,2012.1,-1
900002795,00000001504,1999,VESTIBULAR / ENEM,2012,1,,CANCELADO REPROVOU TODAS POR FALTAS,2014,2,6,Homem,Parda,Somente escola pública,1994,18,20,6649,2012.1,2014.2
900000227,00000001505,2017,SISU,2018,2,3,CANCELAMENTO POR ABANDONO,2015,1,-6,Homem,Parda,,1999,19,16,66650,2018.2,2015.1
900002723,00000001506,1999,VESTIBULAR,2010,2,,CANCELADO REPROVOU TODAS POR FALTAS,2017,1,14,Homem,Branca,,1992,18,25,78642,2010.2,2017.1
900000245,00000001507,1999,VESTIBULAR,2007,2,,REGULAR,-1,0,-4017,Homem,Branca,,1986,21,-1987,6424,2007.2,-1
900000865,00000001508,1999,VESTIBULAR,2010,1,,GRADUADO,2014,2,10,Mulher,Branca,Somente escola privada,1986,24,28,,2010.1,2014.2
900001337,00000001509,2017,SISU,2021,1,,REGULAR,-1,0,-4044,Homem,Branca,Somente escola privada,1999,22,-2000,60269,2021.1,-1
900002451,00000001510,2017,SISU,2017,2,4,CANCELADO REPROVOU TODAS POR FALTAS,2018,2,3,Homem,Parda,Somente escola pública,1997,20,21,69675,2017.2,2018.2
900000730,00000001511,1999,VESTIBULAR / ENEM,2011,2,,CANCELADO NOVO INGRESSO MESMO CURSO,2016,2,11,Homem,Parda,"Pública e privada, tendo ficado mais tempo em escola privada",1992,19,24,6568,2011.2,2016.2
900001297,00000001512,2017,SISU,2016,2,2,CANCELADO NOVO INGRESSO MESMO CURSO,2016,2,1,Homem,Branca,Somente escola privada,1997,19,19,,2016.2,2016.2
900002178,00000001513,2017,SISU,2018,1,2,GRADUADO,2017,1,-1,Homem,Branca,Somente escola privada,1996,22,21,77319,2018.1,2017.1
900001322,00000001514,2017,SISU,2015,1,,CANCELADO 3 REPROV MESMA DISCIPLINA,2017,1,5,Homem,Não declarada,Somente escola privada,1998,17,19,61499,2015.1,2017.1
900001732,00000001515,2017,SISU,2019,2,2,REGULAR,-1,0,-4041,Homem,Parda,Somente escola privada,2001,18,-2002,52883,2019.2,-1
900000299,00000001516,1999,TRANSFERENCIA,2014,2,,CANCELADO REPROVOU TODAS POR FALTAS,2014,2,1,Mulher,Não declarada,,1998,16,16,6003,2014.2,2014.2
900001144,00000001517,2017,SISU,2016,2,4,REGULAR,-1,0,-4035,Homem,Parda,Somente escola pública,1997,19,-1998,6144,2016.2,-1
900000848,00000001518,2017,SISU,2020,2,,REGULAR,-1,0,-4043,Homem,Branca,Somente escola pública,2002,18,-2003,69039,2020.2,-1
900000953,00000001519,1999,VESTIBULAR / ENEM,2013,2,4,GRADUADO,2013,1,0,Homem,Branca,Somente escola pública,1995,18,18,6126,2013.2,2013.1
900002034,00000001520,1999,VESTIBULAR / ENEM,2012,2,,REGULAR,-1,0,-4027,Homem,Branca,Somente escola privada,1993,19,-1994,6523,2012.2,-1
900000022,00000001521,2017,SISU,2017,1,,REGULAR,-1,0,-4036,Homem,Branca,Somente escola pública,1998,19,-1999,5957,2017.1,-1
900001386,00000001522,2017,SISU,2020,2,,GRADUADO,2019,2,-1,Homem,Branca,Somente escola privada,1999,21,20,5872,2020.2,2019.2
900000900,00000001523,1999,VESTIBULAR / ENEM,2012,2,,CANCELADO NOVO INGRESSO MESMO CURSO,2009,2,-5,Homem,Branca,Somente escola pública,1990,22,19,62943,2012.2,2009.2
900001590,00000001524,2017,REOPCAO,2019,2,,REGULAR,-1,0,-4041,Homem,Parda,Somente escola pública,1998,21,-1999,6599,2019.2,-1
900000738,00000001525,1999,VESTIBULAR / ENEM,2012,1,,REGULAR,-1,0,-4026,Homem,Parda,,1994,18,-1995,6096,2012.1,-1
900002721,00000001526,2017,SISU,2019,1,,GRADUADO,2018,1,-1,Homem,Branca,Somente escola privada,1995,24,23,65530,2019.1,2018.1
900001435,00000001527,2017,SISU,2015,1,,GRADUADO,2012,2,-4,Homem,Não declarada,Somente escola pública,1988,27,24,6615,2015.1,2012.2
900002543,00000001528,2017,SISU,2015,1,,CANCELAMENTO POR ABANDONO,2017,2,6,Homem,Branca,Somente escola privada,1996,19,21,6168,2015.1,2017.2
900002138,00000001529,1999,VESTIBULAR / ENEM,2011,1,,REGULAR,-1,0,-4024,Homem,Branca,,1994,17,-1995,62155,2011.1,-1
900002647,00000001530,1999,VESTIBULAR,2009,2,,GRADUADO,2013,1,8,Homem,Branca,Somente escola privada,1986,23,27,6886,2009.2,2013.1
900001729,00000001531,1999,VESTIBULAR / ENEM,2011,2,,GRADUADO,2012,1,2,Homem,Parda,Somente escola pública,1990,21,22,64761,2011.2,2012.1
900002091,00000001532,1999,VESTIBULAR / ENEM,2013,2,,REGULAR,-1,0,-4029,Homem,Parda,,1993,20,-1994,5757,2013.2,-1
900001192,00000001533,1999,VESTIBULAR / ENEM,2011,2,,CANCELADO NOVO INGRESSO MESMO CURSO,2014,1,6,Homem,Não declarada,,1986,25,28,6756,2011.2,2014.1
900002538,00000001534,2017,SISU,2017,1,5,CANCELADO NOVO INGRESSO MESMO CURSO,2012,1,-9,Homem,Branca,,1998,19,14,63062,2017.1,2012.1
900001747,00000001535,1999,VESTIBULAR / ENEM,2012,2,,REGULAR,-1,0,-4027,Homem,Parda,Somente escola pública,1994,18,-1995,,2012.2,-1
900001861,00000001536,2017,SISU,2021,1,9,CANCELAMENTO POR ABANDONO,2015,1,-11,Homem,Parda,Somente escola pública,1997,24,18,59172,2021.1,2015.1
900002403,00000001537,2017,SISU,2018,1,,REGULAR,-1,0,-4038,Homem,Parda,Somente escola pública,1996,22,-1997,6637,2018.1,-1
900001227,00000001538,2017,SISU,2017,2,2,CANCELADO REPROVOU TODAS POR FALTAS,2017,2,1,Homem,Branca,Somente escola pública,1998,19,19,6061,2017.2,2017.2
900001828,00000001539,2017,SISU,2019,1,5,CANCELADO 3 REPROV MESMA DISCIPLINA,2020,2,4,Homem,Parda,Somente escola pública,1990,29,30,6448,2019.1,2020.2
900001690,00000001540,2017,SISU,2014,2,,GRADUADO,2018,2,9,Homem,Branca,Somente escola privada,1998,16,20,,2014.2,2018.2
900000431,00000001541,2017,SISU,2020,2,,REGULAR,-1,0,-4043,Homem,Amarela,Somente escola privada,2001,19,-2002,6800,2020.2,-1
900002794,00000001542,1999,VESTIBULAR,2009,2,,REGULAR,-1,0,-4021,Homem,Parda,Somente escola privada,1987,22,-1988,6680,2009.2,-1
900001126,00000001543,1999,VESTIBULAR,2009,2,,CANCELAMENTO POR ABANDONO,2016,2,15,Homem,Parda,,1989,20,27,5910,2009.2,2016.2
900001717,00000001544,2017,SISU,2019,2,2,CANCELADO NOVO INGRESSO MESMO CURSO,2011,1,-16,Homem,Branca,Somente escola privada,2002,17,9,70580,2019.2,2011.1
900000521,00000001545,2017,SISU,2020,2,,GRADUADO,2010,2,-19,Homem,Branca,Somente escola privada,2004,16,6,576,2020.2,2010.2
900002705,00000001546,2017,SISU,2019,2,,CANCELAMENTO POR ABANDONO,2016,1,-6,Homem,Branca,Somente escola privada,1998,21,18,62407,2019.2,2016.1
900000586,00000001547,1999,VESTIBULAR,2006,2,,CANCELADO 3 REPROV MESMA DISCIPLINA,2017,2,23,Homem,Branca,Somente escola privada,1986,20,31,63034,2006.2,2017.2
900001163,00000001548,1999,VESTIBULAR / ENEM,2011,1,,CANCELADO REPROVOU TODAS POR FALTAS,2011,1,1,Homem,Não declarada,,1994,17,17,6829,2011.1,2011.1
900000504,00000001549,2017,SISU,2018,2,5,REGULAR,-1,0,-4039,Homem,Branca,Somente escola privada,2001,17,-2002,64459,2018.2,-1
900002369,00000001550,1999,VESTIBULAR / ENEM,2012,2,,GRADUADO,2014,1,4,Homem,Amarela,"Pública e privada, tendo ficado mais tempo em escola privada",1992,20,22,69239,2012.2,2014.1
900001836,00000001551,1999,SISU,2014,2,,GRADUADO,2018,1,8,Homem,Branca,Somente escola privada,1995,19,23,693,2014.2,2018.1
900002432,00000001552,1999,VESTIBULAR / ENEM,2014,1,,CANCELADO NOVO INGRESSO MESMO CURSO,2012,2,-2,Homem,Parda,,1997,17,15,7635,2014.1,2012.2
900000512,00000001553,2017,SISU,2018,2,,REGULAR,-1,0,-4039,Mulher,Preta,Somente escola privada,1999,19,-2000,738,2018.2,-1
900000473,00000001554,1999,VESTIBULAR / ENEM,2013,2,,GRADUADO,2020,1,14,Mulher,Branca,Somente escola privada,1996,17,24,5364,2013.2,2020.1
900000356,00000001555,2017,SISU,2018,2,4,CANCELADO REPROVOU TODAS POR FALTAS,2014,1,-8,Homem,Branca,Somente escola pública,2000,18,14,6255,2018.2,2014.1
900000608,00000001556,2017,SISU,2018,2,,REGULAR,-1,0,-4039,Homem,Branca,Somente escola privada,2000,18,-2001,73196,2018.2,-1
900002764,00000001557,1999,VESTIBULAR,2010,2,,REGULAR,-1,0,-4023,Homem,Branca,Somente escola privada,1991,19,-1992,6540,2010.2,-1
900002343,00000001558,1999,SISU,2014,2,,CANCELADO REPROVOU TODAS POR FALTAS,2014,1,0,Homem,Não declarada,Somente escola pública,1993,21,21,68813,2014.2,2014.1
900002798,00000001559,1999,SISU,2015,1,4,CANCELADO NOVO INGRESSO MESMO CURSO,2014,2,0,Mulher,Parda,Somente escola pública,1996,19,18,69966,2015.1,2014.2
900002278,00000001560,2017,SISU,2020,2,,CANCELADO REPROVOU TODAS POR FALTAS,2011,2,-17,Homem,Não declarada,,2003,17,8,68588,2020.2,2011.2
900000157,00000001561,2017,SISU,2015,2,,CANCELADO REPROVOU TODAS POR FALTAS,2012,1,-6,Homem,Branca,Somente escola privada,1994,21,18,61791,2015.2,2012.1
900002613,00000001562,2017,SISU,2018,1,2,CANCELADO 3 REPROV MESMA DISCIPLINA,2020,2,6,Homem,Parda,Somente escola pública,2000,18,20,629,2018.1,2020.2
900000437,00000001563,1999,SISU,2015,1,4,REGULAR,-1,0,-4032,Mulher,Não declarada,,1997,18,-1998,62234,2015.1,-1
900002163,00000001564,2017,SISU,2021,1,,CANCELADO NOVO INGRESSO MESMO CURSO,2010,2,-20,Homem,Preta,Somente escola privada,2000,21,10,57547,2021.1,2010.2
900000158,00000001565,1999,SISU,2014,2,,REGULAR,-1,0,-4031,Mulher,Branca,Somente escola privada,1996,18,-1997,67274,2014.2,-1
900000688,00000001566,1999,VESTIBULAR,2009,2,,CANCELAMENTO POR ABANDONO,2009,2,1,Homem,Branca,Somente escola privada,1992,17,17,75241,2009.2,2009.2
900000475,00000001567,2017,SISU,2020,1,2,REGULAR,-1,0,-4042,Homem,Não declarada,Somente escola privada,2002,18,-2003,5267,2020.1,-1
900001750,00000001568,1999,VESTIBULAR / ENEM,2014,1,2,CANCELAMENTO POR ABANDONO,2007,1,-13,Homem,Branca,Somente escola privada,1985,29,22,7023,2014.1,2007.1
900000802,00000001569,1999,VESTIBULAR,2007,1,,REGULAR,-1,0,-4016,Homem,Branca,Somente escola privada,1987,20,-1988,60764,2007.1,-1
900001402,00000001570,1999,VESTIBULAR / ENEM,2013,2,,REGULAR,-1,0,-4029,Homem,Parda,Somente escola pública,1996,17,-1997,,2013.2,-1
900001191,00000001571,2017,SISU,2017,2,4,CANCELADO 3 REPROV MESMA DISCIPLINA,2011,2,-11,Homem,Parda,Somente escola privada,1999,18,12,67628,2017.2,2011.2
900001956,00000001572,2017,SISU,2018,2,,REGULAR,-1,0,-4039,Homem,Branca,Somente escola privada,1999,19,-2000,69040,2018.2,-1
900002376,00000001573,1999,VESTIBULAR / ENEM,2014,1,,REGULAR,-1,0,-4030,Homem,Preta,Somente escola pública,1988,26,-1989,5835,2014.1,-1
900000829,00000001574,1999,TRANSFERENCIA,2009,1,,REGULAR,-1,0,-4020,Homem,Preta,,1985,24,-1986,5722,2009.1,-1
900000272,00000001575,1999,JUDICIAL,2008,2,,REGULAR,-1,0,-4019,Homem,Branca,Somente escola pública,1988,20,-1989,7497,2008.2,-1
900000760,00000001576,1999,SISU,2016,2,2,CANCELADO REPROVOU TODAS POR FALTAS,2016,1,0,Homem,Branca,Somente escola privada,1998,18,18,601,2016.2,2016.1
900000030,00000001577,1999,VESTIBULAR / ENEM,2012,2,,GRADUADO,2018,2,13,Homem,Não declarada,,1987,25,31,66928,2012.2,2018.2
900001701,00000001578,1999,VESTIBULAR,2010,1,,CANCELAMENTO POR ABANDONO,2017,2,16,Homem,Não declarada,,1992,18,25,69898,2010.1,2017.2
900001446,00000001579,1999,VESTIBULAR,2009,1,,GRADUADO,2019,2,22,Homem,Não declarada,,1989,20,30,67308,2009.1,2019.2
900002772,00000001580,2017,SISU,2015,1,,CANCELADO NOVO INGRESSO MESMO CURSO,2014,1,-1,Homem,Parda,Somente escola privada,1997,18,17,73131,2015.1,2014.1
900001086,00000001581,2017,SISU,2018,2,2,REGULAR,-1,0,-4039,Homem,Branca,Somente escola privada,2002,16,-2003,69871,2018.2,-1
900000674,00000001582,2017,SISU,2019,1,,CANCELAMENTO POR ABANDONO,2017,2,-2,Homem,Branca,Somente escola privada,1999,20,18,5778,2019.1,2017.2
900000591,00000001583,1999,VESTIBULAR / ENEM,2014,1,,GRADUADO,2017,2,8,Homem,Branca,Somente escola privada,1993,21,24,70234,2014.1,2017.2
900002301,00000001584,1999,SISU,2014,2,,CANCELADO 3 REPROV MESMA DISCIPLINA,2011,2,-5,Homem,Branca,Somente escola privada,1996,18,15,6459,2014.2,2011.2
900002483,00000001585,1999,VESTIBULAR / ENEM,2012,2,,CANCELADO NOVO INGRESSO MESMO CURSO,2015,2,7,Mulher,Parda,Somente escola privada,1993,19,22,6629,2012.2,2015.2
900002096,00000001586,1999,VESTIBULAR / ENEM,2011,1,,GRADUADO,2011,1,1,Homem,Parda,Somente escola pública,1991,20,20,,2011.1,2011.1
900002171,00000001587,1999,VESTIBULAR / ENEM,2013,1,,GRADUADO,2016,1,7,Homem,Parda,Somente escola privada,1993,20,23,6122,2013.1,2016.1
900002471,00000001588,1999,VESTIBULAR,2009,2,,CANCELADO 3 REPROV MESMA DISCIPLINA,2015,2,13,Mulher,Parda,,1988,21,27,7060,2009.2,2015.2
900002208,00000001589,2017,SISU,2017,1,2,CANCELADO REPROVOU TODAS POR FALTAS,2016,2,0,Homem,Branca,Somente escola privada,1997,20,19,64850,2017.1,2016.2
900002106,00000001590,1999,VESTIBULAR / ENEM,2012,1,,GRADUADO,2017,1,11,Homem,Branca,,1988,24,29,6531,2012.1,2017.1
900001525,00000001591,1999,VESTIBULAR / ENEM,2013,2,,CANCELAMENTO P/ SOLICITACAO ALUNO,2018,1,10,Homem,Parda,Somente escola privada,1997,16,21,67195,2013.2,2018.1
900002109,00000001592,2017,SISU,2018,2,5,CANCELADO REPROVOU TODAS POR FALTAS,2016,2,-3,Homem,Não declarada,,1999,19,17,6654,2018.2,2016.2
900000690,00000001593,2017,SISU,2017,2,,CANCELAMENTO POR ABANDONO,2006,2,-21,Homem,Parda,Somente escola pública,1996,21,10,5815,2017.2,2006.2
900001839,00000001594,2017,SISU,2021,1,,CANCELADO 3 REPROV MESMA DISCIPLINA,2014,2,-12,Homem,Branca,"Pública e privada, tendo ficado mais tempo em escola privada",2002,19,12,72092,2021.1,2014.2
900000270,00000001595,2017,SISU,2020,2,,CANCELAMENTO P/ SOLICITACAO ALUNO,2012,2,-15,Homem,Parda,Somente escola privada,2003,17,9,64751,2020.2,2012.2
900001512,00000001596,1999,VESTIBULAR / ENEM,2013,2,,CANCELADO 3 REPROV MESMA DISCIPLINA,2016,1,6,Homem,Branca,Somente escola privada,1995,18,21,5283,2013.2,2016.1
900001373,00000001597,1999,SISU,2015,2,,REGULAR,-1,0,-4033,Homem,Branca,Somente escola pública,1992,23,-1993,66436,2015.2,-1
900002639,00000001598,1999,VESTIBULAR / ENEM,2011,1,,CANCELADO NOVO INGRESSO MESMO CURSO,2017,2,14,Homem,Branca,Somente escola privada,1993,18,24,6227,2011.1,2017.2
900002234,00000001599,1999,VESTIBULAR / ENEM,2011,2,,CANCELADO 3 REPROV MESMA DISCIPLINA,2014,1,6,Homem,Parda,Somente escola pública,1991,20,23,5824,2011.2,2014.1
900000093,00000001600,1999,VESTIBULAR / ENEM,2012,1,,REGULAR,-1,0,-4026,Mulher,Branca,,1991,21,-1992,6128,2012.1,-1
900002615,00000001601,2017,REOPCAO,2019,2,,CANCELADO 3 REPROV MESMA DISCIPLINA,2013,2,-11,Homem,Não declarada,,1998,21,15,6434,2019.2,2013.2
900002724,00000001602,1999,VESTIBULAR,2010,2,,GRADUADO,2020,1,20,Homem,Parda,Somente escola pública,1991,19,29,5455,2010.2,2020.1
900001270,00000001603,1999,VESTIBULAR / ENEM,2011,1,,CANCELADO NOVO INGRESSO MESMO CURSO,2016,2,12,Homem,Não declarada,,1982,29,34,66782,2011.1,2016.2
900000121,00000001604,2017,SISU,2017,1,5,GRADUADO,2017,2,2,Homem,Parda,Somente escola privada,1999,18,18,61626,2017.1,2017.2
900001235,00000001605,2017,SISU,2018,2,2,CANCELAMENTO P/ SOLICITACAO ALUNO,2013,2,-9,Homem,Branca,,1993,25,20,6549,2018.2,2013.2
900001047,00000001606,1999,VESTIBULAR / ENEM,2013,2,,CANCELADO REPROVOU TODAS POR FALTAS,2017,1,8,Homem,Branca,Somente escola privada,1990,23,27,6125,2013.2,2017.1
900002001,00000001607,1999,SISU,2016,2,5,CANCELAMENTO P/ SOLICITACAO ALUNO,2019,1,6,Homem,Parda,Somente escola pública,1995,21,24,6433,2016.2,2019.1
900000747,00000001608,1999,VESTIBULAR,2010,1,,CANCELADO 3 REPROV MESMA DISCIPLINA,2015,2,12,Homem,Parda,,1992,18,23,68772,2010.1,2015.2
900002727,00000001609,2017,SISU,2020,1,2,CANCELADO 3 REPROV MESMA DISCIPLINA,2015,1,-9,Homem,Branca,Somente escola privada,1997,23,18,74831,2020.1,2015.1
900001767,00000001610,1999,SISU,2015,2,,REGULAR,-1,0,-4033,Mulher,Branca,Somente escola pública,1991,24,-1992,65770,2015.2,-1
900001093,00000001611,1999,GRADUADO,2015,1,,REGULAR,-1,0,-4032,Homem,Parda,Somente escola privada,1996,19,-1997,6524,2015.1,-1
900002440,00000001612,1999,VESTIBULAR / ENEM,2011,1,,REGULAR,-1,0,-4024,Homem,Parda,Somente escola privada,1992,19,-1993,68010,2011.1,-1
900002482,00000001613,1999,VESTIBULAR,2006,1,,GRADUADO,2017,2,24,Homem,Branca,Somente escola privada,1987,19,30,70880,2006.1,2017.2
900002609,00000001614,1999,VESTIBULAR / ENEM,2013,1,,GRADUADO,2016,1,7,Homem,Parda,Somente escola pública,1994,19,22,67935,2013.1,2016.1
900002425,00000001615,1999,VESTIBULAR / ENEM,2014,1,,GRADUADO,2019,2,12,Homem,Preta,Somente escola pública,1955,59,64,5312,2014.1,2019.2
900001306,00000001616,2017,SISU,2020,1,2,REGULAR,-1,0,-4042,Homem,Não declarada,,2003,17,-2004,,2020.1,-1
900000325,00000001617,1999,VESTIBULAR / ENEM,2014,1,,CANCELADO NOVO INGRESSO MESMO CURSO,2016,2,6,Homem,Amarela,Somente escola privada,1992,22,24,680,2014.1,2016.2
900000902,00000001618,1999,VESTIBULAR,2008,2,,REGULAR,-1,0,-4019,Mulher,Branca,,1988,20,-1989,600,2008.2,-1
900000297,00000001619,1999,VESTIBULAR,2007,1,,CANCELAMENTO P/ SOLICITACAO ALUNO,2012,1,11,Homem,Amarela,Somente escola privada,1989,18,23,5817,2007.1,2012.1
900001985,00000001620,2017,SISU,2019,1,4,CANCELAMENTO P/ SOLICITACAO ALUNO,2015,2,-6,Homem,Parda,Somente escola pública,2000,19,15,6101,2019.1,2015.2
900001952,00000001621,1999,VESTIBULAR / ENEM,2013,2,3,GRADUADO,2016,1,6,Homem,Branca,Somente escola pública,1992,21,24,60775,2013.2,2016.1
900001543,00000001622,2017,TRANSFERENCIA,2020,1,,REGULAR,-1,0,-4042,Homem,Branca,Somente escola privada,2003,17,-2004,63646,2020.1,-1
900002656,00000001623,2017,SISU,2015,1,,CANCELADO 3 REPROV MESMA DISCIPLINA,2020,1,11,Homem,Parda,Somente escola pública,1998,17,22,70147,2015.1,2020.1
900000773,00000001624,2017,TRANSFERENCIA,2019,2,,CANCELADO 3 REPROV MESMA DISCIPLINA,2018,1,-2,Homem,Branca,Somente escola privada,2000,19,18,6095,2019.2,2018.1
900001938,00000001625,1999,VESTIBULAR,2010,1,,GRADUADO,2012,1,5,Homem,Branca,,1991,19,21,76590,2010.1,2012.1
900001416,00000001626,2017,SISU,2019,2,,REGULAR,-1,0,-4041,Homem,Parda,Somente escola pública,1999,20,-2000,5836,2019.2,-1
900001412,00000001627,1999,VESTIBULAR / ENEM,2011,1,,TRANSFERIDO PARA OUTRA IES,2008,1,-5,Homem,Parda,Somente escola pública,1993,18,15,7267,2011.1,2008.1
900002134,00000001628,1999,SISU,2015,1,,CANCELADO 3 REPROV MESMA DISCIPLINA,2015,2,2,Mulher,Branca,Somente escola privada,1997,18,18,66005,2015.1,2015.2
900001586,00000001629,1999,REOPCAO,2015,1,,CANCELADO REPROVOU TODAS POR FALTAS,2014,1,-1,Mulher,Branca,Somente escola privada,1990,25,24,68457,2015.1,2014.1
900000012,00000001630,2017,SISU,2018,2,5,CANCELAMENTO POR ABANDONO,2019,1,2,Homem,Amarela,Somente escola pública,2000,18,19,5702,2018.2,2019.1
900000312,00000001631,2017,SISU,2018,1,,REGULAR,-1,0,-4038,Homem,Não declarada,,1999,19,-2000,62271,2018.1,-1
900002685,00000001632,1999,VESTIBULAR,2010,2,,REGULAR,-1,0,-4023,Homem,Branca,Somente escola privada,1983,27,-1984,6174,2010.2,-1
900001909,00000001633,1999,SISU,2014,2,,CANCELADO 3 REPROV MESMA DISCIPLINA,2012,1,-4,Homem,Parda,Somente escola privada,1991,23,21,6430,2014.2,2012.1
900000630,00000001634,1999,VESTIBULAR / ENEM,2013,1,,CANCELAMENTO POR ABANDONO,2014,1,3,Homem,Parda,Somente escola privada,1995,18,19,6291,2013.1,2014.1
900002747,00000001635,1999,VESTIBULAR / ENEM,2014,1,5,REGULAR,-1,0,-4030,Homem,Não declarada,,1995,19,-1996,6530,2014.1,-1
900002439,00000001636,1999,VESTIBULAR / ENEM,2012,2,,CANCELADO REPROVOU TODAS POR FALTAS,2008,2,-7,Homem,Parda,Somente escola pública,1992,20,16,5401,2012.2,2008.2
900001029,00000001637,1999,VESTIBULAR / ENEM,2012,1,,CANCELADO NOVO INGRESSO OUTRO CURSO,2015,1,7,Homem,Branca,Somente escola privada,1993,19,22,62428,2012.1,2015.1
900000283,00000001638,1999,VESTIBULAR,2008,1,,REGULAR,-1,0,-4018,Homem,Branca,Somente escola privada,1989,19,-1990,6492,2008.1,-1
900000483,00000001639,1999,VESTIBULAR / ENEM,2012,2,,GRADUADO,2019,2,15,Homem,Branca,Somente escola privada,1993,19,26,6256,2012.2,2019.2
900000443,00000001640,1999,VESTIBULAR,2010,1,,GRADUADO,2016,1,13,Homem,Parda,Somente escola privada,1991,19,25,6775,2010.1,2016.1
900001111,00000001641,1999,VESTIBULAR / ENEM,2014,1,3,REGULAR,-1,0,-4030,Homem,Branca,,1989,25,-1990,5791,2014.1,-1
900001333,00000001642,1999,VESTIBULAR / ENEM,2013,1,,CANCELADO REPROVOU TODAS POR FALTAS,2017,1,9,Homem,Parda,Somente escola pública,1995,18,22,5904,2013.1,2017.1
900001673,00000001643,2017,SISU,2018,1,3,GRADUADO,2017,1,-1,Homem,Preta,,1996,22,21,6278,2018.1,2017.1
900002667,00000001644,1999,VESTIBULAR / ENEM,2013,2,,CANCELADO NOVO INGRESSO MESMO CURSO,2012,2,-1,Homem,Branca,Somente escola privada,1995,18,17,64000,2013.2,2012.2
900000230,00000001645,1999,VESTIBULAR,2007,1,,REGULAR,-1,0,-4016,Homem,Não declarada,,1989,18,-1990,69819,2007.1,-1
900002065,00000001646,1999,SISU,2016,2,,GRADUADO,2017,1,2,Homem,Parda,Somente escola pública,1992,24,25,68465,2016.2,2017.1
900002688,00000001647,1999,VESTIBULAR,2009,2,,CANCELAMENTO POR ABANDONO,2019,1,20,Homem,Branca,Somente escola privada,1992,17,27,6230,2009.2,2019.1
900000057,00000001648,1999,SISU,2017,1,,REGULAR,-1,0,-4036,Homem,Branca,Somente escola privada,1996,21,-1997,6314,2017.1,-1
900001715,00000001649,1999,VESTIBULAR,2010,2,,CANCELADO REPROVOU TODAS POR FALTAS,2011,2,3,Homem,Não declarada,,1991,19,20,6673,2010.2,2011.2
900001379,00000001650,1999,SISU,2017,1,2,CANCELADO NOVO INGRESSO MESMO CURSO,2016,1,-1,Mulher,Branca,Somente escola pública,1999,18,17,5357,2017.1,2016.1
900001557,00000001651,1999,VESTIBULAR,2008,2,,GRADUADO,2014,1,12,Homem,Branca,Somente escola pública,1990,18,24,5894,2008.2,2014.1
900002273,00000001652,2017,SISU,2016,2,5,CANCELADO REPROVOU TODAS POR FALTAS,2015,2,-1,Homem,Branca,Somente escola privada,1997,19,18,6358,2016.2,2015.2
900000665,00000001653,1999,VESTIBULAR,2008,2,,GRADUADO,2020,1,24,Homem,Parda,Somente escola pública,1990,18,30,69118,2008.2,2020.1
900002800,00000001654,1999,VESTIBULAR,2006,1,,REGULAR,-1,0,-4014,Mulher,Branca,Somente escola privada,1988,18,-1989,65291,2006.1,-1
900002661,00000001655,2017,SISU,2020,1,2,CANCELADO 3 REPROV MESMA DISCIPLINA,2014,2,-10,Homem,Branca,Somente escola privada,1998,22,16,7072,2020.1,2014.2
900001923,00000001656,1999,VESTIBULAR,2006,1,,REGULAR,-1,0,-4014,Homem,Branca,Somente escola pública,1989,17,-1990,71867,2006.1,-1
900000492,00000001657,2017,SISU,2020,2,4,REGULAR,-1,0,-4043,Homem,Branca,,1995,25,-1996,72021,2020.2,-1
900001371,00000001658,1999,VESTIBULAR,2010,1,,CANCELAMENTO P/ SOLICITACAO ALUNO,2015,2,12,Homem,Branca,Somente escola privada,1993,17,22,6312,2010.1,2015.2
900002642,00000001659,1999,VESTIBULAR / ENEM,2012,2,,REGULAR,-1,0,-4027,Homem,Branca,Somente escola privada,1996,16,-1997,66273,2012.2,-1
900002389,00000001660,1999,VESTIBULAR / ENEM,2011,1,,CANCELADO NOVO INGRESSO MESMO CURSO,2012,1,3,Homem,Parda,Somente escola privada,1993,18,19,6433,2011.1,2012.1
900001112,00000001661,2017,SISU,2018,1,3,CANCELAMENTO P/ SOLICITACAO ALUNO,2019,1,3,Mulher,Parda,Somente escola pública,1995,23,24,64634,2018.1,2019.1
900000448,00000001662,2017,SISU,2018,2,2,REGULAR,-1,0,-4039,Homem,Branca,"Pública e privada, tendo ficado mais tempo em escola pública",1997,21,-1998,6452,2018.2,-1
900001321,00000001663,2017,SISU,2017,2,3,GRADUADO,2011,2,-11,Homem,Não declarada,Somente escola privada,1998,19,13,73258,2017.2,2011.2
900001796,00000001664,1999,SISU,2015,1,,CANCELADO NOVO INGRESSO MESMO CURSO,2013,1,-3,Homem,Parda,Somente escola privada,1996,19,17,6303,2015.1,2013.1
900000572,00000001665,2017,SISU,2018,2,,GRADUADO,2016,2,-3,Homem,Parda,Somente escola privada,1998,20,18,5534,2018.2,2016.2
900002372,00000001666,2017,SISU,2021,1,2,CANCELAMENTO POR ABANDONO,2014,1,-13,Homem,Parda,Somente escola privada,2003,18,11,66985,2021.1,2014.1
900002011,00000001667,2017,SISU,2017,2,,GRADUADO,2012,1,-10,Homem,Branca,,1998,19,14,5424,2017.2,2012.1
900001172,00000001668,2017,TRANSFERENCIA,2020,1,,GRADUADO,2011,2,-16,Homem,Branca,Somente escola privada,2000,20,11,66020,2020.1,2011.2
900002787,00000001669,2017,SISU,2021,1,4,REGULAR,-1,0,-4044,Homem,Parda,Somente escola pública,1985,36,-1986,6349,2021.1,-1
900001372,00000001670,2017,SISU,2016,2,,REGULAR,-1,0,-4035,Homem,Branca,Somente escola privada,1997,19,-1998,6437,2016.2,-1
900001582,00000001671,1999,VESTIBULAR,2008,2,,REGULAR,-1,0,-4019,Homem,Branca,Somente escola pública,1989,19,-1990,6507,2008.2,-1
900002633,00000001672,2017,SISU,2018,1,,REGULAR,-1,0,-4038,Homem,Branca,Somente escola privada,2000,18,-2001,6043,2018.1,-1
900001807,00000001673,1999,VESTIBULAR / ENEM,2012,1,,CANCELADO NOVO INGRESSO MESMO CURSO,2012,2,2,Homem,Branca,Somente escola pública,1985,27,27,64038,2012.1,2012.2
900001966,00000001674,2017,SISU,2019,2,4,GRADUADO,2018,2,-1,Homem,Não declarada,,1999,20,19,6061,2019.2,2018.2
900002545,00000001675,1999,VESTIBULAR,2009,1,,CANCELADO 3 REPROV MESMA DISCIPLINA,2012,2,8,Homem,Amarela,"Pública e privada, tendo ficado mais tempo em escola pública",1990,19,22,66184,2009.1,2012.2
900002313,00000001676,1999,VESTIBULAR / ENEM,2011,1,,CANCELADO 3 REPROV MESMA DISCIPLINA,2015,1,9,Homem,Parda,,1991,20,24,5460,2011.1,2015.1
900000633,00000001677,1999,VESTIBULAR,2007,1,,GRADUADO,2020,1,27,Mulher,Parda,Somente escola privada,1986,21,34,5493,2007.1,2020.1
900001220,00000001678,2017,TRANSFERENCIA,2018,2,,CANCELAMENTO POR ABANDONO,2013,2,-9,Homem,Branca,Somente escola privada,2000,18,13,5961,2018.2,2013.2
900002554,00000001679,2017,SISU,2019,2,2,GRADUADO,2012,1,-14,Homem,Branca,,1996,23,16,6913,2019.2,2012.1
900001182,00000001680,1999,VESTIBULAR / ENEM,2013,1,,REGULAR,-1,0,-4028,Homem,Preta,Somente escola pública,1986,27,-1987,6420,2013.1,-1
900001360,00000001681,1999,VESTIBULAR / ENEM,2011,1,,REGULAR,-1,0,-4024,Mulher,Branca,,1993,18,-1994,5452,2011.1,-1
900002539,00000001682,2017,SISU,2020,1,2,GRADUADO,2014,1,-11,Homem,Branca,Somente escola privada,2003,17,11,6594,2020.1,2014.1
900001208,00000001683,2017,SISU,2019,1,,GRADUADO,2015,1,-7,Homem,Amarela,Somente escola privada,1999,20,16,7069,2019.1,2015.1
900002005,00000001684,1999,VESTIBULAR,2010,1,,GRADUADO,2018,2,18,Homem,Branca,Somente escola privada,1986,24,32,62989,2010.1,2018.2
900001127,00000001685,1999,VESTIBULAR / ENEM,2011,1,,REGULAR,-1,0,-4024,Homem,Parda,Somente escola pública,1994,17,-1995,5518,2011.1,-1
900000075,00000001686,1999,VESTIBULAR,2010,2,,GRADUADO,2016,2,13,Homem,Preta,Somente escola privada,1990,20,26,63664,2010.2,2016.2
900001018,00000001687,1999,VESTIBULAR,2006,2,,GRADUADO,2015,2,19,Homem,Parda,Somente escola privada,1986,20,29,5554,2006.2,2015.2
900001535,00000001688,2017,SISU,2017,2,,CANCELADO REPROVOU TODAS POR FALTAS,2018,1,2,Homem,Indígena,Somente escola pública,1995,22,23,72596,2017.2,2018.1
900001428,00000001689,1999,VESTIBULAR / ENEM,2013,1,,GRADUADO,2012,1,-1,Mulher,Branca,Somente escola privada,1994,19,18,6661,2013.1,2012.1
900000455,00000001690,1999,VESTIBULAR / ENEM,2012,1,,CANCELADO NOVO INGRESSO MESMO CURSO,2017,1,11,Homem,Branca,"Pública e privada, tendo ficado mais tempo em escola pública",1996,16,21,575,2012.1,2017.1
900001502,00000001691,2017,SISU,2016,2,5,GRADUADO,2014,2,-3,Mulher,Parda,Somente escola privada,1996,20,18,65537,2016.2,2014.2
900000516,00000001692,1999,VESTIBULAR / ENEM,2012,1,,CANCELADO 3 REPROV MESMA DISCIPLINA,2014,2,6,Homem,Parda,Somente escola pública,1992,20,22,6129,2012.1,2014.2
900000980,00000001693,1999,VESTIBULAR / ENEM,2011,2,,CANCELADO 3 REPROV MESMA DISCIPLINA,2015,2,9,Homem,Parda,Somente escola privada,1988,23,27,76948,2011.2,2015.2
900002666,00000001694,2017,SISU,2019,1,2,CANCELADO NOVO INGRESSO MESMO CURSO,2013,2,-10,Homem,Branca,,2001,18,12,6230,2019.1,2013.2
900000710,00000001695,1999,VESTIBULAR,2010,1,,CANCELADO NOVO INGRESSO MESMO CURSO,2015,2,12,Homem,Não declarada,,1991,19,24,69775,2010.1,2015.2
900001449,00000001696,2017,SISU,2020,1,,CANCELADO REPROVOU TODAS POR FALTAS,2014,2,-10,Homem,Não declarada,,2004,16,10,7370,2020.1,2014.2
900002347,00000001697,2017,SISU,2017,1,,REGULAR,-1,0,-4036,Homem,Parda,Somente escola pública,1997,20,-1998,6633,2017.1,-1
900001716,00000001698,1999,VESTIBULAR,2009,1,,CANCELADO REPROVOU TODAS POR FALTAS,2020,1,23,Homem,Branca,Somente escola privada,1985,24,35,6754,2009.1,2020.1
900002074,00000001699,1999,VESTIBULAR / ENEM,2011,2,,GRADUADO,2016,1,10,Homem,Amarela,"Pública e privada, tendo ficado mais tempo em escola pública",1989,22,27,70394,2011.2,2016.1
900001563,00000001700,2017,SISU,2018,1,9,GRADUADO,2017,1,-1,Homem,Branca,Somente escola pública,1991,27,26,45925,2018.1,2017.1
900002592,00000001701,1999,VESTIBULAR,2009,1,,REGULAR,-1,0,-4020,Homem,Branca,Somente escola pública,1992,17,-1993,63303,2009.1,-1
900002818,00000001702,2017,REOPCAO,2020,1,,CANCELAMENTO POR ABANDONO,2014,1,-11,Homem,Branca,Somente escola privada,2002,18,12,50,2020.1,2014.1
900001865,00000001703,1999,VESTIBULAR,2009,1,,REGULAR,-1,0,-4020,Mulher,Parda,Somente escola pública,1985,24,-1986,5956,2009.1,-1
900000549,00000001704,2017,SISU,2018,2,5,CANCELADO NOVO INGRESSO MESMO CURSO,2015,1,-6,Homem,Parda,Somente escola privada,2001,17,14,6660,2018.2,2015.1
900001593,00000001705,2017,SISU,2017,1,4,REGULAR,-1,0,-4036,Homem,Branca,Somente escola privada,1996,21,-1997,6658,2017.1,-1
900000066,00000001706,2017,SISU,2017,2,,CANCELAMENTO POR ABANDONO,2015,1,-4,Homem,Parda,Somente escola pública,1992,25,23,5990,2017.2,2015.1
900000808,00000001707,1999,VESTIBULAR / ENEM,2012,1,,GRADUADO,2019,2,16,Homem,Branca,Somente escola privada,1993,19,26,5422,2012.1,2019.2
900001462,00000001708,2017,SISU,2016,2,4,GRADUADO,2019,1,6,Homem,Parda,Somente escola privada,1998,18,21,6187,2016.2,2019.1
900000495,00000001709,2017,SISU,2021,1,,CANCELADO REPROVOU TODAS POR FALTAS,2014,2,-12,Homem,Branca,Somente escola privada,2002,19,12,6378,2021.1,2014.2
900000388,00000001710,2017,REOPCAO,2012,2,,CANCELADO NOVO INGRESSO MESMO CURSO,2016,2,9,Homem,Parda,Somente escola pública,1983,29,33,59685,2012.2,2016.2
900000930,00000001711,2017,SISU,2020,1,5,CANCELADO NOVO INGRESSO MESMO CURSO,2011,1,-17,Homem,Branca,Somente escola privada,2003,17,8,63624,2020.1,2011.1
900000427,00000001712,1999,SISU,2016,1,4,CANCELADO REPROVOU TODAS POR FALTAS,2017,2,4,Homem,Parda,Somente escola pública,1994,22,23,5990,2016.1,2017.2
900000181,00000001713,1999,VESTIBULAR / ENEM,2011,2,,CANCELADO REPROVOU TODAS POR FALTAS,2019,2,17,Mulher,Parda,Somente escola pública,1992,19,27,66969,2011.2,2019.2
900000513,00000001714,1999,SISU,2015,2,4,REGULAR,-1,0,-4033,Homem,Branca,Somente escola pública,1997,18,-1998,77260,2015.2,-1
900000819,00000001715,2017,SISU,2015,2,,CANCELADO 3 REPROV MESMA DISCIPLINA,2012,1,-6,Homem,Parda,"Pública e privada, tendo ficado mais tempo em escola privada",1996,19,16,5580,2015.2,2012.1
900000712,00000001716,1999,VESTIBULAR / ENEM,2013,1,,CANCELADO 3 REPROV MESMA DISCIPLINA,2012,2,0,Homem,Não declarada,,1995,18,17,7050,2013.1,2012.2
900001491,00000001717,2017,SISU,2020,2,5,REGULAR,-1,0,-4043,Homem,Parda,Somente escola privada,2000,20,-2001,65535,2020.2,-1
900000129,00000001718,1999,SISU,2014,2,,CANCELADO REPROVOU TODAS POR FALTAS,2013,1,-2,Homem,Parda,Somente escola pública,1995,19,18,6310,2014.2,2013.1
900001431,00000001719,1999,VESTIBULAR,2006,2,,CANCELADO 3 REPROV MESMA DISCIPLINA,2012,2,13,Homem,Parda,,1987,19,25,62170,2006.2,2012.2
900000772,00000001720,2017,SISU,2021,1,4,GRADUADO,2016,1,-9,Homem,Branca,Somente escola privada,2001,20,15,63634,2021.1,2016.1
900001243,00000001721,2017,SISU,2016,1,,CANCELAMENTO POR ABANDONO,2008,1,-15,Homem,Branca,Somente escola privada,1987,29,21,63319,2016.1,2008.1
900001493,00000001722,1999,SISU,2016,1,,GRADUADO,2019,1,7,Homem,Branca,Somente escola pública,1991,25,28,63977,2016.1,2019.1
900000132,00000001723,1999,VESTIBULAR,2010,1,,GRADUADO,2017,1,15,Mulher,Parda,Somente escola privada,1991,19,26,6273,2010.1,2017.1
900001798,00000001724,2017,SISU,2018,2,3,CANCELAMENTO POR ABANDONO,2011,2,-13,Homem,Branca,Somente escola privada,2000,18,11,5644,2018.2,2011.2
900000532,00000001725,2017,SISU,2017,1,3,REGULAR,-1,0,-4036,Mulher,Parda,Somente escola pública,1998,19,-1999,74972,2017.1,-1
900000294,00000001726,2017,SISU,2018,1,,CANCELADO 3 REPROV MESMA DISCIPLINA,2012,1,-11,Homem,Parda,Somente escola privada,1998,20,14,48337,2018.1,2012.1
900001426,00000001727,1999,VESTIBULAR / ENEM,2013,2,5,CANCELAMENTO POR ABANDONO,2013,1,0,Homem,Branca,Somente escola pública,1993,20,20,65912,2013.2,2013.1
900000047,00000001728,1999,VESTIBULAR / ENEM,2011,1,,GRADUADO,2019,1,17,Homem,Branca,Somente escola pública,1992,19,27,547,2011.1,2019.1
900001427,00000001729,1999,VESTIBULAR / ENEM,2013,2,,REGULAR,-1,0,-4029,Homem,Parda,Somente escola pública,1991,22,-1992,74841,2013.2,-1
900002812,00000001730,1999,VESTIBULAR / ENEM,2012,2,,CANCELADO 3 REPROV MESMA DISCIPLINA,2015,1,6,Homem,Não declarada,,1994,18,21,,2012.2,2015.1
900001388,00000001731,1999,SISU,2016,1,5,REGULAR,-1,0,-4034,Mulher,Branca,Somente escola privada,1990,26,-1991,59596,2016.1,-1
900000392,00000001732,2017,SISU,2017,1,3,REGULAR,-1,0,-4036,Homem,Branca,Somente escola privada,1999,18,-2000,,2017.1,-1
900001197,00000001733,1999,VESTIBULAR,2009,1,,REGULAR,-1,0,-4020,Homem,Branca,Somente escola pública,1988,21,-1989,6337,2009.1,-1
900002745,00000001734,1999,VESTIBULAR / ENEM,2014,1,,REGULAR,-1,0,-4030,Homem,Branca,Somente escola privada,1996,18,-1997,,2014.1,-1
900000069,00000001735,1999,TRANSFERENCIA,2012,1,,GRADUADO,2020,1,17,Homem,Branca,Somente escola pública,1991,21,29,,2012.1,2020.1
900002518,00000001736,2017,SISU,2018,2,4,GRADUADO,2012,2,-11,Homem,Parda,Somente escola privada,1993,25,19,6158,2018.2,2012.2
900002746,00000001737,1999,VESTIBULAR,2009,1,,CANCELADO NOVO INGRESSO MESMO CURSO,2013,2,10,Homem,Parda,Somente escola privada,1991,18,22,61496,2009.1,2013.2
900002811,00000001738,2017,SISU,2021,1,2,CANCELADO NOVO INGRESSO OUTRO CURSO,2014,2,-12,Homem,Não declarada,,1999,22,15,5360,2021.1,2014.2
900000411,00000001739,2017,SISU,2019,2,2,REGULAR,-1,0,-4041,Homem,Branca,Somente escola privada,1989,30,-1990,,2019.2,-1
900001128,00000001740,1999,VESTIBULAR / ENEM,2011,2,,GRADUADO,2019,2,17,Homem,Parda,Somente escola pública,1992,19,27,6447,2011.2,2019.2
900002523,00000001741,2017,SISU,2020,2,4,CANCELAMENTO P/ MUDANCA CURSO,2009,1,-22,Mulher,Parda,Somente escola privada,2001,19,8,70409,2020.2,2009.1
900001307,00000001742,1999,VESTIBULAR,2010,1,,REGULAR,-1,0,-4022,Mulher,Não declarada,Somente escola privada,1993,17,-1994,5830,2010.1,-1
900000983,00000001743,1999,VESTIBULAR / ENEM,2014,1,,GRADUADO,2013,1,-1,Homem,Não declarada,,1996,18,17,6441,2014.1,2013.1
900001207,00000001744,1999,VESTIBULAR / ENEM,2012,1,,REGULAR,-1,0,-4026,Homem,Branca,Somente escola privada,1992,20,-1993,6053,2012.1,-1
900000260,00000001745,1999,VESTIBULAR,2009,2,,CANCELAMENTO POR ABANDONO,2013,1,8,Homem,Preta,Somente escola pública,1992,17,21,5708,2009.2,2013.1
900002694,00000001746,1999,VESTIBULAR / ENEM,2011,2,,CANCELADO 3 REPROV MESMA DISCIPLINA,2019,1,16,Homem,Não declarada,,1984,27,35,60554,2011.2,2019.1
900000496,00000001747,1999,SISU,2016,2,5,REGULAR,-1,0,-4035,Homem,Parda,Somente escola pública,1998,18,-1999,67352,2016.2,-1
900000450,00000001748,1999,VESTIBULAR,2010,1,,CANCELADO 3 REPROV MESMA DISCIPLINA,2012,2,6,Homem,Branca,Somente escola pública,1989,21,23,6105,2010.1,2012.2
900000344,00000001749,2017,SISU,2017,1,4,CANCELADO NOVO INGRESSO MESMO CURSO,2013,2,-6,Homem,Parda,Somente escola privada,1997,20,16,,2017.1,2013.2
900000589,00000001750,2017,SISU,2020,1,,GRADUADO,2017,1,-5,Mulher,Parda,Somente escola pública,1999,21,18,,2020.1,2017.1
900001178,00000001751,1999,VESTIBULAR,2010,2,,REGULAR,-1,0,-4023,Homem,Parda,Somente escola pública,1990,20,-1991,71177,2010.2,-1
900001312,00000001752,1999,VESTIBULAR,2010,2,,CANCELADO 3 REPROV MESMA DISCIPLINA,2018,1,16,Homem,Branca,,1994,16,24,6648,2010.2,2018.1
900001389,00000001753,2017,SISU,2020,1,4,CANCELADO 3 REPROV MESMA DISCIPLINA,2015,2,-8,Homem,Não declarada,,1992,28,23,60405,2020.1,2015.2
900001779,00000001754,2017,TRANSFERENCIA,2018,2,,GRADUADO,2018,2,1,Homem,Parda,,1997,21,21,69055,2018.2,2018.2
900002478,00000001755,2017,SISU,2018,2,4,GRADUADO,2016,1,-4,Homem,Preta,Somente escola pública,1991,27,25,5400,2018.2,2016.1
900002611,00000001756,2017,SISU,2021,1,,CANCELAMENTO P/ SOLICITACAO ALUNO,2015,1,-11,Homem,Parda,Somente escola pública,1999,22,16,5427,2021.1,2015.1
900000881,00000001757,1999,VESTIBULAR,2006,2,,CANCELADO NOVO INGRESSO OUTRO CURSO,2015,2,19,Homem,Branca,Somente escola privada,1979,27,36,5862,2006.2,2015.2
900001253,00000001758,1999,VESTIBULAR,2010,2,,CANCELAMENTO P/ SOLICITACAO ALUNO,2018,1,16,Homem,Branca,Somente escola privada,1993,17,25,63577,2010.2,2018.1
900002009,00000001759,1999,VESTIBULAR / ENEM,2011,2,,GRADUADO,2019,2,17,Homem,Preta,Somente escola privada,1994,17,25,5244,2011.2,2019.2
900000229,00000001760,1999,VESTIBULAR / ENEM,2013,1,,CANCELADO NOVO INGRESSO MESMO CURSO,2015,1,5,Homem,Branca,Somente escola pública,1994,19,21,6421,2013.1,2015.1
900001118,00000001761,2017,SISU,2020,2,3,CANCELADO 3 REPROV MESMA DISCIPLINA,2013,1,-14,Mulher,Parda,Somente escola pública,2002,18,11,6963,2020.2,2013.1
900000086,00000001762,1999,VESTIBULAR,2008,2,,REGULAR,-1,0,-4019,Mulher,Não declarada,Somente escola pública,1990,18,-1991,5585,2008.2,-1
900001247,00000001763,2017,TRANSFERENCIA,2015,1,,CANCELADO NOVO INGRESSO MESMO CURSO,2020,1,11,Mulher,Amarela,Somente escola pública,1990,25,30,6323,2015.1,2020.1
900001445,00000001764,1999,VESTIBULAR / ENEM,2013,2,,CANCELADO NOVO INGRESSO OUTRO CURSO,2019,2,13,Homem,Não declarada,,1996,17,23,6306,2013.2,2019.2
900000804,00000001765,1999,VESTIBULAR,2010,2,,CANCELAMENTO POR ABANDONO,2015,2,11,Homem,Não declarada,,1988,22,27,,2010.2,2015.2
900000908,00000001766,1999,VESTIBULAR / ENEM,2012,1,,REGULAR,-1,0,-4026,Homem,Branca,Somente escola pública,1990,22,-1991,7061,2012.1,-1
900002402,00000001767,1999,VESTIBULAR / ENEM,2014,1,,GRADUADO,2020,1,13,Homem,Parda,Somente escola pública,1996,18,24,61533,2014.1,2020.1
900000777,00000001768,1999,VESTIBULAR,2010,2,,CANCELADO REPROVOU TODAS POR FALTAS,2014,1,8,Homem,Branca,"Pública e privada, tendo ficado mais tempo em escola privada",1993,17,21,6870,2010.2,2014.1
900001596,00000001769,2017,SISU,2020,1,5,REGULAR,-1,0,-4042,Homem,Preta,"Pública e privada, tendo ficado mais tempo em escola privada",1998,22,-1999,6327,2020.1,-1
900001326,00000001770,1999,TRANSFERENCIA,2017,1,,CANCELAMENTO P/ SOLICITACAO ALUNO,2012,2,-8,Homem,Parda,Somente escola privada,1996,21,16,6436,2017.1,2012.2
900000702,00000001771,2017,SISU,2016,1,4,REGULAR,-1,0,-4034,Homem,Branca,,1996,20,-1997,61174,2016.1,-1
900002509,00000001772,2017,SISU,2021,1,3,GRADUADO,2019,2,-2,Homem,Parda,Somente escola pública,2001,20,18,6318,2021.1,2019.2
900001572,00000001773,2017,SISU,2019,1,4,CANCELADO REPROVOU TODAS POR FALTAS,2015,2,-6,Homem,Parda,Somente escola privada,2002,17,13,6743,2019.1,2015.2
900001914,00000001774,1999,VESTIBULAR / ENEM,2011,1,,CANCELAMENTO P/ SOLICITACAO ALUNO,2012,2,4,Homem,Branca,Somente escola privada,1993,18,19,6570,2011.1,2012.2
900001509,00000001775,1999,VESTIBULAR / ENEM,2014,1,,CANCELAMENTO POR ABANDONO,2010,1,-7,Mulher,Branca,Somente escola privada,1996,18,14,6705,2014.1,2010.1
900000793,00000001776,2017,SISU,2017,2,,CANCELADO NOVO INGRESSO MESMO CURSO,2012,1,-10,Homem,Preta,,1999,18,13,5389,2017.2,2012.1
900001444,00000001777,1999,SISU,2014,2,5,GRADUADO,2017,2,7,Mulher,Branca,,1992,22,25,7408,2014.2,2017.2
900000257,00000001778,1999,SISU,2015,1,4,CANCELAMENTO P/ SOLICITACAO ALUNO,2019,2,10,Homem,Branca,Somente escola privada,1996,19,23,6496,2015.1,2019.2
900001103,00000001779,2017,SISU,2019,1,,REGULAR,-1,0,-4040,Homem,Preta,Somente escola pública,2000,19,-2001,5677,2019.1,-1
900002090,00000001780,1999,VESTIBULAR / ENEM,2014,1,,REGULAR,-1,0,-4030,Homem,Preta,Somente escola privada,1992,22,-1993,71826,2014.1,-1
900002816,00000001781,1999,VESTIBULAR / ENEM,2012,2,,CANCELAMENTO POR ABANDONO,2015,2,7,Homem,Parda,Somente escola privada,1985,27,30,66248,2012.2,2015.2
900001813,00000001782,1999,VESTIBULAR,2006,2,,GRADUADO,2019,1,26,Homem,Não declarada,Somente escola privada,1987,19,32,70284,2006.2,2019.1
900002540,00000001783,2017,SISU,2018,1,,CANCELADO REPROVOU TODAS POR FALTAS,2014,2,-6,Mulher,Não declarada,,2000,18,14,62966,2018.1,2014.2
900002341,00000001784,1999,SISU,2015,1,,GRADUADO,2012,2,-4,Mulher,Branca,Somente escola pública,1994,21,18,6674,2015.1,2012.2
900000263,00000001785,2017,SISU,2018,1,5,REGULAR,-1,0,-4038,Homem,Amarela,Somente escola privada,2000,18,-2001,5461,2018.1,-1
900001383,00000001786,1999,VESTIBULAR,2010,1,,REGULAR,-1,0,-4022,Homem,Parda,Somente escola pública,1989,21,-1990,6018,2010.1,-1
900002097,00000001787,2017,TRANSFERENCIA,2019,2,,REGULAR,-1,0,-4041,Homem,Branca,Somente escola pública,1998,21,-1999,6111,2019.2,-1
900000984,00000001788,1999,VESTIBULAR / ENEM,2011,2,,GRADUADO,2011,1,0,Homem,Parda,Somente escola pública,1991,20,20,68935,2011.2,2011.1
900001190,00000001789,1999,VESTIBULAR,2010,2,,CANCELADO 3 REPROV MESMA DISCIPLINA,2017,1,14,Homem,Parda,Somente escola pública,1991,19,26,6454,2010.2,2017.1
900000846,00000001790,2017,VESTIBULAR / ENEM,2013,2,,REGULAR,-1,0,-4029,Homem,Parda,,1997,16,-1998,65866,2013.2,-1
900000945,00000001791,2017,SISU,2020,2,2,CANCELADO REPROVOU TODAS POR FALTAS,2014,2,-11,Homem,Branca,Somente escola pública,1986,34,28,649,2020.2,2014.2
900002224,00000001792,1999,VESTIBULAR,2008,1,,GRADUADO,2016,1,17,Homem,Branca,Somente escola privada,1990,18,26,6409,2008.1,2016.1
900002695,00000001793,1999,VESTIBULAR / ENEM,2011,2,,REGULAR,-1,0,-4025,Homem,Parda,Somente escola pública,1990,21,-1991,72455,2011.2,-1
900001375,00000001794,1999,VESTIBULAR / ENEM,2012,2,,GRADUADO,2014,2,5,Homem,Parda,Somente escola privada,1994,18,20,67725,2012.2,2014.2
900001934,00000001795,1999,VESTIBULAR,2008,1,,CANCELAMENTO POR ABANDONO,2012,2,10,Homem,Parda,Somente escola pública,1989,19,23,711,2008.1,2012.2
900001174,00000001796,2017,SISU,2018,1,,CANCELADO NOVO INGRESSO MESMO CURSO,2016,1,-3,Homem,Parda,Somente escola pública,1995,23,21,71814,2018.1,2016.1
900002584,00000001797,1999,VESTIBULAR / ENEM,2012,2,,GRADUADO,2012,1,0,Homem,Amarela,Somente escola privada,1992,20,20,7285,2012.2,2012.1
900001287,00000001798,1999,VESTIBULAR / ENEM,2012,1,,REGULAR,-1,0,-4026,Homem,Parda,,1992,20,-1993,5872,2012.1,-1
900001003,00000001799,2017,SISU,2016,1,4,GRADUADO,2011,2,-8,Homem,Preta,Somente escola privada,1998,18,13,6425,2016.1,2011.2
900001662,00000001800,1999,SISU,2015,2,4,GRADUADO,2019,1,8,Homem,Preta,,1988,27,31,6331,2015.2,2019.1
900001734,00000001801,1999,VESTIBULAR,2007,2,,CANCELADO NOVO INGRESSO MESMO CURSO,2013,2,13,Homem,Preta,Somente escola pública,1978,29,35,6242,2007.2,2013.2
900000765,00000001802,1999,VESTIBULAR,2010,1,,REGULAR,-1,0,-4022,Homem,Branca,Somente escola pública,1993,17,-1994,7551,2010.1,-1
900001853,00000001803,2017,TRANSFERENCIA,2015,1,,REGULAR,-1,0,-4032,Homem,Parda,Somente escola privada,1995,20,-1996,69429,2015.1,-1
900002025,00000001804,1999,SISU,2017,2,,CANCELAMENTO POR ABANDONO,2013,2,-7,Homem,Parda,Somente escola pública,1993,24,20,5994,2017.2,2013.2
900000332,00000001805,2017,SISU,2018,2,,REGULAR,-1,0,-4039,Mulher,Parda,Somente escola pública,1994,24,-1995,6778,2018.2,-1
900002143,00000001806,1999,VESTIBULAR,2009,2,,CANCELADO NOVO INGRESSO OUTRO CURSO,2019,2,21,Mulher,Branca,Somente escola pública,1993,16,26,72524,2009.2,2019.2
900001980,00000001807,1999,VESTIBULAR / ENEM,2013,2,,GRADUADO,2015,2,5,Homem,Branca,Somente escola privada,1992,21,23,,2013.2,2015.2
900001008,00000001808,1999,VESTIBULAR,2010,1,,REGULAR,-1,0,-4022,Homem,Preta,Somente escola pública,1991,19,-1992,72391,2010.1,-1
900001661,00000001809,2017,SISU,2020,1,,CANCELADO REPROVOU TODAS POR FALTAS,2014,1,-11,Homem,Preta,Somente escola pública,2002,18,12,556,2020.1,2014.1
900001390,00000001810,2017,SISU,2020,1,,REGULAR,-1,0,-4042,Homem,Parda,Somente escola pública,2002,18,-2003,5826,2020.1,-1
900000295,00000001811,1999,VESTIBULAR,2010,1,,REGULAR,-1,0,-4022,Homem,Parda,Somente escola privada,1991,19,-1992,65115,2010.1,-1
900001217,00000001812,2017,SISU,2016,2,,REGULAR,-1,0,-4035,Homem,Parda,Somente escola privada,1993,23,-1994,72063,2016.2,-1
900000223,00000001813,1999,SISU,2016,2,2,CANCELADO NOVO INGRESSO MESMO CURSO,2014,1,-4,Homem,Branca,,1997,19,17,73882,2016.2,2014.1
900001595,00000001814,1999,VESTIBULAR / ENEM,2013,1,,REGULAR,-1,0,-4028,Homem,Branca,Somente escola privada,1996,17,-1997,58483,2013.1,-1
900000583,00000001815,1999,VESTIBULAR / ENEM,2012,1,,GRADUADO,2012,1,1,Mulher,Preta,Somente escola privada,1994,18,18,6103,2012.1,2012.1
900000280,00000001816,2017,SISU,2018,1,5,CANCELADO 3 REPROV MESMA DISCIPLINA,2018,1,1,Homem,Branca,Somente escola privada,1998,20,20,5830,2018.1,2018.1
900000795,00000001817,2017,SISU,2016,1,,REGULAR,-1,0,-4034,Homem,Branca,,1996,20,-1997,73246,2016.1,-1
900002575,00000001818,2017,SISU,2020,1,3,GRADUADO,2015,1,-9,Homem,Não declarada,Somente escola pública,2003,17,12,6983,2020.1,2015.1
900000805,00000001819,2017,SISU,2016,1,,GRADUADO,2017,1,3,Mulher,Branca,"Pública e privada, tendo ficado mais tempo em escola privada",1998,18,19,6250,2016.1,2017.1
900002737,00000001820,1999,VESTIBULAR,2007,2,,CANCELADO REPROVOU TODAS POR FALTAS,2015,1,16,Homem,Parda,Somente escola pública,1987,20,28,6583,2007.2,2015.1
900000740,00000001821,1999,VESTIBULAR / ENEM,2011,1,,GRADUADO,2016,2,12,Mulher,Parda,Somente escola pública,1995,16,21,69518,2011.1,2016.2
900001822,00000001822,2017,SISU,2016,1,2,CANCELADO REPROVOU TODAS POR FALTAS,2011,1,-9,Homem,Parda,Somente escola pública,1994,22,17,6303,2016.1,2011.1
900001195,00000001823,2017,SISU,2018,1,,CANCELADO NOVO INGRESSO MESMO CURSO,2016,2,-2,Homem,Branca,Somente escola privada,1998,20,18,5974,2018.1,2016.2
900001415,00000001824,1999,VESTIBULAR / ENEM,2012,1,,GRADUADO,2014,2,6,Homem,Parda,Somente escola pública,1979,33,35,65640,2012.1,2014.2
900001974,00000001825,1999,VESTIBULAR,2009,2,,REGULAR,-1,0,-4021,Mulher,Branca,Somente escola pública,1989,20,-1990,6055,2009.2,-1
900001785,00000001826,2017,SISU,2021,1,,GRADUADO,2016,1,-9,Homem,Preta,Somente escola privada,2003,18,13,6058,2021.1,2016.1
900001679,00000001827,2017,SISU,2021,1,2,CANCELAMENTO POR ABANDONO,2012,2,-16,Homem,Parda,Somente escola pública,1999,22,13,68513,2021.1,2012.2
900002595,00000001828,1999,VESTIBULAR / ENEM,2013,1,4,GRADUADO,2014,2,4,Homem,Preta,,1996,17,18,49139,2013.1,2014.2
900000024,00000001829,2017,SISU,2017,1,,CANCELADO REPROVOU TODAS POR FALTAS,2008,2,-16,Homem,Não declarada,,1999,18,9,5869,2017.1,2008.2
900002776,00000001830,1999,VESTIBULAR / ENEM,2014,1,3,CANCELAMENTO P/ SOLICITACAO ALUNO,2020,1,13,Homem,Parda,Somente escola privada,1998,16,22,7379,2014.1,2020.1
900002807,00000001831,1999,VESTIBULAR,2010,2,,CANCELAMENTO POR ABANDONO,2012,1,4,Homem,Branca,Somente escola privada,1991,19,21,70231,2010.2,2012.1
900002213,00000001832,1999,VESTIBULAR / ENEM,2012,1,,CANCELADO NOVO INGRESSO MESMO CURSO,2011,1,-1,Homem,Não declarada,Somente escola privada,1994,18,17,69617,2012.1,2011.1
900000663,00000001833,1999,VESTIBULAR,2008,1,,REGULAR,-1,0,-4018,Mulher,Parda,Somente escola pública,1984,24,-1985,62700,2008.1,-1
900002728,00000001834,1999,VESTIBULAR / ENEM,2013,2,,REGULAR,-1,0,-4029,Homem,Branca,Somente escola privada,1995,18,-1996,6029,2013.2,-1
900000753,00000001835,1999,VESTIBULAR / ENEM,2013,2,,CANCELADO NOVO INGRESSO MESMO CURSO,2016,2,7,Homem,Branca,Somente escola privada,1994,19,22,62058,2013.2,2016.2
900000987,00000001836,1999,VESTIBULAR,2009,1,,REGULAR,-1,0,-4020,Mulher,Branca,Somente escola privada,1987,22,-1988,69309,2009.1,-1
900001265,00000001837,2017,SISU,2016,2,4,CANCELADO 3 REPROV MESMA DISCIPLINA,2014,1,-4,Homem,Branca,Somente escola privada,1999,17,15,77477,2016.2,2014.1
900001132,00000001838,1999,VESTIBULAR / ENEM,2011,2,,CANCELADO 3 REPROV MESMA DISCIPLINA,2014,1,6,Homem,Branca,"Pública e privada, tendo ficado mais tempo em escola privada",1992,19,22,6212,2011.2,2014.1
900001245,00000001839,1999,VESTIBULAR,2008,2,,REGULAR,-1,0,-4019,Homem,Não declarada,,1990,18,-1991,5765,2008.2,-1
900002400,00000001840,1999,VESTIBULAR / ENEM,2012,1,,CANCELADO NOVO INGRESSO MESMO CURSO,2014,2,6,Homem,Branca,Somente escola privada,1987,25,27,,2012.1,2014.2
900000163,00000001841,1999,VESTIBULAR / ENEM,2013,1,,CANCELADO 3 REPROV MESMA DISCIPLINA,2016,1,7,Homem,Parda,,1989,24,27,7565,2013.1,2016.1
900000461,00000001842,2017,SISU,2014,2,5,REGULAR,-1,0,-4031,Homem,Parda,Somente escola pública,1994,20,-1995,61146,2014.2,-1
900001277,00000001843,2017,SISU,2020,2,,CANCELAMENTO P/ SOLICITACAO ALUNO,2019,1,-2,Homem,Parda,"Pública e privada, tendo ficado mais tempo em escola privada",2001,19,18,6254,2020.2,2019.1
900001775,00000001844,2017,SISU,2016,2,4,CANCELADO NOVO INGRESSO MESMO CURSO,2012,1,-8,Homem,Branca,Somente escola privada,1999,17,13,5564,2016.2,2012.1
900002353,00000001845,1999,VESTIBULAR / ENEM,2013,2,,CANCELADO 3 REPROV MESMA DISCIPLINA,2014,1,2,Homem,Branca,Somente escola privada,1987,26,27,6912,2013.2,2014.1
900002218,00000001846,1999,VESTIBULAR / ENEM,2011,2,,CANCELAMENTO POR ABANDONO,2012,2,3,Homem,Branca,Somente escola privada,1993,18,19,5953,2011.2,2012.2
900000920,00000001847,1999,VESTIBULAR / ENEM,2012,2,,CANCELAMENTO P/ SOLICITACAO ALUNO,2018,2,13,Homem,Parda,Somente escola pública,1996,16,22,6655,2012.2,2018.2
900001769,00000001848,2017,SISU,2016,2,2,REGULAR,-1,0,-4035,Homem,Branca,Somente escola privada,1993,23,-1994,5466,2016.2,-1
900002275,00000001849,2017,SISU,2020,2,,REGULAR,-1,0,-4043,Homem,Branca,Somente escola privada,2002,18,-2003,,2020.2,-1
900001040,00000001850,2017,SISU,2018,1,4,CANCELADO NOVO INGRESSO MESMO CURSO,2010,2,-14,Homem,Branca,Somente escola privada,2001,17,9,6065,2018.1,2010.2
900001571,00000001851,1999,VESTIBULAR,2010,1,,GRADUADO,2013,2,8,Homem,Branca,Somente escola pública,1986,24,27,5987,2010.1,2013.2
900000464,00000001852,1999,SISU,2016,1,5,CANCELAMENTO POR ABANDONO,2013,2,-4,Homem,Branca,,1997,19,16,61799,2016.1,2013.2
900001154,00000001853,2017,SISU,2015,2,,GRADUADO,2018,1,6,Homem,Parda,Somente escola pública,1993,22,25,6616,2015.2,2018.1
900002108,00000001854,2017,SISU,2021,1,5,CANCELAMENTO P/ SOLICITACAO ALUNO,2013,1,-15,Homem,Parda,Somente escola pública,2001,20,12,65357,2021.1,2013.1
900001123,00000001855,2017,SISU,2020,1,2,CANCELADO NOVO INGRESSO OUTRO CURSO,2017,1,-5,Homem,Amarela,Somente escola privada,1995,25,22,6670,2020.1,2017.1
900001216,00000001856,2017,SISU,2018,2,,REGULAR,-1,0,-4039,Homem,Parda,Somente escola pública,2002,16,-2003,5318,2018.2,-1
900001145,00000001857,2017,SISU,2020,1,,CANCELAMENTO POR ABANDONO,2016,2,-6,Homem,Parda,Somente escola pública,2002,18,14,6181,2020.1,2016.2
900000664,00000001858,1999,VESTIBULAR,2010,2,,GRADUADO,2014,1,8,Mulher,Branca,Somente escola privada,1990,20,24,6859,2010.2,2014.1
900001536,00000001859,2017,SISU,2016,2,3,CANCELADO NOVO INGRESSO MESMO CURSO,2011,1,-10,Homem,Branca,Somente escola pública,1994,22,17,70596,2016.2,2011.1
900001272,00000001860,1999,VESTIBULAR / ENEM,2011,1,,CANCELADO NOVO INGRESSO MESMO CURSO,2016,2,12,Homem,Amarela,Somente escola pública,1994,17,22,5872,2011.1,2016.2
900000634,00000001861,2017,REOPCAO,2018,2,,CANCELADO 3 REPROV MESMA DISCIPLINA,2014,2,-7,Homem,Branca,Somente escola pública,1993,25,21,75689,2018.2,2014.2
900000834,00000001862,1999,VESTIBULAR / ENEM,2013,1,,REGULAR,-1,0,-4028,Mulher,Branca,Somente escola pública,1995,18,-1996,5739,2013.1,-1
900001542,00000001863,1999,VESTIBULAR,2006,1,,CANCELADO 3 REPROV MESMA DISCIPLINA,2020,1,29,Homem,Parda,,1987,19,33,6905,2006.1,2020.1
900002430,00000001864,1999,VESTIBULAR / ENEM,2013,2,,GRADUADO,2015,1,4,Homem,Branca,Somente escola privada,1997,16,18,6394,2013.2,2015.1
900000709,00000001865,2017,VESTIBULAR / ENEM,2014,1,,CANCELADO 3 REPROV MESMA DISCIPLINA,2014,2,2,Mulher,Branca,Somente escola pública,1992,22,22,,2014.1,2014.2
900002131,00000001866,1999,SISU,2016,1,5,REGULAR,-1,0,-4034,Homem,Não declarada,,1999,17,-2000,61116,2016.1,-1
900000682,00000001867,1999,SISU,2015,1,3,CANCELAMENTO P/ MUDANCA CURSO,2009,1,-11,Homem,Branca,Somente escola privada,1996,19,13,62500,2015.1,2009.1
900002053,00000001868,2017,SISU,2020,2,,CANCELAMENTO P/ SOLICITACAO ALUNO,2012,1,-16,Homem,Branca,Somente escola privada,2003,17,9,588,2020.2,2012.1
900002230,00000001869,2017,SISU,2018,2,,REGULAR,-1,0,-4039,Homem,Branca,Somente escola privada,1991,27,-1992,6391,2018.2,-1
900002650,00000001870,1999,VESTIBULAR,2006,1,,CANCELADO NOVO INGRESSO MESMO CURSO,2016,1,21,Homem,Branca,Somente escola pública,1989,17,27,6370,2006.1,2016.1
900000318,00000001871,2017,SISU,2019,1,,GRADUADO,2017,1,-3,Homem,Branca,Somente escola pública,2000,19,17,67445,2019.1,2017.1
900000960,00000001872,2017,SISU,2014,2,2,REGULAR,-1,0,-4031,Homem,Parda,Somente escola privada,1989,25,-1990,6214,2014.2,-1
900001424,00000001873,2017,SISU,2020,1,,CANCELADO 3 REPROV MESMA DISCIPLINA,2016,1,-7,Homem,Parda,Somente escola privada,2002,18,14,6748,2020.1,2016.1
900000409,00000001874,1999,VESTIBULAR / ENEM,2012,1,,CANCELAMENTO P/ SOLICITACAO ALUNO,2015,1,7,Homem,Parda,Somente escola privada,1996,16,19,58803,2012.1,2015.1
900000585,00000001875,1999,VESTIBULAR,2010,2,,CANCELADO NOVO INGRESSO MESMO CURSO,2017,2,15,Homem,Parda,Somente escola pública,1975,35,42,6256,2010.2,2017.2
900000792,00000001876,1999,VESTIBULAR,2009,2,,CANCELAMENTO P/ SOLICITACAO ALUNO,2009,1,0,Homem,Branca,Somente escola privada,1992,17,17,66114,2009.2,2009.1
900000565,00000001877,2017,SISU,2020,2,5,REGULAR,-1,0,-4043,Homem,Branca,Somente escola privada,1996,24,-1997,6196,2020.2,-1
900000825,00000001878,1999,VESTIBULAR,2007,2,,REGULAR,-1,0,-4017,Mulher,Parda,Somente escola privada,1982,25,-1983,66409,2007.2,-1
900002424,00000001879,2017,SISU,2018,2,5,CANCELADO NOVO INGRESSO MESMO CURSO,2013,1,-10,Homem,Branca,Somente escola pública,1999,19,14,55408,2018.2,2013.1
900001055,00000001880,1999,VESTIBULAR / ENEM,2012,1,,GRADUADO,2019,2,16,Homem,Indígena,Somente escola privada,1992,20,27,5434,2012.1,2019.2
900001301,00000001881,1999,SISU,2016,1,2,GRADUADO,2015,2,0,Homem,Não declarada,,1999,17,16,48547,2016.1,2015.2
900000308,00000001882,2017,SISU,2017,1,5,REGULAR,-1,0,-4036,Homem,Branca,Somente escola privada,1999,18,-2000,592,2017.1,-1
900000645,00000001883,2017,SISU,2019,2,4,REGULAR,-1,0,-4041,Homem,Parda,Somente escola privada,2001,18,-2002,6772,2019.2,-1
900001320,00000001884,1999,VESTIBULAR / ENEM,2012,2,,GRADUADO,2017,2,11,Homem,Branca,Somente escola privada,1992,20,25,6424,2012.2,2017.2
900001226,00000001885,2017,SISU,2020,1,5,CANCELADO 3 REPROV MESMA DISCIPLINA,2016,2,-6,Homem,Parda,Somente escola pública,1977,43,39,70035,2020.1,2016.2
900001803,00000001886,1999,VESTIBULAR / ENEM,2011,1,,CANCELADO 3 REPROV MESMA DISCIPLINA,2016,1,11,Homem,Não declarada,,1988,23,28,5459,2011.1,2016.1
900002413,00000001887,1999,VESTIBULAR,2007,2,,REGULAR,-1,0,-4017,Homem,Não declarada,,1989,18,-1990,6228,2007.2,-1
900000890,00000001888,2017,SISU,2020,1,,GRADUADO,2020,1,1,Homem,Indígena,Somente escola privada,2002,18,18,6428,2020.1,2020.1
900001768,00000001889,2017,SISU,2019,2,4,CANCELAMENTO P/ SOLICITACAO ALUNO,2013,2,-11,Homem,Parda,Somente escola pública,2000,19,13,,2019.2,2013.2
900000563,00000001890,2017,SISU,2019,1,,CANCELADO 3 REPROV MESMA DISCIPLINA,2014,1,-9,Homem,Branca,Somente escola privada,2000,19,14,6466,2019.1,2014.1
900001505,00000001891,2017,SISU,2016,1,3,CANCELAMENTO P/ MUDANCA CURSO,2019,2,8,Homem,Branca,Somente escola privada,1996,20,23,5942,2016.1,2019.2
900001969,00000001892,2017,SISU,2015,2,,REGULAR,-1,0,-4033,Homem,Parda,Somente escola pública,1995,20,-1996,6212,2015.2,-1
900001903,00000001893,2017,VESTIBULAR / ENEM,2020,2,2,GRADUADO,2017,2,-5,Homem,Branca,,2003,17,14,6025,2020.2,2017.2
900000787,00000001894,1999,VESTIBULAR,2006,1,,CANCELADO NOVO INGRESSO MESMO CURSO,2016,2,22,Homem,Não declarada,,1983,23,33,6008,2006.1,2016.2
900000649,00000001895,2017,SISU,2020,1,,CANCELADO NOVO INGRESSO MESMO CURSO,2010,1,-19,Homem,Branca,Somente escola privada,2000,20,10,73084,2020.1,2010.1
900002720,00000001896,1999,VESTIBULAR / ENEM,2012,2,,CANCELADO 3 REPROV MESMA DISCIPLINA,2018,1,12,Homem,Branca,"Pública e privada, tendo ficado mais tempo em escola pública",1995,17,23,7414,2012.2,2018.1
900002118,00000001897,2017,VESTIBULAR / ENEM,2018,2,7,GRADUADO,2019,2,3,Homem,Parda,Somente escola privada,1996,22,23,61467,2018.2,2019.2
900000911,00000001898,1999,VESTIBULAR / ENEM,2011,2,,CANCELADO NOVO INGRESSO MESMO CURSO,2013,2,5,Mulher,Branca,Somente escola privada,1994,17,19,65522,2011.2,2013.2
900000458,00000001899,2017,SISU,2021,1,4,REGULAR,-1,0,-4044,Homem,Não declarada,,1999,22,-2000,6205,2021.1,-1
900002320,00000001900,2017,SISU,2017,2,,REGULAR,-1,0,-4037,Homem,Não declarada,,1988,29,-1989,6073,2017.2,-1
900000185,00000001901,2017,SISU,2017,1,2,REGULAR,-1,0,-4036,Mulher,Parda,Somente escola pública,1997,20,-1998,61493,2017.1,-1
900000477,00000001902,2017,SISU,2019,1,,GRADUADO,2010,1,-17,Homem,Branca,Somente escola privada,1989,30,21,6032,2019.1,2010.1
900000009,00000001903,2017,SISU,2016,1,,REGULAR,-1,0,-4034,Homem,Parda,Somente escola privada,1998,18,-1999,7265,2016.1,-1
900001749,00000001904,1999,VESTIBULAR / ENEM,2013,1,,GRADUADO,2020,1,15,Homem,Branca,Somente escola privada,1996,17,24,707,2013.1,2020.1
900002550,00000001905,1999,VESTIBULAR / ENEM,2012,2,,REGULAR,-1,0,-4027,Homem,Branca,,1993,19,-1994,6441,2012.2,-1
900000248,00000001906,1999,VESTIBULAR / ENEM,2011,2,,CANCELAMENTO P/ SOLICITACAO ALUNO,2016,2,11,Homem,Branca,Somente escola pública,1993,18,23,6561,2011.2,2016.2
900002419,00000001907,2017,SISU,2020,2,2,CANCELADO REPROVOU TODAS POR FALTAS,2013,1,-14,Mulher,Branca,Somente escola privada,2002,18,11,72033,2020.2,2013.1
900000584,00000001908,2017,SISU,2018,1,,CANCELADO 3 REPROV MESMA DISCIPLINA,2016,2,-2,Mulher,Parda,Somente escola privada,1997,21,19,5970,2018.1,2016.2
900000774,00000001909,1999,VESTIBULAR / ENEM,2011,2,,CANCELADO REPROVOU TODAS POR FALTAS,2015,2,9,Homem,Branca,Somente escola privada,1992,19,23,70377,2011.2,2015.2
900001650,00000001910,2017,SISU,2016,2,,CANCELAMENTO P/ SOLICITACAO ALUNO,2014,2,-3,Homem,Parda,Somente escola privada,1995,21,19,62922,2016.2,2014.2
900000985,00000001911,1999,REOPCAO,2012,1,,GRADUADO,2013,2,4,Mulher,Branca,,1994,18,19,6316,2012.1,2013.2
900000757,00000001912,1999,VESTIBULAR / ENEM,2012,2,,CANCELADO NOVO INGRESSO MESMO CURSO,2018,1,12,Homem,Não declarada,,1980,32,38,,2012.2,2018.1
900001166,00000001913,1999,SISU,2015,1,,GRADUADO,2017,2,6,Homem,Parda,Somente escola pública,1997,18,20,718,2015.1,2017.2
900001959,00000001914,1999,VESTIBULAR / ENEM,2012,2,,GRADUADO,2016,1,8,Mulher,Preta,Somente escola pública,1993,19,23,6866,2012.2,2016.1
900001064,00000001915,2017,SISU,2017,1,,REGULAR,-1,0,-4036,Homem,Parda,Somente escola pública,1998,19,-1999,61297,2017.1,-1
900000577,00000001916,2017,SISU,2015,2,,GRADUADO,2013,2,-3,Homem,Parda,,1983,32,30,71019,2015.2,2013.2
900000719,00000001917,1999,VESTIBULAR / ENEM,2011,1,,CANCELAMENTO P/ SOLICITACAO ALUNO,2013,2,6,Homem,Parda,Somente escola pública,1992,19,21,6966,2011.1,2013.2
900000619,00000001918,2017,SISU,2015,1,5,GRADUADO,2012,2,-4,Homem,Parda,Somente escola pública,1997,18,15,751,2015.1,2012.2
900001030,00000001919,1999,VESTIBULAR,2008,2,,GRADUADO,2011,2,7,Mulher,Parda,Somente escola pública,1989,19,22,6328,2008.2,2011.2
900002708,00000001920,1999,SISU,2014,2,,REGULAR,-1,0,-4031,Homem,Branca,Somente escola privada,1995,19,-1996,5783,2014.2,-1
900001234,00000001921,2017,SISU,2020,1,3,CANCELAMENTO P/ SOLICITACAO ALUNO,2011,2,-16,Mulher,Preta,Somente escola pública,2002,18,9,61370,2020.1,2011.2
900001705,00000001922,1999,VESTIBULAR,2008,1,,REGULAR,-1,0,-4018,Homem,Branca,,1991,17,-1992,6741,2008.1,-1
900002758,00000001923,1999,SISU,2017,1,,REGULAR,-1,0,-4036,Homem,Branca,Somente escola pública,1995,22,-1996,6463,2017.1,-1
900001668,00000001924,2017,SISU,2020,1,5,CANCELADO REPROVOU TODAS POR FALTAS,2017,1,-5,Homem,Branca,Somente escola pública,2001,19,16,61753,2020.1,2017.1
900000547,00000001925,2017,SISU,2018,2,5,CANCELADO REPROVOU TODAS POR FALTAS,2010,1,-16,Homem,Parda,Somente escola pública,1996,22,14,6504,2018.2,2010.1
900002706,00000001926,1999,VESTIBULAR / ENEM,2014,1,,CANCELADO 3 REPROV MESMA DISCIPLINA,2010,2,-6,Homem,Branca,Somente escola privada,1986,28,24,70541,2014.1,2010.2
900000421,00000001927,1999,VESTIBULAR,2007,1,,GRADUADO,2012,1,11,Mulher,Branca,,1989,18,23,6068,2007.1,2012.1
900000611,00000001928,2017,SISU,2016,1,,CANCELADO NOVO INGRESSO MESMO CURSO,2010,1,-11,Homem,Parda,Somente escola pública,1998,18,12,6658,2016.1,2010.1
900002018,00000001929,1999,VESTIBULAR / ENEM,2011,2,,GRADUADO,2016,2,11,Homem,Branca,Somente escola privada,1994,17,22,65152,2011.2,2016.2
900000328,00000001930,2017,SISU,2020,2,,GRADUADO,2011,2,-17,Homem,Não declarada,,2002,18,9,64647,2020.2,2011.2
900000370,00000001931,2017,SISU,2019,1,4,REGULAR,-1,0,-4040,Homem,Parda,Somente escola pública,2003,16,-2004,6447,2019.1,-1
900000454,00000001932,1999,SISU,2017,1,5,REGULAR,-1,0,-4036,Homem,Parda,Somente escola privada,1998,19,-1999,6486,2017.1,-1
900002423,00000001933,2017,SISU,2018,2,,REGULAR,-1,0,-4039,Homem,Branca,Somente escola privada,1998,20,-1999,61908,2018.2,-1
900000517,00000001934,1999,VESTIBULAR,2010,1,,REGULAR,-1,0,-4022,Homem,Branca,Somente escola pública,1992,18,-1993,560,2010.1,-1
900001387,00000001935,1999,VESTIBULAR / ENEM,2012,2,,CANCELAMENTO POR ABANDONO,2012,1,0,Homem,Parda,Somente escola privada,1996,16,16,6690,2012.2,2012.1
900001433,00000001936,1999,VESTIBULAR / ENEM,2013,2,,CANCELADO 3 REPROV MESMA DISCIPLINA,2016,2,7,Homem,Parda,Somente escola pública,1994,19,22,,2013.2,2016.2
900001054,00000001937,2017,SISU,2018,1,,CANCELAMENTO P/ SOLICITACAO ALUNO,2011,1,-13,Homem,Parda,Somente escola privada,1997,21,14,6123,2018.1,2011.1
900001037,00000001938,2017,SISU,2015,1,,REGULAR,-1,0,-4032,Homem,Parda,,1995,20,-1996,65188,2015.1,-1
900002426,00000001939,1999,VESTIBULAR,2007,2,,GRADUADO,2011,1,8,Homem,Parda,Somente escola privada,1989,18,22,,2007.2,2011.1
900000246,00000001940,1999,SISU,2014,2,3,REGULAR,-1,0,-4031,Homem,Branca,Somente escola pública,1994,20,-1995,68483,2014.2,-1
900001052,00000001941,1999,VESTIBULAR / ENEM,2014,1,,CANCELADO 3 REPROV MESMA DISCIPLINA,2019,2,12,Homem,Não declarada,,1991,23,28,6681,2014.1,2019.2
900001748,00000001942,2017,SISU,2018,2,,REGULAR,-1,0,-4039,Homem,Branca,Somente escola privada,2000,18,-2001,66773,2018.2,-1
900001532,00000001943,1999,VESTIBULAR / ENEM,2011,2,,GRADUADO,2020,1,18,Homem,Branca,,1982,29,38,5723,2011.2,2020.1
900000178,00000001944,2017,SISU,2021,1,,REGULAR,-1,0,-4044,Homem,Não declarada,,2002,19,-2003,63898,2021.1,-1
900001417,00000001945,2017,SISU,2019,1,,CANCELADO REPROVOU TODAS POR FALTAS,2009,1,-19,Mulher,Branca,Somente escola privada,2002,17,7,580,2019.1,2009.1
900001897,00000001946,2017,SISU,2015,1,,REGULAR,-1,0,-4032,Homem,Parda,Somente escola privada,1993,22,-1994,644,2015.1,-1
900001654,00000001947,2017,SISU,2017,2,2,CANCELADO 3 REPROV MESMA DISCIPLINA,2016,2,-1,Homem,Não declarada,Somente escola privada,2000,17,16,64896,2017.2,2016.2
900000509,00000001948,1999,VESTIBULAR,2010,1,,REGULAR,-1,0,-4022,Mulher,Parda,Somente escola pública,1990,20,-1991,6179,2010.1,-1
900000156,00000001949,2017,SISU,2020,2,,CANCELADO NOVO INGRESSO MESMO CURSO,2017,2,-5,Homem,Branca,Somente escola pública,2003,17,14,672,2020.2,2017.2
900000125,00000001950,2017,SISU,2018,1,,REGULAR,-1,0,-4038,Homem,Branca,Somente escola privada,2002,16,-2003,69508,2018.1,-1
900002209,00000001951,1999,SISU,2017,2,2,GRADUADO,2017,1,0,Homem,Preta,Somente escola privada,2000,17,17,659,2017.2,2017.1
900000946,00000001952,2017,TRANSFERENCIA,2015,1,,GRADUADO,2019,2,10,Homem,Branca,Somente escola privada,1995,20,24,73743,2015.1,2019.2
900000194,00000001953,1999,VESTIBULAR,2008,2,,CANCELADO 3 REPROV MESMA DISCIPLINA,2017,1,18,Homem,Não declarada,Somente escola privada,1991,17,26,6485,2008.2,2017.1
900000788,00000001954,2017,SISU,2018,1,,CANCELAMENTO POR ABANDONO,2018,1,1,Mulher,Branca,,2000,18,18,46521,2018.1,2018.1
900001228,00000001955,2017,SISU,2018,2,5,CANCELAMENTO POR ABANDONO,2015,1,-6,Homem,Parda,Somente escola pública,2001,17,14,74855,2018.2,2015.1
900000852,00000001956,2017,SISU,2018,2,,GRADUADO,2019,2,3,Homem,Parda,Somente escola privada,1997,21,22,696,2018.2,2019.2
900002417,00000001957,2017,SISU,2017,1,,CANCELADO REPROVOU TODAS POR FALTAS,2014,2,-4,Homem,Parda,,1999,18,15,68259,2017.1,2014.2
900002396,00000001958,2017,VESTIBULAR / ENEM,2014,1,,CANCELADO NOVO INGRESSO MESMO CURSO,2018,1,9,Homem,Parda,Somente escola pública,1986,28,32,73720,2014.1,2018.1
900001990,00000001959,2017,SISU,2017,2,,REGULAR,-1,0,-4037,Homem,Não declarada,Somente escola privada,1999,18,-2000,66372,2017.2,-1
900001305,00000001960,1999,VESTIBULAR / ENEM,2012,2,,CANCELADO 3 REPROV MESMA DISCIPLINA,2010,2,-3,Homem,Parda,,1996,16,14,6861,2012.2,2010.2
900000635,00000001961,1999,VESTIBULAR,2009,1,,REGULAR,-1,0,-4020,Homem,Não declarada,Somente escola pública,1987,22,-1988,6257,2009.1,-1
900000497,00000001962,1999,VESTIBULAR,2009,2,,GRADUADO,2018,2,19,Mulher,Amarela,,1990,19,28,6763,2009.2,2018.2
900001242,00000001963,1999,VESTIBULAR,2010,1,,REGULAR,-1,0,-4022,Homem,Não declarada,Somente escola privada,1992,18,-1993,68033,2010.1,-1
900000567,00000001964,1999,VESTIBULAR / ENEM,2011,1,,GRADUADO,2014,2,8,Homem,Branca,Somente escola privada,1992,19,22,6651,2011.1,2014.2
900002534,00000001965,2017,REOPCAO,2019,2,,CANCELADO NOVO INGRESSO MESMO CURSO,2010,1,-18,Homem,Parda,Somente escola pública,1991,28,19,7650,2019.2,2010.1
900002649,00000001966,2017,SISU,2017,1,4,GRADUADO,2017,2,2,Homem,Branca,Somente escola privada,1996,21,21,63838,2017.1,2017.2
900002640,00000001967,1999,SISU,2017,2,,CANCELAMENTO POR ABANDONO,2007,2,-19,Homem,Branca,,1993,24,14,7036,2017.2,2007.2
900001359,00000001968,1999,SISU,2017,1,2,GRADUADO,2012,2,-8,Homem,Branca,Somente escola privada,1995,22,17,70750,2017.1,2012.2
900002069,00000001969,1999,VESTIBULAR,2009,1,,REGULAR,-1,0,-4020,Homem,Branca,Somente escola pública,1989,20,-1990,,2009.1,-1
900002055,00000001970,1999,SISU,2016,1,,CANCELAMENTO P/ SOLICITACAO ALUNO,2018,1,5,Homem,Amarela,Somente escola privada,1998,18,20,5966,2016.1,2018.1
900002535,00000001971,2017,SISU,2014,2,5,CANCELADO REPROVOU TODAS POR FALTAS,2009,1,-10,Mulher,Branca,,1995,19,14,6647,2014.2,2009.1
900002456,00000001972,1999,VESTIBULAR / ENEM,2012,1,,GRADUADO,2018,1,13,Homem,Branca,Somente escola privada,1996,16,22,,2012.1,2018.1
900001406,00000001973,2017,SISU,2019,1,3,REGULAR,-1,0,-4040,Homem,Branca,Somente escola pública,1998,21,-1999,6265,2019.1,-1
900001160,00000001974,1999,VESTIBULAR / ENEM,2013,2,,CANCELAMENTO POR ABANDONO,2012,1,-2,Mulher,Branca,Somente escola privada,1993,20,19,6754,2013.2,2012.1
900001946,00000001975,1999,VESTIBULAR,2010,1,,CANCELADO NOVO INGRESSO OUTRO CURSO,2016,1,13,Homem,Parda,Somente escola pública,1992,18,24,,2010.1,2016.1
900000205,00000001976,2017,SISU,2016,1,,GRADUADO,2018,2,6,Homem,Parda,Somente escola privada,1998,18,20,6396,2016.1,2018.2
900001440,00000001977,1999,VESTIBULAR / ENEM,2012,1,,CANCELADO 3 REPROV MESMA DISCIPLINA,2009,2,-4,Homem,Branca,Somente escola privada,1994,18,15,6544,2012.1,2009.2
900001099,00000001978,2017,SISU,2019,2,,REGULAR,-1,0,-4041,Homem,Parda,Somente escola privada,2000,19,-2001,64759,2019.2,-1
900000386,00000001979,1999,VESTIBULAR,2010,1,,CANCELADO 3 REPROV MESMA DISCIPLINA,2015,1,11,Homem,Branca,Somente escola pública,1987,23,28,6589,2010.1,2015.1
900002250,00000001980,2017,SISU,2020,2,,CANCELADO NOVO INGRESSO MESMO CURSO,2012,1,-16,Homem,Não declarada,,2001,19,11,6428,2020.2,2012.1
900001271,00000001981,2017,SISU,2020,2,,GRADUADO,2010,1,-20,Mulher,Parda,Somente escola pública,1999,21,11,66936,2020.2,2010.1
900001643,00000001982,1999,VESTIBULAR,2010,1,,CANCELAMENTO POR ABANDONO,2007,1,-5,Homem,Branca,,1976,34,31,6164,2010.1,2007.1
900000990,00000001983,2017,SISU,2020,2,4,CANCELAMENTO POR ABANDONO,2006,2,-27,Homem,Parda,Somente escola privada,2003,17,3,72839,2020.2,2006.2
900000884,00000001984,1999,SISU,2015,1,2,CANCELAMENTO P/ SOLICITACAO ALUNO,2012,1,-5,Homem,Branca,Somente escola privada,1986,29,26,5441,2015.1,2012.1
900000599,00000001985,2017,SISU,2018,1,9,REGULAR,-1,0,-4038,Homem,Branca,Somente escola privada,1997,21,-1998,64910,2018.1,-1
900001189,00000001986,1999,JUDICIAL,2010,2,,REGULAR,-1,0,-4023,Mulher,Parda,Somente escola pública,1988,22,-1989,6613,2010.2,-1
900000015,00000001987,2017,REOPCAO,2020,1,,REGULAR,-1,0,-4042,Homem,Parda,,1985,35,-1986,5954,2020.1,-1
900002081,00000001988,2017,SISU,2019,1,2,REGULAR,-1,0,-4040,Homem,Branca,,1995,24,-1996,697,2019.1,-1
900002121,00000001989,2017,VESTIBULAR / ENEM,2013,2,,CANCELAMENTO POR ABANDONO,2013,2,1,Homem,Parda,Somente escola privada,1991,22,22,60672,2013.2,2013.2
900001309,00000001990,1999,VESTIBULAR,2009,2,,REGULAR,-1,0,-4021,Mulher,Branca,Somente escola privada,1990,19,-1991,62003,2009.2,-1
900002788,00000001991,1999,SISU,2015,1,,REGULAR,-1,0,-4032,Homem,Branca,Somente escola pública,1998,17,-1999,71358,2015.1,-1
900001847,00000001992,2017,SISU,2017,2,,CANCELADO NOVO INGRESSO MESMO CURSO,2013,2,-7,Homem,Preta,Somente escola privada,1997,20,16,5735,2017.2,2013.2
900002410,00000001993,1999,VESTIBULAR / ENEM,2014,1,,REGULAR,-1,0,-4030,Homem,Não declarada,,1992,22,-1993,6531,2014.1,-1
900002691,00000001994,1999,VESTIBULAR / ENEM,2012,2,,REGULAR,-1,0,-4027,Homem,Branca,Somente escola privada,1996,16,-1997,6717,2012.2,-1
900000188,00000001995,2017,SISU,2019,1,4,CANCELADO NOVO INGRESSO MESMO CURSO,2015,2,-6,Homem,Preta,Somente escola privada,1999,20,16,6477,2019.1,2015.2
900000284,00000001996,1999,VESTIBULAR,2010,1,,REGULAR,-1,0,-4022,Homem,Parda,Somente escola pública,1990,20,-1991,65093,2010.1,-1
900000153,00000001997,2017,SISU,2017,1,4,GRADUADO,2018,2,4,Homem,Não declarada,Somente escola privada,1999,18,19,68247,2017.1,2018.2
900000175,00000001998,1999,VESTIBULAR,2008,1,,REGULAR,-1,0,-4018,Mulher,Não declarada,,1989,19,-1990,6296,2008.1,-1
900000840,00000001999,2017,SISU,2016,2,2,GRADUADO,2011,1,-10,Homem,Parda,,1989,27,22,65117,2016.2,2011.1
900002752,00000002000,2017,SISU,2016,2,2,REGULAR,-1,0,-4035,Homem,Branca,Somente escola privada,1997,19,-1998,69691,2016.2,-1
900001499,00000002001,1999,VESTIBULAR / ENEM,2012,1,,CANCELADO REPROVOU TODAS POR FALTAS,2013,1,3,Mulher,Preta,Somente escola pública,1991,21,22,7820,2012.1,2013.1
900001367,00000002002,1999,VESTIBULAR,2009,1,,GRADUADO,2019,2,22,Homem,Parda,Somente escola privada,1987,22,32,619,2009.1,2019.2
900001496,00000002003,1999,SISU,2017,1,5,REGULAR,-1,0,-4036,Homem,Não declarada,,1997,20,-1998,60910,2017.1,-1
900001801,00000002004,2017,SISU,2015,1,,CANCELAMENTO POR ABANDONO,2008,1,-13,Homem,Branca,Somente escola privada,1991,24,17,6484,2015.1,2008.1
900002525,00000002005,1999,VESTIBULAR / ENEM,2012,2,,CANCELAMENTO POR ABANDONO,2014,2,5,Mulher,Preta,Somente escola pública,1993,19,21,5243,2012.2,2014.2
900002120,00000002006,1999,VESTIBULAR / ENEM,2013,2,,REGULAR,-1,0,-4029,Homem,Parda,Somente escola pública,1993,20,-1994,6364,2013.2,-1
900001341,00000002007,1999,VESTIBULAR,2008,1,,GRADUADO,2019,1,23,Homem,Branca,Somente escola pública,1990,18,29,701,2008.1,2019.1
900000928,00000002008,2017,SISU,2017,1,,CANCELADO 3 REPROV MESMA DISCIPLINA,2011,2,-10,Homem,Parda,Somente escola privada,1990,27,21,6162,2017.1,2011.2
900000857,00000002009,1999,SISU,2015,2,,REGULAR,-1,0,-4033,Homem,Parda,,1998,17,-1999,62050,2015.2,-1
900000052,00000002010,2017,SISU,2019,2,2,CANCELAMENTO POR ABANDONO,2019,2,1,Homem,Branca,"Pública e privada, tendo ficado mais tempo em escola privada",1990,29,29,68129,2019.2,2019.2
900001162,00000002011,2017,SISU,2015,2,3,REGULAR,-1,0,-4033,Homem,Branca,Somente escola privada,1996,19,-1997,594,2015.2,-1
900001334,00000002012,1999,VESTIBULAR,2008,1,,CANCELAMENTO P/ SOLICITACAO ALUNO,2008,2,2,Homem,Branca,Somente escola privada,1978,30,30,69982,2008.1,2008.2
900001814,00000002013,2017,SISU,2018,2,,REGULAR,-1,0,-4039,Homem,Branca,,1998,20,-1999,5287,2018.2,-1
900001002,00000002014,1999,VESTIBULAR,2007,2,,CANCELADO 3 REPROV MESMA DISCIPLINA,2014,1,14,Homem,Branca,,1987,20,27,59749,2007.2,2014.1
900000091,00000002015,1999,SISU,2014,2,,REGULAR,-1,0,-4031,Homem,Não declarada,,1994,20,-1995,66952,2014.2,-1
900002308,00000002016,2017,SISU,2016,2,,REGULAR,-1,0,-4035,Homem,Branca,Somente escola privada,1994,22,-1995,6324,2016.2,-1
900000637,00000002017,2017,SISU,2015,2,3,REGULAR,-1,0,-4033,Homem,Parda,Somente escola pública,1992,23,-1993,57845,2015.2,-1
900000225,00000002018,1999,VESTIBULAR / ENEM,2011,2,,GRADUADO,2011,2,1,Homem,Branca,Somente escola privada,1992,19,19,5731,2011.2,2011.2
900001024,00000002019,1999,JUDICIAL,2009,2,,CANCELAMENTO P/ SOLICITACAO ALUNO,2014,1,10,Homem,Branca,Somente escola privada,1990,19,24,6576,2009.2,2014.1
900002748,00000002020,2017,SISU,2017,2,2,REGULAR,-1,0,-4037,Homem,Branca,Somente escola privada,1984,33,-1985,574,2017.2,-1
900000348,00000002021,1999,VESTIBULAR,2008,2,,GRADUADO,2015,1,14,Homem,Branca,Somente escola pública,1985,23,30,5938,2008.2,2015.1
900001831,00000002022,1999,VESTIBULAR / ENEM,2013,1,,CANCELADO REPROVOU TODAS POR FALTAS,2013,1,1,Homem,Parda,Somente escola pública,1995,18,18,60509,2013.1,2013.1
900000580,00000002023,2017,SISU,2021,1,,CANCELADO NOVO INGRESSO MESMO CURSO,2013,2,-14,Homem,Não declarada,Somente escola pública,2000,21,13,,2021.1,2013.2
900002716,00000002024,2017,TRANSFERENCIA,2020,1,,CANCELAMENTO POR ABANDONO,2016,1,-7,Homem,Preta,Somente escola pública,2000,20,16,63601,2020.1,2016.1
900000640,00000002025,2017,SISU,2017,1,2,GRADUADO,2015,2,-2,Homem,Parda,,2000,17,15,64895,2017.1,2015.2
900002472,00000002026,1999,VESTIBULAR / ENEM,2012,1,,REGULAR,-1,0,-4026,Homem,Branca,Somente escola privada,1990,22,-1991,64476,2012.1,-1
900002813,00000002027,1999,VESTIBULAR,2009,2,,REGULAR,-1,0,-4021,Homem,Parda,Somente escola pública,1990,19,-1991,6694,2009.2,-1
900001464,00000002028,2017,SISU,2017,2,,CANCELADO 3 REPROV MESMA DISCIPLINA,2011,2,-11,Homem,Branca,Somente escola privada,1997,20,14,6380,2017.2,2011.2
900000959,00000002029,2017,SISU,2016,1,4,CANCELADO 3 REPROV MESMA DISCIPLINA,2015,2,0,Homem,Branca,Somente escola privada,1996,20,19,6398,2016.1,2015.2
900000657,00000002030,1999,VESTIBULAR / ENEM,2013,2,,CANCELAMENTO POR ABANDONO,2011,2,-3,Homem,Parda,Somente escola pública,1990,23,21,60219,2013.2,2011.2
900002792,00000002031,1999,VESTIBULAR / ENEM,2011,2,,CANCELAMENTO POR ABANDONO,2011,2,1,Homem,Parda,Somente escola privada,1985,26,26,5433,2011.2,2011.2
900000581,00000002032,1999,VESTIBULAR / ENEM,2012,1,,CANCELADO 3 REPROV MESMA DISCIPLINA,2015,1,7,Homem,Parda,Somente escola pública,1994,18,21,62917,2012.1,2015.1
900001354,00000002033,1999,VESTIBULAR / ENEM,2012,2,,CANCELADO REPROVOU TODAS POR FALTAS,2010,2,-3,Homem,Branca,Somente escola privada,1992,20,18,6488,2012.2,2010.2
900000338,00000002034,2017,SISU,2019,2,,CANCELADO REPROVOU TODAS POR FALTAS,2012,2,-13,Homem,Parda,Somente escola privada,2001,18,11,6090,2019.2,2012.2
900001872,00000002035,2017,SISU,2018,2,4,REGULAR,-1,0,-4039,Homem,Amarela,"Pública e privada, tendo ficado mais tempo em escola privada",1993,25,-1994,63967,2018.2,-1
900002128,00000002036,1999,VESTIBULAR / ENEM,2013,1,,REGULAR,-1,0,-4028,Homem,Não declarada,,1994,19,-1995,62811,2013.1,-1
900000032,00000002037,1999,SISU,2015,2,,GRADUADO,2019,1,8,Homem,Parda,Somente escola pública,1995,20,24,67851,2015.2,2019.1
900002569,00000002038,2017,SISU,2018,2,4,CANCELAMENTO POR ABANDONO,2008,1,-20,Homem,Não declarada,,2001,17,7,7467,2018.2,2008.1
900000952,00000002039,1999,JUDICIAL,2008,2,,CANCELADO REPROVOU TODAS POR FALTAS,2013,2,11,Homem,Branca,Somente escola privada,1989,19,24,65831,2008.2,2013.2
900000907,00000002040,1999,VESTIBULAR,2010,2,,REGULAR,-1,0,-4023,Homem,Branca,Somente escola privada,1991,19,-1992,6426,2010.2,-1
900002453,00000002041,1999,VESTIBULAR / ENEM,2011,2,,GRADUADO,2016,2,11,Homem,Parda,Somente escola pública,1992,19,24,5923,2011.2,2016.2
900000334,00000002042,1999,VESTIBULAR,2006,1,,REGULAR,-1,0,-4014,Homem,Branca,Somente escola privada,1985,21,-1986,6102,2006.1,-1
900002671,00000002043,1999,VESTIBULAR / ENEM,2011,2,,CANCELADO NOVO INGRESSO OUTRO CURSO,2013,2,5,Homem,Parda,Somente escola privada,1988,23,25,682,2011.2,2013.2
900002589,00000002044,1999,SISU,2015,1,4,GRADUADO,2019,1,9,Homem,Parda,Somente escola pública,1995,20,24,5430,2015.1,2019.1
900001255,00000002045,1999,SISU,2014,2,3,CANCELADO NOVO INGRESSO MESMO CURSO,2016,1,4,Homem,Branca,Somente escola privada,1996,18,20,6801,2014.2,2016.1
900001175,00000002046,2017,SISU,2019,2,,REGULAR,-1,0,-4041,Homem,Branca,Somente escola privada,1989,30,-1990,6540,2019.2,-1
900000696,00000002047,1999,SISU,2017,2,,GRADUADO,2019,1,4,Homem,Amarela,Somente escola privada,1998,19,21,6467,2017.2,2019.1
900000201,00000002048,2017,SISU,2017,2,,CANCELADO NOVO INGRESSO MESMO CURSO,2013,1,-8,Homem,Branca,Somente escola pública,1993,24,20,6379,2017.2,2013.1
900000074,00000002049,2017,SISU,2016,1,,REGULAR,-1,0,-4034,Homem,Branca,Somente escola privada,1999,17,-2000,71809,2016.1,-1
900001439,00000002050,1999,VESTIBULAR,2007,2,,GRADUADO,2018,1,22,Mulher,Não declarada,,1989,18,29,5668,2007.2,2018.1
900000885,00000002051,2017,SISU,2016,2,5,GRADUADO,2019,1,6,Homem,Parda,Somente escola privada,1995,21,24,6305,2016.2,2019.1
900002560,00000002052,2017,SISU,2017,1,,REGULAR,-1,0,-4036,Homem,Branca,Somente escola pública,1995,22,-1996,62688,2017.1,-1
900002284,00000002053,2017,SISU,2017,1,3,CANCELADO NOVO INGRESSO MESMO CURSO,2012,2,-8,Homem,Branca,Somente escola privada,2000,17,12,64586,2017.1,2012.2
900000408,00000002054,1999,VESTIBULAR / ENEM,2011,2,,REGULAR,-1,0,-4025,Homem,Parda,Somente escola privada,1991,20,-1992,65913,2011.2,-1
900002016,00000002055,1999,VESTIBULAR / ENEM,2012,1,,GRADUADO,2016,1,9,Homem,Branca,Somente escola privada,1981,31,35,6336,2012.1,2016.1
900002711,00000002056,2017,SISU,2018,2,,GRADUADO,2019,1,2,Homem,Parda,Somente escola pública,1998,20,21,6213,2018.2,2019.1
900000992,00000002057,2017,SISU,2021,1,,CANCELAMENTO POR ABANDONO,2015,1,-11,Mulher,Não declarada,,2002,19,13,60105,2021.1,2015.1
900000961,00000002058,2017,VESTIBULAR / ENEM,2013,2,,REGULAR,-1,0,-4029,Homem,Branca,Somente escola pública,1997,16,-1998,5982,2013.2,-1
900000114,00000002059,1999,VESTIBULAR / ENEM,2011,2,,CANCELADO REPROVOU TODAS POR FALTAS,2010,2,-1,Homem,Não declarada,,1992,19,18,6280,2011.2,2010.2
900001896,00000002060,1999,VESTIBULAR / ENEM,2011,2,,REGULAR,-1,0,-4025,Homem,Branca,Somente escola privada,1990,21,-1991,61751,2011.2,-1
900001340,00000002061,2017,SISU,2018,2,4,CANCELADO REPROVOU TODAS POR FALTAS,2013,1,-10,Homem,Parda,Somente escola pública,1994,24,19,7109,2018.2,2013.1
900001343,00000002062,1999,VESTIBULAR,2007,2,,CANCELADO 3 REPROV MESMA DISCIPLINA,2011,2,9,Homem,Parda,Somente escola pública,1991,16,20,6155,2007.2,2011.2
900001530,00000002063,1999,VESTIBULAR / ENEM,2012,2,,CANCELAMENTO P/ SOLICITACAO ALUNO,2014,2,5,Homem,Branca,Somente escola privada,1993,19,21,60911,2012.2,2014.2
900002375,00000002064,2017,SISU,2018,2,,REGULAR,-1,0,-4039,Homem,Branca,Somente escola privada,1993,25,-1994,,2018.2,-1
900001069,00000002065,2017,SISU,2019,1,4,CANCELAMENTO P/ SOLICITACAO ALUNO,2015,2,-6,Homem,Branca,Somente escola pública,1997,22,18,5987,2019.1,2015.2
900002464,00000002066,1999,VESTIBULAR,2008,1,,REGULAR,-1,0,-4018,Homem,Branca,Somente escola privada,1990,18,-1991,61418,2008.1,-1
900000887,00000002067,2017,REOPCAO,2015,2,,CANCELADO 3 REPROV MESMA DISCIPLINA,2016,2,3,Mulher,Branca,Somente escola privada,1996,19,20,597,2015.2,2016.2
900000040,00000002068,2017,SISU,2016,1,3,GRADUADO,2020,1,9,Homem,Parda,Somente escola pública,1999,17,21,5762,2016.1,2020.1
900001900,00000002069,1999,VESTIBULAR,2010,1,,CANCELAMENTO POR ABANDONO,2012,1,5,Mulher,Amarela,Somente escola pública,1986,24,26,6100,2010.1,2012.1
900001556,00000002070,2017,SISU,2021,1,,GRADUADO,2011,2,-18,Homem,Parda,Somente escola privada,2000,21,11,6385,2021.1,2011.2
900000278,00000002071,1999,SISU,2016,1,,CANCELADO REPROVOU TODAS POR FALTAS,2010,1,-11,Homem,Não declarada,Somente escola pública,1998,18,12,6366,2016.1,2010.1
900001073,00000002072,2017,SISU,2018,2,,CANCELAMENTO POR ABANDONO,2016,1,-4,Homem,Branca,Somente escola privada,1999,19,17,6018,2018.2,2016.1
900000130,00000002073,1999,SISU,2016,1,,GRADUADO,2016,2,2,Homem,Branca,Somente escola privada,1991,25,25,651,2016.1,2016.2
900000997,00000002074,1999,VESTIBULAR,2009,1,,CANCELAMENTO POR ABANDONO,2011,2,6,Homem,Não declarada,,1990,19,21,7046,2009.1,2011.2
900001703,00000002075,2017,SISU,2019,1,5,CANCELADO 3 REPROV MESMA DISCIPLINA,2010,1,-17,Homem,Branca,,2001,18,9,6707,2019.1,2010.1
900001418,00000002076,1999,VESTIBULAR,2010,2,,REGULAR,-1,0,-4023,Homem,Branca,Somente escola privada,1991,19,-1992,64598,2010.2,-1
900002348,00000002077,2017,SISU,2021,1,4,CANCELADO 3 REPROV MESMA DISCIPLINA,2016,2,-8,Mulher,Parda,Somente escola pública,1999,22,17,5761,2021.1,2016.2
900000560,00000002078,1999,SISU,2017,2,2,CANCELADO REPROVOU TODAS POR FALTAS,2020,1,6,Homem,Branca,Somente escola privada,1987,30,33,5822,2017.2,2020.1
900001483,00000002079,2017,SISU,2017,1,,REGULAR,-1,0,-4036,Homem,Branca,Somente escola privada,2000,17,-2001,71024,2017.1,-1
900002364,00000002080,1999,SISU,2014,2,,REGULAR,-1,0,-4031,Homem,Não declarada,,1994,20,-1995,63060,2014.2,-1
900000146,00000002081,1999,SISU,2016,2,,GRADUADO,2016,1,0,Homem,Parda,Somente escola pública,1997,19,19,61956,2016.2,2016.1
900002503,00000002082,2017,SISU,2020,1,,GRADUADO,2012,1,-15,Homem,Parda,Somente escola pública,2003,17,9,63537,2020.1,2012.1
900002717,00000002083,1999,VESTIBULAR,2007,1,,GRADUADO,2018,2,24,Homem,Parda,Somente escola privada,1988,19,30,76007,2007.1,2018.2
900000161,00000002084,2017,SISU,2017,1,2,GRADUADO,2009,2,-14,Homem,Amarela,Somente escola privada,1996,21,13,6974,2017.1,2009.2
900001808,00000002085,1999,VESTIBULAR / ENEM,2013,2,,GRADUADO,2013,1,0,Homem,Branca,"Pública e privada, tendo ficado mais tempo em escola privada",1994,19,19,60345,2013.2,2013.1
900001774,00000002086,1999,VESTIBULAR,2008,1,,CANCELADO NOVO INGRESSO MESMO CURSO,2016,2,18,Mulher,Parda,Somente escola privada,1991,17,25,666,2008.1,2016.2
900001621,00000002087,1999,VESTIBULAR,2009,1,,REGULAR,-1,0,-4020,Homem,Branca,Somente escola pública,1991,18,-1992,5905,2009.1,-1
900002636,00000002088,2017,SISU,2019,1,,CANCELADO REPROVOU TODAS POR FALTAS,2010,2,-16,Homem,Branca,"Pública e privada, tendo ficado mais tempo em escola privada",1997,22,13,6058,2019.1,2010.2
900000570,00000002089,1999,SISU,2014,2,,GRADUADO,2017,2,7,Homem,Parda,Somente escola pública,1995,19,22,7073,2014.2,2017.2
900000968,00000002090,1999,VESTIBULAR / ENEM,2012,2,,CANCELADO NOVO INGRESSO MESMO CURSO,2011,2,-1,Homem,Branca,,1993,19,18,74534,2012.2,2011.2
900002158,00000002091,1999,VESTIBULAR,2008,2,,REGULAR,-1,0,-4019,Homem,Não declarada,,1985,23,-1986,5506,2008.2,-1
900002491,00000002092,2017,SISU,2016,2,,GRADUADO,2020,1,8,Mulher,Branca,Somente escola privada,1999,17,21,5812,2016.2,2020.1
900000145,00000002093,1999,SISU,2014,2,,CANCELADO NOVO INGRESSO OUTRO CURSO,2017,1,6,Homem,Parda,Somente escola privada,1985,29,32,63773,2014.2,2017.1
900002227,00000002094,2017,SISU,2016,1,2,GRADUADO,2014,2,-2,Homem,Branca,Somente escola pública,1998,18,16,5801,2016.1,2014.2
900001904,00000002095,1999,VESTIBULAR,2008,1,,CANCELAMENTO P/ SOLICITACAO ALUNO,2015,1,15,Mulher,Parda,Somente escola privada,1987,21,28,5940,2008.1,2015.1
900002490,00000002096,2017,SISU,2017,2,,CANCELADO 3 REPROV MESMA DISCIPLINA,2012,2,-9,Homem,Branca,Somente escola privada,1995,22,17,71431,2017.2,2012.2
900000651,00000002097,1999,SISU,2015,1,,REGULAR,-1,0,-4032,Homem,Branca,Somente escola privada,1996,19,-1997,5803,2015.1,-1
900000531,00000002098,1999,VESTIBULAR,2007,2,,REGULAR,-1,0,-4017,Homem,Parda,Somente escola pública,1990,17,-1991,72963,2007.2,-1
900000606,00000002099,2017,SISU,2017,2,3,CANCELAMENTO P/ SOLICITACAO ALUNO,2009,2,-15,Homem,Não declarada,,1997,20,12,69134,2017.2,2009.2
900000061,00000002100,1999,VESTIBULAR / ENEM,2012,1,,CANCELADO NOVO INGRESSO MESMO CURSO,2017,2,12,Homem,Parda,Somente escola pública,1987,25,30,6599,2012.1,2017.2
900001773,00000002101,1999,VESTIBULAR,2010,2,,GRADUADO,2017,1,14,Homem,Branca,Somente escola privada,1990,20,27,6095,2010.2,2017.1
900000152,00000002102,1999,VESTIBULAR / ENEM,2011,1,,REGULAR,-1,0,-4024,Homem,Parda,Somente escola pública,1990,21,-1991,66956,2011.1,-1
900000447,00000002103,1999,TRANSFERENCIA,2008,2,,GRADUADO,2016,1,16,Homem,Branca,,1991,17,25,6786,2008.2,2016.1
900002687,00000002104,1999,VESTIBULAR / ENEM,2013,1,,REGULAR,-1,0,-4028,Homem,Não declarada,,1995,18,-1996,74898,2013.1,-1
900000754,00000002105,1999,SISU,2015,2,,REGULAR,-1,0,-4033,Homem,Branca,Somente escola pública,1989,26,-1990,583,2015.2,-1
900000166,00000002106,1999,VESTIBULAR,2007,1,,REGULAR,-1,0,-4016,Homem,Parda,Somente escola privada,1988,19,-1989,6743,2007.1,-1
900002267,00000002107,1999,VESTIBULAR / ENEM,2011,1,,GRADUADO,2020,1,19,Homem,Parda,Somente escola privada,1993,18,27,61141,2011.1,2020.1
900002062,00000002108,1999,VESTIBULAR,2009,2,,CANCELADO NOVO INGRESSO MESMO CURSO,2013,2,9,Homem,Parda,Somente escola privada,1988,21,25,699,2009.2,2013.2
900000482,00000002109,2017,TRANSFERENCIA,2019,1,,REGULAR,-1,0,-4040,Mulher,Branca,,1996,23,-1997,,2019.1,-1
900001441,00000002110,2017,REOPCAO,2015,1,,REGULAR,-1,0,-4032,Mulher,Não declarada,,1997,18,-1998,69225,2015.1,-1
900002167,00000002111,2017,SISU,2019,2,,REGULAR,-1,0,-4041,Homem,Não declarada,,2001,18,-2002,67637,2019.2,-1
900001007,00000002112,1999,VESTIBULAR,2010,1,,CANCELAMENTO POR ABANDONO,2012,2,6,Homem,Branca,,1987,23,25,73590,2010.1,2012.2
900001225,00000002113,1999,VESTIBULAR,2009,2,,REGULAR,-1,0,-4021,Homem,Amarela,Somente escola privada,1989,20,-1990,6129,2009.2,-1
900002382,00000002114,2017,SISU,2021,1,,REGULAR,-1,0,-4044,Mulher,Parda,Somente escola pública,2003,18,-2004,6223,2021.1,-1
900000401,00000002115,1999,VESTIBULAR / ENEM,2012,1,,CANCELADO REPROVOU TODAS POR FALTAS,2012,1,1,Mulher,Branca,Somente escola privada,1992,20,20,6346,2012.1,2012.1
900001819,00000002116,1999,VESTIBULAR / ENEM,2013,1,,CANCELADO 3 REPROV MESMA DISCIPLINA,2014,2,4,Homem,Branca,Somente escola privada,1993,20,21,6109,2013.1,2014.2
900001183,00000002117,2017,SISU,2018,1,,CANCELAMENTO POR ABANDONO,2018,1,1,Homem,Parda,Somente escola pública,1998,20,20,60902,2018.1,2018.1
900001855,00000002118,1999,VESTIBULAR,2007,2,,REGULAR,-1,0,-4017,Mulher,Preta,Somente escola pública,1986,21,-1987,6282,2007.2,-1
900001300,00000002119,1999,VESTIBULAR,2009,1,,REGULAR,-1,0,-4020,Homem,Branca,Somente escola privada,1991,18,-1992,73103,2009.1,-1
900002387,00000002120,1999,VESTIBULAR / ENEM,2014,1,,CANCELADO NOVO INGRESSO MESMO CURSO,2015,1,3,Homem,Não declarada,,1998,16,17,5882,2014.1,2015.1
900002646,00000002121,1999,VESTIBULAR / ENEM,2011,2,,CANCELAMENTO POR ABANDONO,2013,1,4,Homem,Branca,Somente escola privada,1994,17,19,7485,2011.2,2013.1
900000827,00000002122,1999,VESTIBULAR,2006,1,,CANCELADO 3 REPROV MESMA DISCIPLINA,2016,1,21,Homem,Branca,Somente escola privada,1988,18,28,6057,2006.1,2016.1
900002322,00000002123,2017,SISU,2016,2,,REGULAR,-1,0,-4035,Mulher,Parda,Somente escola pública,1994,22,-1995,62799,2016.2,-1
900002186,00000002124,1999,VESTIBULAR / ENEM,2014,1,,REGULAR,-1,0,-4030,Homem,Parda,Somente escola pública,1997,17,-1998,59314,2014.1,-1
900002751,00000002125,2017,SISU,2016,2,,CANCELADO NOVO INGRESSO MESMO CURSO,2013,1,-6,Mulher,Parda,Somente escola privada,1999,17,14,731,2016.2,2013.1
900002697,00000002126,2017,SISU,2018,2,2,GRADUADO,2018,1,0,Homem,Branca,Somente escola privada,1998,20,20,7086,2018.2,2018.1
900002207,00000002127,1999,VESTIBULAR / ENEM,2013,2,,REGULAR,-1,0,-4029,Homem,Branca,Somente escola privada,1995,18,-1996,68465,2013.2,-1
900001702,00000002128,1999,VESTIBULAR / ENEM,2012,1,,CANCELAMENTO POR ABANDONO,2017,1,11,Homem,Não declarada,,1993,19,24,6304,2012.1,2017.1
900000340,00000002129,2017,SISU,2015,2,,CANCELAMENTO P/ SOLICITACAO ALUNO,2017,1,4,Mulher,Branca,Somente escola privada,1997,18,20,63314,2015.2,2017.1
900002755,00000002130,1999,VESTIBULAR,2008,2,,CANCELADO 3 REPROV MESMA DISCIPLINA,2016,1,16,Homem,Parda,Somente escola privada,1987,21,29,6692,2008.2,2016.1
900000676,00000002131,1999,VESTIBULAR / ENEM,2013,2,5,REGULAR,-1,0,-4029,Homem,Não declarada,,1995,18,-1996,76775,2013.2,-1
900002251,00000002132,2017,SISU,2018,2,3,GRADUADO,2011,1,-14,Homem,Parda,Somente escola pública,2001,17,10,5580,2018.2,2011.1
900000732,00000002133,2017,SISU,2017,1,4,REGULAR,-1,0,-4036,Homem,Parda,,1991,26,-1992,6016,2017.1,-1
900001620,00000002134,2017,SISU,2020,1,,GRADUADO,2014,2,-10,Homem,Parda,Somente escola pública,1998,22,16,69384,2020.1,2014.2
900000034,00000002135,1999,VESTIBULAR / ENEM,2014,1,4,CANCELADO 3 REPROV MESMA DISCIPLINA,2015,1,3,Homem,Branca,,1996,18,19,6478,2014.1,2015.1
900002317,00000002136,1999,SISU,2016,2,,CANCELAMENTO POR ABANDONO,2011,2,-9,Homem,Parda,Somente escola pública,1997,19,14,6243,2016.2,2011.2
900000326,00000002137,2017,SISU,2016,2,4,REGULAR,-1,0,-4035,Homem,Parda,Somente escola pública,1996,20,-1997,7768,2016.2,-1
900002607,00000002138,2017,SISU,2020,1,,CANCELAMENTO POR ABANDONO,2009,2,-20,Homem,Amarela,Somente escola privada,2001,19,8,73741,2020.1,2009.2
900001689,00000002139,2017,SISU,2018,2,,CANCELADO NOVO INGRESSO MESMO CURSO,2011,2,-13,Homem,Parda,,2000,18,11,62033,2018.2,2011.2
900001758,00000002140,1999,VESTIBULAR / ENEM,2011,2,,REGULAR,-1,0,-4025,Homem,Não declarada,,1995,16,-1996,5618,2011.2,-1
900002582,00000002141,1999,SISU,2015,2,5,CANCELADO 3 REPROV MESMA DISCIPLINA,2015,1,0,Homem,Não declarada,Somente escola pública,1988,27,27,6093,2015.2,2015.1
900001397,00000002142,1999,VESTIBULAR / ENEM,2012,2,,REGULAR,-1,0,-4027,Homem,Não declarada,,1994,18,-1995,582,2012.2,-1
900002084,00000002143,2017,SISU,2019,2,9,CANCELAMENTO P/ SOLICITACAO ALUNO,2019,1,0,Homem,Parda,Somente escola privada,2000,19,19,,2019.2,2019.1
900001212,00000002144,2017,SISU,2019,2,,CANCELADO 3 REPROV MESMA DISCIPLINA,2018,2,-1,Homem,Branca,,1999,20,19,61538,2019.2,2018.2
900002644,00000002145,1999,REOPCAO,2013,2,,CANCELADO NOVO INGRESSO MESMO CURSO,2011,2,-3,Mulher,Branca,Somente escola privada,1993,20,18,70052,2013.2,2011.2
900002635,00000002146,1999,VESTIBULAR / ENEM,2011,2,,CANCELADO REPROVOU TODAS POR FALTAS,2014,2,7,Homem,Branca,"Pública e privada, tendo ficado mais tempo em escola privada",1991,20,23,6338,2011.2,2014.2
900000717,00000002147,2017,SISU,2018,2,4,CANCELADO 3 REPROV MESMA DISCIPLINA,2017,1,-2,Homem,Não declarada,,1999,19,18,,2018.2,2017.1
900000979,00000002148,1999,VESTIBULAR / ENEM,2013,1,,GRADUADO,2013,1,1,Homem,Preta,Somente escola privada,1993,20,20,6469,2013.1,2013.1
900002496,00000002149,1999,VESTIBULAR,2007,1,,CANCELAMENTO P/ SOLICITACAO ALUNO,2012,2,12,Homem,Não declarada,,1990,17,22,62428,2007.1,2012.2
900002145,00000002150,1999,VESTIBULAR / ENEM,2012,2,,CANCELAMENTO POR ABANDONO,2015,2,7,Mulher,Não declarada,,1993,19,22,6492,2012.2,2015.2
900001637,00000002151,2017,SISU,2019,1,2,REGULAR,-1,0,-4040,Homem,Branca,,2002,17,-2003,68998,2019.1,-1
900001009,00000002152,2017,SISU,2018,2,4,GRADUADO,2011,2,-13,Homem,Branca,Somente escola privada,1999,19,12,6206,2018.2,2011.2
900000362,00000002153,1999,REOPCAO,2013,2,,REGULAR,-1,0,-4029,Homem,Preta,"Pública e privada, tendo ficado mais tempo em escola pública",1990,23,-1991,6280,2013.2,-1
900001432,00000002154,1999,SISU,2015,1,,CANCELADO REPROVOU TODAS POR FALTAS,2013,1,-3,Homem,Preta,Somente escola privada,1997,18,16,63838,2015.1,2013.1
900000569,00000002155,1999,SISU,2015,1,,CANCELAMENTO POR ABANDONO,2015,2,2,Homem,Não declarada,,1999,16,16,6586,2015.1,2015.2
900000582,00000002156,1999,VESTIBULAR / ENEM,2014,1,3,CANCELADO REPROVOU TODAS POR FALTAS,2014,1,1,Mulher,Branca,Somente escola privada,1997,17,17,60007,2014.1,2014.1
900000028,00000002157,2017,SISU,2016,2,,CANCELADO REPROVOU TODAS POR FALTAS,2019,2,7,Homem,Parda,Somente escola privada,1994,22,25,73102,2016.2,2019.2
900002147,00000002158,1999,VESTIBULAR,2007,1,,CANCELADO NOVO INGRESSO OUTRO CURSO,2020,2,28,Homem,Parda,Somente escola privada,1990,17,30,7777,2007.1,2020.2
900002492,00000002159,2017,SISU,2016,2,4,CANCELAMENTO POR ABANDONO,2015,2,-1,Homem,Branca,Somente escola pública,1999,17,16,6365,2016.2,2015.2
900000001,00000002160,1999,VESTIBULAR,2010,2,,REGULAR,-1,0,-4023,Homem,Parda,Somente escola pública,1986,24,-1987,61590,2010.2,-1
900001681,00000002161,2017,SISU,2016,1,,GRADUADO,2019,2,8,Mulher,Parda,Somente escola privada,1988,28,31,67186,2016.1,2019.2
900002763,00000002162,2017,SISU,2019,1,2,CANCELADO REPROVOU TODAS POR FALTAS,2014,1,-9,Mulher,Parda,,2000,19,14,62528,2019.1,2014.1
900002660,00000002163,2017,SISU,2021,1,3,CANCELADO REPROVOU TODAS POR FALTAS,2017,1,-7,Homem,Parda,Somente escola pública,2004,17,13,6641,2021.1,2017.1
900001559,00000002164,1999,VESTIBULAR / ENEM,2013,2,,GRADUADO,2019,1,12,Homem,Branca,Somente escola privada,1995,18,24,67654,2013.2,2019.1
900001826,00000002165,2017,SISU,2019,2,,CANCELADO 3 REPROV MESMA DISCIPLINA,2017,2,-3,Mulher,Branca,Somente escola privada,2002,17,15,69542,2019.2,2017.2
900000876,00000002166,2017,SISU,2017,1,5,CANCELAMENTO P/ SOLICITACAO ALUNO,2015,2,-2,Homem,Branca,Somente escola pública,1999,18,16,6609,2017.1,2015.2
900001940,00000002167,2017,SISU,2019,1,3,GRADUADO,2020,1,3,Homem,Branca,Somente escola privada,1999,20,21,65502,2019.1,2020.1
900002479,00000002168,2017,SISU,2014,2,,CANCELADO 3 REPROV MESMA DISCIPLINA,2015,2,3,Mulher,Não declarada,,1996,18,19,6538,2014.2,2015.2
900001549,00000002169,2017,SISU,2020,2,2,CANCELADO NOVO INGRESSO MESMO CURSO,2014,1,-12,Mulher,Branca,Somente escola pública,2000,20,14,6312,2020.2,2014.1
900001284,00000002170,1999,VESTIBULAR / ENEM,2013,2,,CANCELADO REPROVOU TODAS POR FALTAS,2017,1,8,Homem,Branca,Somente escola privada,1995,18,22,601,2013.2,2017.1
900001830,00000002171,2017,SISU,2017,2,2,CANCELADO NOVO INGRESSO MESMO CURSO,2014,1,-6,Homem,Branca,Somente escola privada,1999,18,15,6169,2017.2,2014.1
900001787,00000002172,1999,VESTIBULAR / ENEM,2013,1,,CANCELADO NOVO INGRESSO MESMO CURSO,2015,1,5,Homem,Branca,Somente escola privada,1995,18,20,5958,2013.1,2015.1
900001780,00000002173,1999,VESTIBULAR,2007,1,,GRADUADO,2016,2,20,Homem,Preta,Somente escola privada,1987,20,29,66170,2007.1,2016.2
900000845,00000002174,1999,VESTIBULAR,2010,1,,CANCELADO REPROVOU TODAS POR FALTAS,2019,2,20,Homem,Branca,Somente escola privada,1992,18,27,64636,2010.1,2019.2
900001258,00000002175,2017,SISU,2016,2,2,REGULAR,-1,0,-4035,Mulher,Preta,Somente escola pública,1984,32,-1985,,2016.2,-1
900001751,00000002176,1999,VESTIBULAR / ENEM,2011,2,,REGULAR,-1,0,-4025,Mulher,Branca,Somente escola privada,1991,20,-1992,64121,2011.2,-1
900001652,00000002177,1999,VESTIBULAR,2009,2,,REGULAR,-1,0,-4021,Homem,Branca,Somente escola pública,1992,17,-1993,6258,2009.2,-1
900001177,00000002178,1999,VESTIBULAR / ENEM,2011,2,,CANCELAMENTO POR ABANDONO,2018,2,15,Homem,Branca,Somente escola pública,1994,17,24,65369,2011.2,2018.2
900001910,00000002179,1999,VESTIBULAR,2010,2,,CANCELAMENTO POR ABANDONO,2013,2,7,Homem,Branca,Somente escola privada,1992,18,21,6668,2010.2,2013.2
900001240,00000002180,1999,VESTIBULAR,2006,1,,CANCELAMENTO POR ABANDONO,2013,2,16,Homem,Branca,Somente escola privada,1987,19,26,6131,2006.1,2013.2
900000660,00000002181,1999,VESTIBULAR,2008,1,,REGULAR,-1,0,-4018,Homem,Preta,Somente escola pública,1990,18,-1991,6326,2008.1,-1
900001718,00000002182,1999,VESTIBULAR,2010,1,,REGULAR,-1,0,-4022,Mulher,Parda,Somente escola pública,1975,35,-1976,71924,2010.1,-1
900001558,00000002183,1999,VESTIBULAR,2007,1,,CANCELAMENTO POR ABANDONO,2013,1,13,Homem,Parda,Somente escola pública,1987,20,26,,2007.1,2013.1
900001456,00000002184,2017,SISU,2020,2,,CANCELAMENTO POR ABANDONO,2014,2,-11,Homem,Parda,Somente escola privada,2002,18,12,588,2020.2,2014.2
900001319,00000002185,2017,SISU,2020,1,,CANCELADO REPROVOU TODAS POR FALTAS,2019,1,-1,Homem,Parda,Somente escola privada,1999,21,20,6245,2020.1,2019.1
900001677,00000002186,2017,SISU,2019,2,4,REGULAR,-1,0,-4041,Homem,Não declarada,,2002,17,-2003,487,2019.2,-1
900000160,00000002187,1999,SISU,2017,2,3,CANCELADO REPROVOU TODAS POR FALTAS,2012,2,-9,Homem,Branca,Somente escola pública,1999,18,13,69072,2017.2,2012.2
900001601,00000002188,1999,REOPCAO,2014,1,,REGULAR,-1,0,-4030,Homem,Parda,Somente escola privada,1995,19,-1996,60926,2014.1,-1
900002780,00000002189,1999,VESTIBULAR / ENEM,2011,1,,CANCELAMENTO POR ABANDONO,2020,1,19,Homem,Parda,Somente escola pública,1993,18,27,6286,2011.1,2020.1
900000302,00000002190,2017,SISU,2020,1,2,CANCELADO REPROVOU TODAS POR FALTAS,2017,1,-5,Homem,Branca,Somente escola privada,1997,23,20,72624,2020.1,2017.1
900000873,00000002191,2017,SISU,2019,2,2,GRADUADO,2015,1,-8,Homem,Parda,Somente escola pública,2001,18,14,63370,2019.2,2015.1
900000564,00000002192,1999,VESTIBULAR / ENEM,2011,2,,REGULAR,-1,0,-4025,Homem,Não declarada,,1991,20,-1992,68076,2011.2,-1
900000065,00000002193,2017,SISU,2016,2,,CANCELADO REPROVOU TODAS POR FALTAS,2015,1,-2,Homem,Branca,Somente escola pública,1993,23,22,63896,2016.2,2015.1
900001658,00000002194,2017,VESTIBULAR / ENEM,2013,2,,CANCELADO 3 REPROV MESMA DISCIPLINA,2012,1,-2,Mulher,Parda,Somente escola pública,1996,17,16,5931,2013.2,2012.1
900001994,00000002195,1999,VESTIBULAR,2010,1,,REGULAR,-1,0,-4022,Homem,Não declarada,,1993,17,-1994,6194,2010.1,-1
900000541,00000002196,2017,SISU,2017,1,5,GRADUADO,2015,2,-2,Homem,Branca,Somente escola privada,1997,20,18,7321,2017.1,2015.2
900001695,00000002197,1999,VESTIBULAR,2009,2,,REGULAR,-1,0,-4021,Homem,Branca,Somente escola pública,1987,22,-1988,5446,2009.2,-1
900000103,00000002198,1999,SISU,2015,1,4,GRADUADO,2018,2,8,Homem,Parda,Somente escola privada,1996,19,22,604,2015.1,2018.2
900000931,00000002199,2017,SISU,2016,2,4,REGULAR,-1,0,-4035,Mulher,Amarela,Somente escola privada,1991,25,-1992,66901,2016.2,-1
900000020,00000002200,1999,VESTIBULAR,2010,1,,CANCELAMENTO POR ABANDONO,2013,2,8,Homem,Parda,Somente escola privada,1992,18,21,6123,2010.1,2013.2
900002645,00000002201,2017,SISU,2018,1,,CANCELAMENTO POR ABANDONO,2016,1,-3,Mulher,Branca,Somente escola pública,2001,17,15,68826,2018.1,2016.1
900000950,00000002202,1999,VESTIBULAR / ENEM,2012,2,,REGULAR,-1,0,-4027,Homem,Branca,Somente escola privada,1990,22,-1991,51724,2012.2,-1
900002481,00000002203,1999,VESTIBULAR / ENEM,2013,2,,CANCELADO NOVO INGRESSO MESMO CURSO,2011,1,-4,Homem,Parda,Somente escola pública,1992,21,19,7052,2013.2,2011.1
900002501,00000002204,1999,VESTIBULAR,2006,1,,CANCELADO NOVO INGRESSO MESMO CURSO,2017,1,23,Homem,Parda,Somente escola privada,1989,17,28,6267,2006.1,2017.1
900000217,00000002205,1999,SISU,2014,2,,GRADUADO,2020,1,12,Homem,Branca,Somente escola privada,1993,21,27,7413,2014.2,2020.1
900002591,00000002206,2017,SISU,2015,2,,GRADUADO,2017,1,4,Homem,Branca,Somente escola pública,1995,20,22,6485,2015.2,2017.1
900000500,00000002207,2017,SISU,2020,2,,CANCELAMENTO POR ABANDONO,2015,2,-9,Homem,Preta,Somente escola pública,1996,24,19,6276,2020.2,2015.2
900002422,00000002208,1999,VESTIBULAR,2009,1,,CANCELADO NOVO INGRESSO MESMO CURSO,2013,1,9,Homem,Branca,Somente escola privada,1988,21,25,6731,2009.1,2013.1
900000861,00000002209,1999,VESTIBULAR,2009,1,,CANCELAMENTO POR ABANDONO,2011,1,5,Homem,Branca,Somente escola pública,1981,28,30,66957,2009.1,2011.1
900002339,00000002210,1999,SISU,2014,2,,GRADUADO,2014,2,1,Homem,Branca,Somente escola pública,1988,26,26,6407,2014.2,2014.2
900000545,00000002211,1999,SISU,2015,1,,REGULAR,-1,0,-4032,Homem,Branca,Somente escola privada,1995,20,-1996,72362,2015.1,-1
900002222,00000002212,1999,SISU,2016,1,5,CANCELADO NOVO INGRESSO MESMO CURSO,2012,1,-7,Homem,Branca,Somente escola privada,1997,19,15,6204,2016.1,2012.1
900001329,00000002213,1999,VESTIBULAR,2010,2,,GRADUADO,2015,1,10,Mulher,Parda,Somente escola privada,1990,20,25,63541,2010.2,2015.1
900000666,00000002214,1999,VESTIBULAR,2007,2,,REGULAR,-1,0,-4017,Homem,Branca,Somente escola privada,1990,17,-1991,63259,2007.2,-1
900001987,00000002215,1999,VESTIBULAR / ENEM,2013,2,,CANCELADO 3 REPROV MESMA DISCIPLINA,2018,1,10,Mulher,Não declarada,,1994,19,24,62847,2013.2,2018.1
900001286,00000002216,1999,VESTIBULAR / ENEM,2013,1,2,CANCELADO NOVO INGRESSO MESMO CURSO,2012,1,-1,Mulher,Preta,Somente escola privada,1996,17,16,7223,2013.1,2012.1
900000053,00000002217,1999,SISU,2014,2,,REGULAR,-1,0,-4031,Homem,Branca,Somente escola privada,1990,24,-1991,5844,2014.2,-1
900000850,00000002218,1999,VESTIBULAR,2009,2,,CANCELADO REPROVOU TODAS POR FALTAS,2015,2,13,Homem,Parda,Somente escola privada,1988,21,27,6228,2009.2,2015.2
900001075,00000002219,1999,VESTIBULAR,2010,1,,GRADUADO,2016,2,14,Homem,Parda,Somente escola pública,1989,21,27,62972,2010.1,2016.2
900000082,00000002220,2017,SISU,2020,2,3,REGULAR,-1,0,-4043,Homem,Branca,Somente escola privada,2002,18,-2003,72828,2020.2,-1
900000544,00000002221,1999,VESTIBULAR / ENEM,2011,2,,CANCELADO NOVO INGRESSO MESMO CURSO,2011,1,0,Homem,Branca,Somente escola privada,1992,19,19,624,2011.2,2011.1
900000051,00000002222,2017,SISU,2018,1,,GRADUADO,2011,1,-13,Homem,Não declarada,,1998,20,13,5414,2018.1,2011.1
900000220,00000002223,1999,VESTIBULAR,2010,1,,REGULAR,-1,0,-4022,Homem,Branca,Somente escola pública,1988,22,-1989,74036,2010.1,-1
900001095,00000002224,2017,SISU,2017,1,,REGULAR,-1,0,-4036,Homem,Branca,Somente escola privada,2000,17,-2001,7129,2017.1,-1
900000917,00000002225,1999,VESTIBULAR,2006,2,,GRADUADO,2018,1,24,Mulher,Parda,Somente escola pública,1989,17,29,6317,2006.2,2018.1
900001074,00000002226,1999,VESTIBULAR / ENEM,2011,1,,REGULAR,-1,0,-4024,Homem,Amarela,Somente escola privada,1992,19,-1993,69113,2011.1,-1
900002093,00000002227,1999,VESTIBULAR,2010,2,,GRADUADO,2019,2,19,Homem,Branca,Somente escola privada,1989,21,30,,2010.2,2019.2
900001048,00000002228,1999,VESTIBULAR,2008,2,,CANCELAMENTO POR ABANDONO,2009,2,3,Homem,Não declarada,,1991,17,18,62964,2008.2,2009.2
900001591,00000002229,1999,VESTIBULAR,2010,2,,CANCELADO 3 REPROV MESMA DISCIPLINA,2015,1,10,Mulher,Parda,Somente escola pública,1989,21,26,76201,2010.2,2015.1
900000398,00000002230,2017,TRANSFERENCIA EX-OFFICIO,2020,1,,REGULAR,-1,0,-4042,Homem,Branca,Somente escola privada,2002,18,-2003,58044,2020.1,-1
900001891,00000002231,2017,SISU,2019,1,,REGULAR,-1,0,-4040,Homem,Parda,Somente escola privada,2001,18,-2002,74956,2019.1,-1
900002594,00000002232,2017,SISU,2020,1,5,CANCELAMENTO POR ABANDONO,2015,1,-9,Homem,Parda,Somente escola privada,1994,26,21,75082,2020.1,2015.1
900001719,00000002233,1999,VESTIBULAR,2006,2,,CANCELAMENTO POR ABANDONO,2015,2,19,Homem,Parda,Somente escola pública,1987,19,28,5410,2006.2,2015.2
900000595,00000002234,2017,SISU,2017,2,5,CANCELADO 3 REPROV MESMA DISCIPLINA,2015,1,-4,Homem,Branca,Somente escola privada,1998,19,17,67188,2017.2,2015.1
900001711,00000002235,1999,VESTIBULAR,2006,2,,REGULAR,-1,0,-4015,Homem,Parda,Somente escola pública,1983,23,-1984,72137,2006.2,-1
900002619,00000002236,1999,VESTIBULAR / ENEM,2011,1,,CANCELAMENTO POR ABANDONO,2020,1,19,Homem,Branca,Somente escola pública,1993,18,27,63464,2011.1,2020.1
900002677,00000002237,2017,SISU,2016,1,4,GRADUADO,2011,2,-8,Homem,Parda,Somente escola privada,1998,18,13,65140,2016.1,2011.2
900001296,00000002238,1999,SISU,2014,2,,REGULAR,-1,0,-4031,Homem,Parda,Somente escola pública,1995,19,-1996,60048,2014.2,-1
900000083,00000002239,1999,VESTIBULAR / ENEM,2011,2,,GRADUADO,2016,1,10,Homem,Parda,Somente escola pública,1992,19,24,71047,2011.2,2016.1
900000400,00000002240,2017,SISU,2015,1,3,CANCELADO 3 REPROV MESMA DISCIPLINA,2016,1,3,Mulher,Não declarada,,1998,17,18,6362,2015.1,2016.1
900000353,00000002241,2017,SISU,2017,1,4,REGULAR,-1,0,-4036,Homem,Não declarada,Somente escola privada,1996,21,-1997,5956,2017.1,-1
900000862,00000002242,2017,SISU,2020,1,2,CANCELADO NOVO INGRESSO MESMO CURSO,2012,2,-14,Homem,Branca,,1998,22,14,66248,2020.1,2012.2
900001623,00000002243,2017,SISU,2020,1,,REGULAR,-1,0,-4042,Homem,Parda,Somente escola privada,2002,18,-2003,59936,2020.1,-1
900000821,00000002244,2017,SISU,2017,1,3,CANCELAMENTO P/ SOLICITACAO ALUNO,2013,1,-7,Homem,Parda,Somente escola privada,1992,25,21,6211,2017.1,2013.1
900002270,00000002245,2017,SISU,2018,2,5,CANCELADO 3 REPROV MESMA DISCIPLINA,2015,2,-5,Homem,Parda,Somente escola pública,1992,26,23,702,2018.2,2015.2
900002068,00000002246,2017,TRANSFERENCIA,2018,2,,GRADUADO,2014,1,-8,Homem,Branca,Somente escola privada,2000,18,14,7154,2018.2,2014.1
900002600,00000002247,1999,VESTIBULAR / ENEM,2012,1,,REGULAR,-1,0,-4026,Homem,Branca,Somente escola privada,1993,19,-1994,5401,2012.1,-1
900001554,00000002248,2017,REOPCAO,2019,1,,CANCELADO NOVO INGRESSO MESMO CURSO,2013,2,-10,Mulher,Branca,,1998,21,15,5803,2019.1,2013.2
900002083,00000002249,2017,SISU,2015,1,,REGULAR,-1,0,-4032,Homem,Não declarada,,1998,17,-1999,67187,2015.1,-1
900002290,00000002250,2017,SISU,2017,1,,GRADUADO,2020,1,7,Mulher,Branca,Somente escola privada,1984,33,36,68483,2017.1,2020.1
900000647,00000002251,1999,VESTIBULAR,2006,2,,GRADUADO,2016,1,20,Homem,Parda,Somente escola pública,1987,19,29,5286,2006.2,2016.1
900000751,00000002252,1999,VESTIBULAR,2010,2,,CANCELAMENTO POR ABANDONO,2014,2,9,Homem,Branca,,1990,20,24,6630,2010.2,2014.2
900000778,00000002253,1999,VESTIBULAR,2009,1,,GRADUADO,2008,2,0,Homem,Branca,Somente escola privada,1992,17,16,,2009.1,2008.2
900000756,00000002254,1999,VESTIBULAR,2009,1,,CANCELAMENTO POR ABANDONO,2019,2,22,Homem,Branca,"Pública e privada, tendo ficado mais tempo em escola privada",1992,17,27,0,2009.1,2019.2
900002457,00000002255,2017,REOPCAO,2015,1,,REGULAR,-1,0,-4032,Homem,Não declarada,,1997,18,-1998,56052,2015.1,-1
900001384,00000002256,1999,VESTIBULAR / ENEM,2013,2,,CANCELAMENTO POR ABANDONO,2019,2,13,Homem,Branca,Somente escola privada,1995,18,24,7097,2013.2,2019.2
900000535,00000002257,2017,SISU,2015,1,,GRADUADO,2020,1,11,Homem,Branca,,1996,19,24,6717,2015.1,2020.1
900000023,00000002258,1999,SISU,2014,2,,GRADUADO,2019,1,10,Homem,Não declarada,Somente escola privada,1995,19,24,66426,2014.2,2019.1
900000279,00000002259,2017,SISU,2019,1,5,GRADUADO,2020,1,3,Homem,Branca,Somente escola privada,2000,19,20,6047,2019.1,2020.1
900002774,00000002260,1999,VESTIBULAR,2008,2,,REGULAR,-1,0,-4019,Homem,Parda,Somente escola privada,1978,30,-1979,,2008.2,-1
900000118,00000002261,1999,SISU,2015,1,4,REGULAR,-1,0,-4032,Homem,Não declarada,,1998,17,-1999,721,2015.1,-1
900000868,00000002262,2017,SISU,2020,2,4,CANCELADO 3 REPROV MESMA DISCIPLINA,2013,1,-14,Homem,Branca,Somente escola privada,2002,18,11,31,2020.2,2013.1
900001930,00000002263,1999,SISU,2014,2,,REGULAR,-1,0,-4031,Homem,Branca,Somente escola pública,1995,19,-1996,6677,2014.2,-1
900002675,00000002264,1999,VESTIBULAR / ENEM,2012,1,,CANCELAMENTO POR ABANDONO,2017,2,12,Mulher,Branca,Somente escola privada,1988,24,29,69922,2012.1,2017.2
900001895,00000002265,1999,JUDICIAL,2013,2,,GRADUADO,2015,1,4,Homem,Parda,,1992,21,23,6414,2013.2,2015.1
900001414,00000002266,1999,SISU,2015,2,,CANCELADO REPROVOU TODAS POR FALTAS,2009,1,-12,Homem,Preta,Somente escola pública,1996,19,13,6241,2015.2,2009.1
900002542,00000002267,1999,VESTIBULAR / ENEM,2013,2,,GRADUADO,2017,2,9,Mulher,Branca,Somente escola pública,1994,19,23,,2013.2,2017.2
900002211,00000002268,1999,SISU,2016,1,,CANCELADO NOVO INGRESSO MESMO CURSO,2016,1,1,Homem,Branca,Somente escola privada,1997,19,19,67917,2016.1,2016.1
900002596,00000002269,1999,SISU,2015,1,,GRADUADO,2012,2,-4,Mulher,Não declarada,,1997,18,15,6716,2015.1,2012.2
900002311,00000002270,1999,VESTIBULAR,2010,2,,CANCELADO NOVO INGRESSO MESMO CURSO,2019,2,19,Homem,Branca,Somente escola privada,1990,20,29,6449,2010.2,2019.2
900000548,00000002271,1999,VESTIBULAR / ENEM,2013,1,,GRADUADO,2018,1,11,Homem,Preta,Somente escola privada,1983,30,35,576,2013.1,2018.1
900002023,00000002272,1999,SISU,2015,2,,GRADUADO,2011,1,-8,Homem,Parda,Somente escola privada,1991,24,20,63914,2015.2,2011.1
900002797,00000002273,1999,VESTIBULAR,2010,1,,GRADUADO,2013,2,8,Homem,Preta,Somente escola pública,1992,18,21,67551,2010.1,2013.2
900000838,00000002274,1999,VESTIBULAR,2008,2,,REGULAR,-1,0,-4019,Homem,Parda,Somente escola privada,1991,17,-1992,5990,2008.2,-1
900000222,00000002275,1999,VESTIBULAR,2007,1,,GRADUADO,2020,1,27,Homem,Não declarada,Somente escola privada,1989,18,31,7150,2007.1,2020.1
900002571,00000002276,2017,SISU,2018,2,2,REGULAR,-1,0,-4039,Homem,Não declarada,,2001,17,-2002,60658,2018.2,-1
900001538,00000002277,2017,SISU,2018,2,3,GRADUADO,2012,2,-11,Homem,Parda,Somente escola pública,1999,19,13,70567,2018.2,2012.2
900000395,00000002278,1999,VESTIBULAR / ENEM,2012,1,,REGULAR,-1,0,-4026,Homem,Branca,Somente escola pública,1994,18,-1995,6121,2012.1,-1
900001752,00000002279,2017,SISU,2020,2,,GRADUADO,2015,2,-9,Homem,Preta,Somente escola pública,2001,19,14,55297,2020.2,2015.2
900002214,00000002280,2017,GRADUADO,2019,2,,CANCELAMENTO POR ABANDONO,2018,1,-2,Homem,Branca,,2000,19,18,682,2019.2,2018.1
900001943,00000002281,1999,VESTIBULAR / ENEM,2013,1,,GRADUADO,2020,1,15,Mulher,Branca,,1984,29,36,5826,2013.1,2020.1
900001913,00000002282,1999,VESTIBULAR / ENEM,2011,1,,REGULAR,-1,0,-4024,Homem,Branca,Somente escola privada,1991,20,-1992,6166,2011.1,-1
900000168,00000002283,1999,VESTIBULAR / ENEM,2012,1,,GRADUADO,2017,2,12,Homem,Não declarada,,1990,22,27,6280,2012.1,2017.2
900002041,00000002284,1999,VESTIBULAR,2009,1,,REGULAR,-1,0,-4020,Homem,Parda,Somente escola privada,1989,20,-1990,6374,2009.1,-1
900002282,00000002285,2017,SISU,2017,1,3,GRADUADO,2019,2,6,Mulher,Parda,Somente escola pública,1995,22,24,5881,2017.1,2019.2
900001870,00000002286,2017,SISU,2018,2,3,REGULAR,-1,0,-4039,Homem,Parda,Somente escola privada,1997,21,-1998,6278,2018.2,-1
900001879,00000002287,1999,SISU,2015,2,,GRADUADO,2020,1,10,Homem,Parda,Somente escola privada,1996,19,24,6258,2015.2,2020.1
900002174,00000002288,1999,VESTIBULAR / ENEM,2011,2,,GRADUADO,2015,2,9,Homem,Parda,Somente escola privada,1994,17,21,64842,2011.2,2015.2
900001294,00000002289,1999,VESTIBULAR / ENEM,2011,2,,CANCELAMENTO P/ SOLICITACAO ALUNO,2019,1,16,Homem,Branca,Somente escola privada,1990,21,29,5924,2011.2,2019.1
900001676,00000002290,2017,SISU,2020,2,,REGULAR,-1,0,-4043,Homem,Parda,Somente escola privada,2001,19,-2002,5576,2020.2,-1
900001931,00000002291,2017,SISU,2018,1,5,REGULAR,-1,0,-4038,Homem,Não declarada,,1998,20,-1999,6453,2018.1,-1
900000761,00000002292,2017,SISU,2014,2,,CANCELADO 3 REPROV MESMA DISCIPLINA,2014,1,0,Homem,Branca,Somente escola privada,1996,18,18,658,2014.2,2014.1
900002350,00000002293,1999,VESTIBULAR / ENEM,2011,1,,GRADUADO,2020,1,19,Homem,Branca,Somente escola pública,1994,17,26,66192,2011.1,2020.1
900001849,00000002294,1999,VESTIBULAR / ENEM,2012,2,,CANCELADO REPROVOU TODAS POR FALTAS,2018,1,12,Homem,Parda,,1994,18,24,5775,2012.2,2018.1
900001405,00000002295,2017,SISU,2015,1,,REGULAR,-1,0,-4032,Homem,Parda,Somente escola pública,1996,19,-1997,69534,2015.1,-1
900001325,00000002296,1999,VESTIBULAR,2008,1,,CANCELADO REPROVOU TODAS POR FALTAS,2015,2,16,Homem,Parda,"Pública e privada, tendo ficado mais tempo em escola privada",1985,23,30,6503,2008.1,2015.2
900000529,00000002297,2017,SISU,2018,2,,REGULAR,-1,0,-4039,Homem,Não declarada,,2000,18,-2001,7621,2018.2,-1
900001778,00000002298,1999,VESTIBULAR / ENEM,2013,1,2,GRADUADO,2019,2,14,Homem,Branca,,1994,19,25,492,2013.1,2019.2
900000806,00000002299,2017,SISU,2019,2,,GRADUADO,2018,2,-1,Mulher,Branca,Somente escola pública,2001,18,17,5585,2019.2,2018.2
900001693,00000002300,1999,SISU,2016,2,3,CANCELAMENTO POR ABANDONO,2012,2,-7,Homem,Branca,Somente escola privada,1997,19,15,65564,2016.2,2012.2
900000067,00000002301,2017,SISU,2021,1,,GRADUADO,2019,1,-3,Homem,Branca,Somente escola privada,2000,21,19,6012,2021.1,2019.1
900002462,00000002302,1999,TRANSFERENCIA,2015,1,,CANCELAMENTO POR ABANDONO,2013,1,-3,Homem,Parda,Somente escola pública,1997,18,16,67947,2015.1,2013.1
900002019,00000002303,1999,VESTIBULAR / ENEM,2012,1,,CANCELAMENTO POR ABANDONO,2013,2,4,Homem,Branca,Somente escola privada,1993,19,20,61956,2012.1,2013.2
900001170,00000002304,2017,SISU,2016,2,,CANCELADO NOVO INGRESSO MESMO CURSO,2013,1,-6,Homem,Branca,,1997,19,16,5910,2016.2,2013.1
900001885,00000002305,2017,SISU,2019,1,3,GRADUADO,2014,1,-9,Homem,Parda,Somente escola pública,2002,17,12,68980,2019.1,2014.1
900001495,00000002306,1999,VESTIBULAR / ENEM,2011,2,,GRADUADO,2019,1,16,Homem,Branca,Somente escola privada,1991,20,28,6760,2011.2,2019.1
900001802,00000002307,2017,SISU,2017,2,2,GRADUADO,2015,1,-4,Homem,Não declarada,,1999,18,16,6375,2017.2,2015.1
900000652,00000002308,2017,SISU,2018,2,3,CANCELADO 3 REPROV MESMA DISCIPLINA,2011,1,-14,Mulher,Branca,Somente escola privada,1998,20,13,6251,2018.2,2011.1
900002673,00000002309,1999,VESTIBULAR / ENEM,2014,1,,GRADUADO,2019,2,12,Homem,Branca,Somente escola privada,1993,21,26,6257,2014.1,2019.2
900002565,00000002310,2017,SISU,2016,2,,GRADUADO,2013,2,-5,Homem,Branca,Somente escola privada,1998,18,15,7466,2016.2,2013.2
900001533,00000002311,1999,VESTIBULAR,2010,2,,REGULAR,-1,0,-4023,Homem,Parda,Somente escola privada,1992,18,-1993,66206,2010.2,-1
900002220,00000002312,1999,VESTIBULAR / ENEM,2013,2,,GRADUADO,2010,2,-5,Homem,Não declarada,,1994,19,16,557,2013.2,2010.2
900001413,00000002313,2017,SISU,2020,2,,GRADUADO,2013,1,-14,Homem,Não declarada,,2001,19,12,65768,2020.2,2013.1
900000424,00000002314,1999,VESTIBULAR,2010,1,,CANCELADO 3 REPROV MESMA DISCIPLINA,2020,1,21,Mulher,Branca,Somente escola pública,1993,17,27,78486,2010.1,2020.1
900002401,00000002315,1999,VESTIBULAR,2008,1,,CANCELADO NOVO INGRESSO MESMO CURSO,2011,1,7,Homem,Branca,Somente escola privada,1990,18,21,6232,2008.1,2011.1
900000215,00000002316,2017,SISU,2019,2,,GRADUADO,2020,1,2,Homem,Não declarada,,2000,19,20,6584,2019.2,2020.1
900001164,00000002317,2017,SISU,2015,2,,REGULAR,-1,0,-4033,Homem,Branca,,1998,17,-1999,6673,2015.2,-1
900002285,00000002318,2017,SISU,2020,1,,GRADUADO,2020,1,1,Mulher,Preta,Somente escola pública,1993,27,27,60431,2020.1,2020.1
900002017,00000002319,1999,SISU,2014,2,4,REGULAR,-1,0,-4031,Mulher,Não declarada,,1996,18,-1997,6447,2014.2,-1
900001104,00000002320,1999,VESTIBULAR,2007,2,,GRADUADO,2017,2,21,Homem,Branca,Somente escola privada,1988,19,29,67267,2007.2,2017.2
900000610,00000002321,2017,SISU,2017,1,3,REGULAR,-1,0,-4036,Homem,Branca,Somente escola privada,1998,19,-1999,63204,2017.1,-1
900000060,00000002322,1999,SISU,2014,2,,GRADUADO,2015,1,2,Homem,Parda,Somente escola privada,1995,19,20,5314,2014.2,2015.1
900000006,00000002323,1999,VESTIBULAR / ENEM,2013,2,,CANCELADO NOVO INGRESSO MESMO CURSO,2013,2,1,Homem,Parda,Somente escola pública,1995,18,18,5961,2013.2,2013.2
900000102,00000002324,1999,SISU,2016,1,,REGULAR,-1,0,-4034,Homem,Parda,Somente escola privada,2000,16,-2001,6440,2016.1,-1
900002683,00000002325,1999,VESTIBULAR / ENEM,2012,1,,REGULAR,-1,0,-4026,Mulher,Parda,Somente escola privada,1986,26,-1987,65271,2012.1,-1
900002380,00000002326,2017,SISU,2017,1,4,REGULAR,-1,0,-4036,Homem,Branca,Somente escola privada,2000,17,-2001,64532,2017.1,-1
900002726,00000002327,1999,VESTIBULAR / ENEM,2012,2,,REGULAR,-1,0,-4027,Homem,Branca,Somente escola pública,1995,17,-1996,56801,2012.2,-1
900002117,00000002328,1999,VESTIBULAR / ENEM,2012,1,,CANCELADO REPROVOU TODAS POR FALTAS,2014,2,6,Homem,Preta,Somente escola pública,1994,18,20,6378,2012.1,2014.2
900002124,00000002329,2017,VESTIBULAR / ENEM,2014,1,,CANCELAMENTO P/ MUDANCA CURSO,2009,1,-9,Homem,Branca,,1988,26,21,5832,2014.1,2009.1
900001710,00000002330,2017,SISU,2020,1,,REGULAR,-1,0,-4042,Homem,Branca,Somente escola privada,2000,20,-2001,73787,2020.1,-1
900002179,00000002331,1999,VESTIBULAR,2006,1,,REGULAR,-1,0,-4014,Homem,Branca,Somente escola privada,1985,21,-1986,63892,2006.1,-1
900002767,00000002332,1999,SISU,2015,1,2,CANCELAMENTO POR ABANDONO,2012,2,-4,Mulher,Não declarada,,1994,21,18,6533,2015.1,2012.2
900002247,00000002333,2017,SISU,2018,1,,GRADUADO,2019,2,4,Homem,Parda,Somente escola privada,1999,19,20,6151,2018.1,2019.2
900000373,00000002334,1999,VESTIBULAR / ENEM,2011,2,,REGULAR,-1,0,-4025,Homem,Não declarada,Somente escola pública,1992,19,-1993,6088,2011.2,-1
900001575,00000002335,1999,SISU,2014,2,,REGULAR,-1,0,-4031,Homem,Parda,,1995,19,-1996,6910,2014.2,-1
900002201,00000002336,1999,SISU,2017,1,,GRADUADO,2018,2,4,Homem,Branca,Somente escola privada,1989,28,29,6339,2017.1,2018.2
900001797,00000002337,2017,SISU,2019,1,,CANCELADO NOVO INGRESSO MESMO CURSO,2013,2,-10,Homem,Branca,Somente escola privada,2001,18,12,6057,2019.1,2013.2
900001285,00000002338,1999,VESTIBULAR,2010,2,,REGULAR,-1,0,-4023,Homem,Branca,Somente escola pública,1991,19,-1992,7251,2010.2,-1
900002581,00000002339,1999,VESTIBULAR / ENEM,2013,1,,REGULAR,-1,0,-4028,Homem,Preta,Somente escola privada,1987,26,-1988,668,2013.1,-1
900002771,00000002340,1999,VESTIBULAR,2006,2,,REGULAR,-1,0,-4015,Homem,Parda,Somente escola pública,1986,20,-1987,6136,2006.2,-1
900002686,00000002341,1999,VESTIBULAR / ENEM,2014,1,,GRADUADO,2016,2,6,Homem,Branca,Somente escola privada,1995,19,21,6070,2014.1,2016.2
900001821,00000002342,2017,SISU,2015,2,,REGULAR,-1,0,-4033,Mulher,Branca,Somente escola privada,1991,24,-1992,6435,2015.2,-1
900000809,00000002343,2017,SISU,2019,1,,REGULAR,-1,0,-4040,Homem,Amarela,Somente escola privada,2000,19,-2001,6455,2019.1,-1
900001939,00000002344,1999,VESTIBULAR / ENEM,2012,2,,REGULAR,-1,0,-4027,Homem,Branca,Somente escola privada,1993,19,-1994,6423,2012.2,-1
900002036,00000002345,1999,VESTIBULAR,2009,1,,REGULAR,-1,0,-4020,Homem,Branca,Somente escola privada,1986,23,-1987,6384,2009.1,-1
900001790,00000002346,2017,SISU,2020,1,,CANCELADO NOVO INGRESSO OUTRO CURSO,2015,1,-9,Mulher,Parda,Somente escola privada,2002,18,13,5733,2020.1,2015.1
900001991,00000002347,1999,SISU,2017,1,2,CANCELADO 3 REPROV MESMA DISCIPLINA,2016,2,0,Homem,Branca,Somente escola privada,1996,21,20,5448,2017.1,2016.2
900001806,00000002348,2017,SISU,2015,1,4,REGULAR,-1,0,-4032,Homem,Não declarada,,1995,20,-1996,6453,2015.1,-1
900002485,00000002349,1999,SISU,2015,2,2,REGULAR,-1,0,-4033,Homem,Parda,Somente escola privada,1999,16,-2000,5241,2015.2,-1
900002566,00000002350,2017,SISU,2019,1,3,CANCELAMENTO POR ABANDONO,2015,2,-6,Homem,Branca,Somente escola privada,1995,24,20,64498,2019.1,2015.2
900002404,00000002351,1999,VESTIBULAR,2006,1,,REGULAR,-1,0,-4014,Homem,Não declarada,Somente escola privada,1988,18,-1989,62919,2006.1,-1
900002631,00000002352,2017,SISU,2017,1,,CANCELAMENTO P/ SOLICITACAO ALUNO,2011,1,-11,Homem,Não declarada,,1999,18,12,6410,2017.1,2011.1
900002373,00000002353,1999,VESTIBULAR / ENEM,2014,1,,CANCELADO REPROVOU TODAS POR FALTAS,2008,2,-10,Homem,Parda,Somente escola privada,1997,17,11,6456,2014.1,2008.2
900002759,00000002354,1999,VESTIBULAR / ENEM,2012,2,,REGULAR,-1,0,-4027,Homem,Não declarada,,1996,16,-1997,7365,2012.2,-1
900001919,00000002355,2017,SISU,2021,1,,GRADUADO,2015,1,-11,Homem,Branca,Somente escola pública,2001,20,14,62795,2021.1,2015.1
900002291,00000002356,1999,VESTIBULAR / ENEM,2014,1,,CANCELAMENTO P/ SOLICITACAO ALUNO,2015,1,3,Homem,Branca,Somente escola privada,1997,17,18,6297,2014.1,2015.1
900002280,00000002357,1999,VESTIBULAR,2010,1,,CANCELAMENTO POR ABANDONO,2014,2,10,Homem,Parda,Somente escola privada,1993,17,21,58889,2010.1,2014.2
900000622,00000002358,1999,SISU,2014,2,,GRADUADO,2019,2,11,Homem,Parda,Somente escola privada,1995,19,24,6390,2014.2,2019.2
900001504,00000002359,1999,VESTIBULAR / ENEM,2014,1,,CANCELADO 3 REPROV MESMA DISCIPLINA,2020,1,13,Homem,Branca,Somente escola privada,1995,19,25,6136,2014.1,2020.1
900000893,00000002360,1999,VESTIBULAR / ENEM,2014,1,,GRADUADO,2020,1,13,Homem,Branca,Somente escola privada,1997,17,23,6032,2014.1,2020.1
900001867,00000002361,1999,VESTIBULAR,2010,1,,GRADUADO,2012,1,5,Mulher,Parda,Somente escola pública,1986,24,26,5572,2010.1,2012.1
900001709,00000002362,2017,SISU,2017,1,,REGULAR,-1,0,-4036,Homem,Parda,Somente escola pública,1999,18,-2000,7187,2017.1,-1
900000204,00000002363,2017,SISU,2015,1,2,CANCELADO 3 REPROV MESMA DISCIPLINA,2011,2,-6,Homem,Branca,Somente escola privada,1987,28,24,6811,2015.1,2011.2
900000782,00000002364,2017,SISU,2020,2,4,CANCELADO 3 REPROV MESMA DISCIPLINA,2018,2,-3,Mulher,Branca,Somente escola privada,2000,20,18,6632,2020.2,2018.2
900001071,00000002365,1999,VESTIBULAR,2009,2,,GRADUADO,2015,2,13,Homem,Branca,"Pública e privada, tendo ficado mais tempo em escola privada",1991,18,24,6658,2009.2,2015.2
900002355,00000002366,1999,VESTIBULAR,2007,1,,CANCELADO 3 REPROV MESMA DISCIPLINA,2017,2,22,Homem,Preta,Somente escola pública,1985,22,32,63514,2007.1,2017.2
900000364,00000002367,1999,VESTIBULAR / ENEM,2012,2,,CANCELADO REPROVOU TODAS POR FALTAS,2009,1,-6,Homem,Branca,Somente escola privada,1993,19,16,65843,2012.2,2009.1
900001016,00000002368,2017,SISU,2021,1,4,CANCELADO REPROVOU TODAS POR FALTAS,2012,1,-17,Mulher,Branca,Somente escola privada,1999,22,13,5820,2021.1,2012.1
900001539,00000002369,2017,SISU,2017,2,2,GRADUADO,2015,1,-4,Homem,Parda,Somente escola pública,1990,27,25,65326,2017.2,2015.1
900001560,00000002370,1999,VESTIBULAR / ENEM,2012,2,,GRADUADO,2020,1,16,Mulher,Branca,Somente escola pública,1990,22,30,6576,2012.2,2020.1
900000859,00000002371,2017,SISU,2021,1,,CANCELAMENTO POR ABANDONO,2013,1,-15,Homem,Branca,Somente escola privada,2004,17,9,6670,2021.1,2013.1
900002561,00000002372,1999,VESTIBULAR,2008,1,,GRADUADO,2010,1,5,Homem,Não declarada,,1987,21,23,5985,2008.1,2010.1
900001358,00000002373,2017,SISU,2016,1,5,CANCELADO NOVO INGRESSO MESMO CURSO,2015,2,0,Homem,Branca,,1998,18,17,64140,2016.1,2015.2
900000888,00000002374,1999,SISU,2016,2,,CANCELAMENTO POR ABANDONO,2013,2,-5,Homem,Parda,Somente escola privada,1997,19,16,62015,2016.2,2013.2
900002731,00000002375,2017,SISU,2016,2,5,CANCELAMENTO POR ABANDONO,2017,1,2,Homem,Branca,Somente escola privada,1999,17,18,5730,2016.2,2017.1
900001377,00000002376,1999,SISU,2015,2,2,REGULAR,-1,0,-4033,Homem,Parda,Somente escola privada,1994,21,-1995,6555,2015.2,-1
900000828,00000002377,1999,VESTIBULAR,2008,1,,REGULAR,-1,0,-4018,Homem,Não declarada,,1990,18,-1991,76451,2008.1,-1
900001527,00000002378,1999,VESTIBULAR / ENEM,2011,1,,CANCELADO NOVO INGRESSO OUTRO CURSO,2017,1,13,Homem,Branca,Somente escola privada,1993,18,24,72967,2011.1,2017.1
900000002,00000002379,2017,SISU,2020,1,8,REGULAR,-1,0,-4042,Mulher,Branca,Somente escola privada,2003,17,-2004,6596,2020.1,-1
900002802,00000002380,1999,VESTIBULAR,2006,2,,REGULAR,-1,0,-4015,Homem,Branca,Somente escola privada,1988,18,-1989,74874,2006.2,-1
900001352,00000002381,1999,VESTIBULAR,2010,2,,REGULAR,-1,0,-4023,Homem,Branca,Somente escola privada,1991,19,-1992,6071,2010.2,-1
900001698,00000002382,1999,VESTIBULAR / ENEM,2012,2,,CANCELADO 3 REPROV MESMA DISCIPLINA,2017,2,11,Homem,Branca,Somente escola pública,1993,19,24,6857,2012.2,2017.2
900000367,00000002383,1999,SISU,2016,1,,GRADUADO,2013,1,-5,Mulher,Branca,,1997,19,16,72875,2016.1,2013.1
900001553,00000002384,1999,VESTIBULAR / ENEM,2012,2,,REGULAR,-1,0,-4027,Homem,Branca,"Pública e privada, tendo ficado mais tempo em escola pública",1993,19,-1994,6540,2012.2,-1
900002770,00000002385,2017,SISU,2021,1,,CANCELAMENTO POR ABANDONO,2018,2,-4,Homem,Branca,Somente escola privada,2003,18,15,708,2021.1,2018.2
900001223,00000002386,1999,SISU,2015,1,,REGULAR,-1,0,-4032,Homem,Não declarada,,1989,26,-1990,6066,2015.1,-1
900001215,00000002387,1999,VESTIBULAR / ENEM,2013,2,,CANCELADO 3 REPROV MESMA DISCIPLINA,2017,2,9,Mulher,Branca,Somente escola privada,1990,23,27,64960,2013.2,2017.2
900000046,00000002388,1999,VESTIBULAR / ENEM,2014,1,,GRADUADO,2018,2,10,Homem,Parda,,1996,18,22,,2014.1,2018.2
900000824,00000002389,1999,VESTIBULAR / ENEM,2013,2,,CANCELADO NOVO INGRESSO MESMO CURSO,2014,1,2,Mulher,Amarela,Somente escola pública,1993,20,21,6048,2013.2,2014.1
900000783,00000002390,1999,VESTIBULAR,2008,2,,REGULAR,-1,0,-4019,Mulher,Parda,Somente escola pública,1987,21,-1988,6414,2008.2,-1
900002777,00000002391,2017,SISU,2017,1,,GRADUADO,2013,1,-7,Homem,Não declarada,,1997,20,16,64713,2017.1,2013.1
900001901,00000002392,1999,VESTIBULAR / ENEM,2012,2,,GRADUADO,2020,1,16,Homem,Parda,Somente escola pública,1993,19,27,61712,2012.2,2020.1
900000720,00000002393,1999,SISU,2015,2,5,GRADUADO,2020,1,10,Homem,Parda,Somente escola pública,1995,20,25,62013,2015.2,2020.1
900002648,00000002394,1999,VESTIBULAR / ENEM,2014,1,,GRADUADO,2010,2,-6,Homem,Parda,Somente escola pública,1977,37,33,730,2014.1,2010.2
900002514,00000002395,1999,JUDICIAL,2008,2,,REGULAR,-1,0,-4019,Homem,Parda,Somente escola privada,1989,19,-1990,6556,2008.2,-1
900000844,00000002396,2017,SISU,2017,1,2,CANCELAMENTO POR ABANDONO,2013,1,-7,Mulher,Branca,Somente escola pública,1999,18,14,65249,2017.1,2013.1
900001971,00000002397,2017,SISU,2016,1,,CANCELAMENTO POR ABANDONO,2012,2,-6,Homem,Parda,Somente escola pública,1997,19,15,63984,2016.1,2012.2
900002508,00000002398,1999,VESTIBULAR / ENEM,2013,2,,CANCELADO 3 REPROV MESMA DISCIPLINA,2014,2,3,Homem,Parda,Somente escola pública,1985,28,29,8077,2013.2,2014.2
900000650,00000002399,1999,SISU,2014,2,2,CANCELADO NOVO INGRESSO MESMO CURSO,2015,1,2,Homem,Parda,Somente escola privada,1991,23,24,6091,2014.2,2015.1
900001920,00000002400,1999,SISU,2016,2,5,GRADUADO,2017,1,2,Homem,Branca,Somente escola privada,1995,21,22,5955,2016.2,2017.1
900000491,00000002401,1999,VESTIBULAR,2006,2,,REGULAR,-1,0,-4015,Homem,Parda,Somente escola privada,1989,17,-1990,66351,2006.2,-1
900000789,00000002402,1999,VESTIBULAR,2010,1,,GRADUADO,2020,1,21,Mulher,Branca,Somente escola privada,1990,20,30,65316,2010.1,2020.1
900002629,00000002403,1999,VESTIBULAR,2007,1,,CANCELADO NOVO INGRESSO MESMO CURSO,2013,2,14,Mulher,Branca,,1986,21,27,6285,2007.1,2013.2
900001471,00000002404,2017,SISU,2016,1,,CANCELADO REPROVOU TODAS POR FALTAS,2016,1,1,Homem,Parda,Somente escola pública,1997,19,19,71446,2016.1,2016.1
900001675,00000002405,1999,TRANSFERENCIA,2009,1,,GRADUADO,2018,2,20,Mulher,Branca,,1990,19,28,72849,2009.1,2018.2
900000815,00000002406,2017,SISU,2021,1,2,REGULAR,-1,0,-4044,Homem,Parda,Somente escola privada,2001,20,-2002,5840,2021.1,-1
900000620,00000002407,2017,SISU,2015,2,,GRADUADO,2012,1,-6,Homem,Não declarada,,1997,18,15,6363,2015.2,2012.1
900002793,00000002408,1999,VESTIBULAR,2008,2,,CANCELADO NOVO INGRESSO MESMO CURSO,2019,2,23,Homem,Branca,Somente escola pública,1990,18,29,6333,2008.2,2019.2
900000210,00000002409,1999,VESTIBULAR / ENEM,2011,2,,GRADUADO,2019,1,16,Mulher,Branca,Somente escola privada,1992,19,27,6173,2011.2,2019.1
900002162,00000002410,2017,SISU,2019,1,,CANCELADO 3 REPROV MESMA DISCIPLINA,2016,2,-4,Homem,Preta,Somente escola pública,1996,23,20,69068,2019.1,2016.2
900000476,00000002411,1999,VESTIBULAR / ENEM,2012,1,,CANCELADO 3 REPROV MESMA DISCIPLINA,2011,1,-1,Homem,Branca,,1995,17,16,5894,2012.1,2011.1
900001454,00000002412,2017,SISU,2015,2,2,CANCELADO 3 REPROV MESMA DISCIPLINA,2012,1,-6,Homem,Branca,Somente escola pública,1991,24,21,6302,2015.2,2012.1
900000891,00000002413,1999,VESTIBULAR,2009,1,,CANCELADO REPROVOU TODAS POR FALTAS,2018,2,20,Homem,Branca,"Pública e privada, tendo ficado mais tempo em escola privada",1991,18,27,6947,2009.1,2018.2
900000150,00000002414,2017,SISU,2020,1,4,GRADUADO,2015,1,-9,Homem,Parda,Somente escola pública,2002,18,13,6071,2020.1,2015.1
900000147,00000002415,2017,SISU,2020,1,,GRADUADO,2019,2,0,Homem,Parda,Somente escola privada,2003,17,16,5265,2020.1,2019.2
900000202,00000002416,1999,VESTIBULAR / ENEM,2013,2,,CANCELADO 3 REPROV MESMA DISCIPLINA,2011,1,-4,Homem,Branca,"Pública e privada, tendo ficado mais tempo em escola privada",1996,17,15,70961,2013.2,2011.1
900001516,00000002417,1999,VESTIBULAR,2008,1,,REGULAR,-1,0,-4018,Mulher,Parda,Somente escola privada,1991,17,-1992,6362,2008.1,-1
900000974,00000002418,2017,SISU,2019,2,5,REGULAR,-1,0,-4041,Homem,Branca,Somente escola privada,1998,21,-1999,5733,2019.2,-1
900001945,00000002419,1999,VESTIBULAR / ENEM,2013,2,2,REGULAR,-1,0,-4029,Homem,Branca,Somente escola pública,1992,21,-1993,72540,2013.2,-1
900000456,00000002420,2017,SISU,2019,1,5,CANCELAMENTO P/ SOLICITACAO ALUNO,2016,2,-4,Mulher,Branca,,2003,16,13,62299,2019.1,2016.2
900001528,00000002421,1999,VESTIBULAR,2008,2,,GRADUADO,2012,2,9,Mulher,Não declarada,,1989,19,23,69755,2008.2,2012.2
900000818,00000002422,1999,VESTIBULAR / ENEM,2012,2,,REGULAR,-1,0,-4027,Homem,Amarela,Somente escola privada,1991,21,-1992,55651,2012.2,-1
900000182,00000002423,1999,VESTIBULAR / ENEM,2014,1,,CANCELADO NOVO INGRESSO MESMO CURSO,2012,2,-2,Homem,Branca,,1989,25,23,6001,2014.1,2012.2
900000375,00000002424,1999,SISU,2015,1,5,CANCELAMENTO P/ SOLICITACAO ALUNO,2016,2,4,Homem,Branca,Somente escola privada,1993,22,23,632,2015.1,2016.2
900001744,00000002425,2017,SISU,2021,1,5,GRADUADO,2012,2,-16,Homem,Parda,Somente escola pública,2004,17,8,7502,2021.1,2012.2
900000056,00000002426,2017,SISU,2018,1,,CANCELADO NOVO INGRESSO MESMO CURSO,2018,2,2,Mulher,Parda,Somente escola privada,2000,18,18,66823,2018.1,2018.2
900002191,00000002427,1999,VESTIBULAR / ENEM,2011,2,,REGULAR,-1,0,-4025,Mulher,Parda,Somente escola privada,1993,18,-1994,5748,2011.2,-1
900000803,00000002428,1999,VESTIBULAR / ENEM,2011,1,,CANCELADO 3 REPROV MESMA DISCIPLINA,2018,2,16,Mulher,Parda,Somente escola pública,1979,32,39,7110,2011.1,2018.2
900001659,00000002429,1999,SISU,2016,2,,REGULAR,-1,0,-4035,Homem,Branca,Somente escola privada,1995,21,-1996,61327,2016.2,-1
900000095,00000002430,2017,SISU,2021,1,3,REGULAR,-1,0,-4044,Mulher,Parda,Somente escola pública,2003,18,-2004,5382,2021.1,-1
900000977,00000002431,1999,VESTIBULAR,2006,1,,CANCELADO NOVO INGRESSO MESMO CURSO,2013,1,15,Homem,Branca,Somente escola pública,1988,18,25,73924,2006.1,2013.1
900000938,00000002432,2017,SISU,2017,2,,GRADUADO,2016,2,-1,Homem,Preta,"Pública e privada, tendo ficado mais tempo em escola privada",1993,24,23,6706,2017.2,2016.2
900000422,00000002433,1999,VESTIBULAR,2010,1,,REGULAR,-1,0,-4022,Homem,Parda,Somente escola pública,1987,23,-1988,65494,2010.1,-1
900002020,00000002434,1999,VESTIBULAR,2010,1,,GRADUADO,2019,1,19,Homem,Parda,Somente escola pública,1988,22,31,67808,2010.1,2019.1
900001639,00000002435,2017,SISU,2020,2,,GRADUADO,2012,2,-15,Homem,Não declarada,,2002,18,10,67292,2020.2,2012.2
900000986,00000002436,2017,SISU,2019,2,2,CANCELAMENTO POR ABANDONO,2018,1,-2,Homem,Amarela,Somente escola privada,1990,29,28,68127,2019.2,2018.1
900001795,00000002437,2017,SISU,2018,1,,CANCELADO NOVO INGRESSO MESMO CURSO,2011,1,-13,Homem,Não declarada,,1999,19,12,6546,2018.1,2011.1
900000391,00000002438,1999,VESTIBULAR,2007,2,,REGULAR,-1,0,-4017,Homem,Parda,Somente escola pública,1985,22,-1986,67318,2007.2,-1
900000667,00000002439,2017,SISU,2017,2,,CANCELADO REPROVOU TODAS POR FALTAS,2014,1,-6,Homem,Parda,Somente escola pública,1997,20,17,6112,2017.2,2014.1
900001951,00000002440,2017,SISU,2017,2,,REGULAR,-1,0,-4037,Homem,Parda,,1999,18,-2000,64725,2017.2,-1
900000763,00000002441,1999,VESTIBULAR,2010,2,,REGULAR,-1,0,-4023,Homem,Parda,Somente escola privada,1986,24,-1987,6771,2010.2,-1
900000507,00000002442,2017,REOPCAO,2018,2,,GRADUADO,2016,1,-4,Homem,Não declarada,,1997,21,19,670,2018.2,2016.1
900002181,00000002443,1999,VESTIBULAR / ENEM,2011,2,,REGULAR,-1,0,-4025,Homem,Parda,Somente escola pública,1986,25,-1987,635,2011.2,-1
900000396,00000002444,1999,SISU,2016,2,2,GRADUADO,2020,1,8,Homem,Parda,Somente escola privada,1998,18,22,63447,2016.2,2020.1
900000298,00000002445,2017,SISU,2019,1,2,CANCELADO 3 REPROV MESMA DISCIPLINA,2015,2,-6,Mulher,Branca,Somente escola privada,2001,18,14,7240,2019.1,2015.2
900001378,00000002446,2017,SISU,2019,2,2,GRADUADO,2019,2,1,Mulher,Não declarada,,2001,18,18,59218,2019.2,2019.2
900001792,00000002447,1999,VESTIBULAR,2010,2,,GRADUADO,2016,2,13,Homem,Branca,,1991,19,25,6451,2010.2,2016.2
900002616,00000002448,2017,SISU,2016,2,,REGULAR,-1,0,-4035,Homem,Parda,Somente escola privada,1980,36,-1981,6105,2016.2,-1
900000833,00000002449,1999,VESTIBULAR,2010,2,,CANCELAMENTO P/ SOLICITACAO ALUNO,2018,1,16,Homem,Branca,Somente escola privada,1990,20,28,66948,2010.2,2018.1
900000471,00000002450,2017,SISU,2017,2,,REGULAR,-1,0,-4037,Homem,Preta,Somente escola pública,1998,19,-1999,75330,2017.2,-1
900001278,00000002451,2017,SISU,2021,1,,REGULAR,-1,0,-4044,Homem,Não declarada,,2003,18,-2004,6487,2021.1,-1
900000195,00000002452,1999,VESTIBULAR / ENEM,2012,1,,CANCELAMENTO POR ABANDONO,2018,2,14,Homem,Branca,"Pública e privada, tendo ficado mais tempo em escola privada",1985,27,33,5608,2012.1,2018.2
900001832,00000002453,1999,VESTIBULAR / ENEM,2012,2,,GRADUADO,2016,2,9,Homem,Branca,,1991,21,25,6265,2012.2,2016.2
900002006,00000002454,1999,SISU,2016,1,4,CANCELADO REPROVOU TODAS POR FALTAS,2015,2,0,Homem,Parda,,2000,16,15,6410,2016.1,2015.2
900000119,00000002455,2017,SISU,2019,2,2,REGULAR,-1,0,-4041,Homem,Branca,Somente escola privada,2001,18,-2002,7017,2019.2,-1
900000692,00000002456,2017,SISU,2017,2,4,CANCELAMENTO P/ SOLICITACAO ALUNO,2014,1,-6,Homem,Não declarada,,1998,19,16,5978,2017.2,2014.1
900001721,00000002457,1999,VESTIBULAR / ENEM,2013,1,,CANCELAMENTO POR ABANDONO,2017,2,10,Homem,Branca,Somente escola privada,1996,17,21,6414,2013.1,2017.2
900000739,00000002458,1999,VESTIBULAR / ENEM,2013,2,,REGULAR,-1,0,-4029,Homem,Não declarada,,1988,25,-1989,66203,2013.2,-1
900002682,00000002459,1999,TRANSFERENCIA,2008,2,,CANCELADO NOVO INGRESSO OUTRO CURSO,2014,1,12,Homem,Preta,Somente escola pública,1983,25,31,5805,2008.2,2014.1
900000726,00000002460,2017,SISU,2018,2,2,CANCELADO 3 REPROV MESMA DISCIPLINA,2018,1,0,Homem,Branca,Somente escola privada,1998,20,20,639,2018.2,2018.1
900000860,00000002461,1999,VESTIBULAR,2006,2,,REGULAR,-1,0,-4015,Mulher,Não declarada,,1988,18,-1989,5340,2006.2,-1
900002568,00000002462,1999,VESTIBULAR / ENEM,2014,1,,REGULAR,-1,0,-4030,Mulher,Não declarada,,1995,19,-1996,5374,2014.1,-1
900001275,00000002463,2017,SISU,2018,1,3,REGULAR,-1,0,-4038,Mulher,Parda,Somente escola pública,2002,16,-2003,6381,2018.1,-1
900001241,00000002464,2017,SISU,2019,2,,GRADUADO,2012,2,-13,Homem,Branca,Somente escola pública,2000,19,12,63412,2019.2,2012.2
900001158,00000002465,1999,VESTIBULAR,2008,1,,CANCELAMENTO POR ABANDONO,2019,2,24,Homem,Branca,Somente escola privada,1987,21,32,5438,2008.1,2019.2
900000120,00000002466,2017,SISU,2019,2,3,REGULAR,-1,0,-4041,Homem,Parda,Somente escola pública,1998,21,-1999,5503,2019.2,-1
900002526,00000002467,1999,VESTIBULAR,2007,2,,REGULAR,-1,0,-4017,Homem,Parda,,1985,22,-1986,65935,2007.2,-1
900000301,00000002468,1999,VESTIBULAR / ENEM,2011,1,,CANCELAMENTO POR ABANDONO,2016,1,11,Homem,Não declarada,,1985,26,31,5919,2011.1,2016.1
900000728,00000002469,1999,SISU,2017,1,,REGULAR,-1,0,-4036,Homem,Branca,Somente escola privada,1998,19,-1999,6831,2017.1,-1
900001298,00000002470,2017,SISU,2014,2,,REGULAR,-1,0,-4031,Homem,Branca,Somente escola privada,1997,17,-1998,6298,2014.2,-1
900002235,00000002471,1999,VESTIBULAR,2010,2,,CANCELADO 3 REPROV MESMA DISCIPLINA,2012,1,4,Homem,Parda,Somente escola pública,1986,24,26,6568,2010.2,2012.1
900002254,00000002472,1999,VESTIBULAR / ENEM,2013,1,,GRADUADO,2020,1,15,Homem,Não declarada,,1995,18,25,5709,2013.1,2020.1
900000536,00000002473,1999,VESTIBULAR,2010,2,,REGULAR,-1,0,-4023,Homem,Branca,,1993,17,-1994,,2010.2,-1
900001442,00000002474,1999,VESTIBULAR / ENEM,2011,1,,REGULAR,-1,0,-4024,Homem,Branca,Somente escola privada,1994,17,-1995,5933,2011.1,-1
900002385,00000002475,1999,SISU,2016,1,,GRADUADO,2018,2,6,Homem,Branca,Somente escola privada,1999,17,19,56238,2016.1,2018.2
900000853,00000002476,1999,VESTIBULAR / ENEM,2011,2,,GRADUADO,2020,1,18,Mulher,Branca,Somente escola pública,1986,25,34,6809,2011.2,2020.1
900001907,00000002477,1999,VESTIBULAR / ENEM,2013,1,,CANCELADO NOVO INGRESSO MESMO CURSO,2018,2,12,Homem,Não declarada,,1996,17,22,65437,2013.1,2018.2
900001019,00000002478,1999,VESTIBULAR,2009,1,,REGULAR,-1,0,-4020,Homem,Branca,Somente escola pública,1990,19,-1991,46239,2009.1,-1
900002446,00000002479,1999,VESTIBULAR / ENEM,2013,1,,CANCELAMENTO POR ABANDONO,2014,2,4,Homem,Branca,Somente escola pública,1988,25,26,6385,2013.1,2014.2
900001739,00000002480,2017,SISU,2016,1,,REGULAR,-1,0,-4034,Homem,Não declarada,,1999,17,-2000,73308,2016.1,-1
900000515,00000002481,2017,SISU,2020,2,2,CANCELADO REPROVOU TODAS POR FALTAS,2012,2,-15,Homem,Parda,Somente escola pública,1999,21,13,6679,2020.2,2012.2
900001470,00000002482,2017,SISU,2014,2,2,REGULAR,-1,0,-4031,Homem,Branca,Somente escola privada,1996,18,-1997,69941,2014.2,-1
900002801,00000002483,1999,VESTIBULAR,2006,1,,CANCELADO NOVO INGRESSO OUTRO CURSO,2011,1,11,Homem,Parda,Somente escola pública,1985,21,26,77595,2006.1,2011.1
900000488,00000002484,1999,VESTIBULAR,2009,2,,GRADUADO,2019,2,21,Mulher,Branca,Somente escola pública,1991,18,28,6297,2009.2,2019.2
900001067,00000002485,2017,SISU,2015,1,,GRADUADO,2017,2,6,Homem,Não declarada,,1995,20,22,146,2015.1,2017.2
900002264,00000002486,1999,VESTIBULAR,2010,1,,CANCELADO NOVO INGRESSO MESMO CURSO,2013,1,7,Homem,Não declarada,,1988,22,25,66395,2010.1,2013.1
900001264,00000002487,1999,VESTIBULAR / ENEM,2012,2,,CANCELAMENTO POR ABANDONO,2013,1,2,Mulher,Branca,Somente escola privada,1993,19,20,6112,2012.2,2013.1
900000134,00000002488,1999,VESTIBULAR,2009,1,,CANCELAMENTO POR ABANDONO,2015,1,13,Homem,Não declarada,,1992,17,23,5295,2009.1,2015.1
900002137,00000002489,2017,SISU,2019,1,,GRADUADO,2017,2,-2,Homem,Parda,,2001,18,16,6070,2019.1,2017.2
900002335,00000002490,1999,SISU,2015,1,,REGULAR,-1,0,-4032,Homem,Não declarada,,1996,19,-1997,5909,2015.1,-1
900000768,00000002491,2017,SISU,2017,2,4,GRADUADO,2010,2,-13,Homem,Branca,,1993,24,17,76144,2017.2,2010.2
900000656,00000002492,1999,VESTIBULAR,2007,1,,REGULAR,-1,0,-4016,Homem,Parda,Somente escola privada,1987,20,-1988,7671,2007.1,-1
900000750,00000002493,1999,VESTIBULAR / ENEM,2012,2,,GRADUADO,2015,1,6,Homem,Preta,Somente escola pública,1991,21,24,6159,2012.2,2015.1
900002073,00000002494,2017,SISU,2018,1,,REGULAR,-1,0,-4038,Homem,Parda,Somente escola pública,2000,18,-2001,6316,2018.1,-1
900000315,00000002495,1999,VESTIBULAR / ENEM,2012,1,,GRADUADO,2016,1,9,Homem,Branca,Somente escola pública,1986,26,30,69738,2012.1,2016.1
900000704,00000002496,1999,VESTIBULAR,2006,2,,REGULAR,-1,0,-4015,Homem,Branca,Somente escola privada,1988,18,-1989,78329,2006.2,-1
900002177,00000002497,2017,SISU,2020,2,,CANCELAMENTO P/ SOLICITACAO ALUNO,2020,1,0,Homem,Não declarada,,1991,29,29,66961,2020.2,2020.1
900000116,00000002498,2017,SISU,2019,2,,REGULAR,-1,0,-4041,Mulher,Parda,Somente escola privada,2002,17,-2003,67088,2019.2,-1
900000737,00000002499,2017,SISU,2017,2,,GRADUADO,2016,1,-2,Homem,Branca,Somente escola privada,1999,18,17,6648,2017.2,2016.1
900002498,00000002500,1999,VESTIBULAR / ENEM,2014,1,,CANCELADO 3 REPROV MESMA DISCIPLINA,2011,1,-5,Homem,Parda,Somente escola privada,1994,20,17,6617,2014.1,2011.1
900001355,00000002501,1999,VESTIBULAR / ENEM,2012,1,,CANCELADO NOVO INGRESSO MESMO CURSO,2014,1,5,Homem,Branca,Somente escola pública,1995,17,19,6192,2012.1,2014.1
900002304,00000002502,1999,VESTIBULAR / ENEM,2011,1,,GRADUADO,2017,2,14,Homem,Branca,Somente escola privada,1993,18,24,6092,2011.1,2017.2
900001436,00000002503,1999,SISU,2015,2,,REGULAR,-1,0,-4033,Mulher,Branca,Somente escola privada,1993,22,-1994,6853,2015.2,-1
900000604,00000002504,1999,VESTIBULAR,2007,1,,CANCELADO NOVO INGRESSO MESMO CURSO,2012,2,12,Homem,Parda,Somente escola privada,1988,19,24,6010,2007.1,2012.2
900000289,00000002505,1999,VESTIBULAR,2009,2,,CANCELADO NOVO INGRESSO MESMO CURSO,2010,1,2,Homem,Não declarada,Somente escola privada,1987,22,23,69753,2009.2,2010.1
900002237,00000002506,1999,VESTIBULAR / ENEM,2011,1,,REGULAR,-1,0,-4024,Homem,Branca,Somente escola privada,1992,19,-1993,6431,2011.1,-1
900000240,00000002507,2017,SISU,2020,1,,REGULAR,-1,0,-4042,Homem,Branca,Somente escola privada,2003,17,-2004,64980,2020.1,-1
900001700,00000002508,1999,VESTIBULAR / ENEM,2011,1,,GRADUADO,2015,1,9,Mulher,Não declarada,,1992,19,23,6207,2011.1,2015.1
900001408,00000002509,1999,VESTIBULAR / ENEM,2011,2,,CANCELADO NOVO INGRESSO MESMO CURSO,2016,2,11,Homem,Preta,Somente escola pública,1990,21,26,61637,2011.2,2016.2
900001597,00000002510,1999,VESTIBULAR / ENEM,2014,1,,REGULAR,-1,0,-4030,Homem,Indígena,Somente escola privada,1993,21,-1994,5722,2014.1,-1
900001613,00000002511,2017,SISU,2020,1,,CANCELAMENTO P/ SOLICITACAO ALUNO,2017,2,-4,Homem,Não declarada,Somente escola pública,1998,22,19,685,2020.1,2017.2
900002392,00000002512,1999,VESTIBULAR / ENEM,2012,2,,REGULAR,-1,0,-4027,Mulher,Branca,Somente escola privada,1993,19,-1994,6991,2012.2,-1
900000539,00000002513,2017,SISU,2019,1,,REGULAR,-1,0,-4040,Homem,Branca,Somente escola pública,2001,18,-2002,6516,2019.1,-1
900002459,00000002514,1999,SISU,2016,1,,CANCELADO REPROVOU TODAS POR FALTAS,2013,1,-5,Homem,Não declarada,,1998,18,15,6116,2016.1,2013.1
900000784,00000002515,1999,VESTIBULAR / ENEM,2011,2,,CANCELAMENTO POR ABANDONO,2020,1,18,Mulher,Não declarada,Somente escola pública,1992,19,28,674,2011.2,2020.1
900000228,00000002516,1999,VESTIBULAR,2007,2,,GRADUADO,2015,2,17,Homem,Branca,Somente escola pública,1984,23,31,69459,2007.2,2015.2
900000786,00000002517,1999,VESTIBULAR,2007,2,,GRADUADO,2016,2,19,Homem,Não declarada,Somente escola pública,1982,25,34,6874,2007.2,2016.2
900001222,00000002518,1999,VESTIBULAR,2006,2,,REGULAR,-1,0,-4015,Homem,Parda,Somente escola pública,1988,18,-1989,77133,2006.2,-1
900000629,00000002519,1999,VESTIBULAR,2009,2,,GRADUADO,2019,1,20,Homem,Parda,Somente escola privada,1989,20,30,626,2009.2,2019.1
900001882,00000002520,1999,SISU,2015,1,,CANCELADO REPROVOU TODAS POR FALTAS,2019,2,10,Homem,Não declarada,,1993,22,26,5960,2015.1,2019.2
900000520,00000002521,2017,SISU,2019,1,8,REGULAR,-1,0,-4040,Homem,Parda,Somente escola privada,2000,19,-2001,631,2019.1,-1
900002475,00000002522,1999,VESTIBULAR,2010,1,,REGULAR,-1,0,-4022,Homem,Branca,,1992,18,-1993,75076,2010.1,-1
900002548,00000002523,1999,VESTIBULAR / ENEM,2012,2,,GRADUADO,2012,1,0,Homem,Parda,Somente escola privada,1995,17,17,5663,2012.2,2012.1
900002487,00000002524,2017,SISU,2017,2,,GRADUADO,2020,1,6,Homem,Parda,Somente escola pública,1993,24,27,6040,2017.2,2020.1
900002319,00000002525,2017,SISU,2018,1,6,GRADUADO,2018,1,1,Homem,Branca,Somente escola privada,1997,21,21,63897,2018.1,2018.1
900002268,00000002526,1999,VESTIBULAR,2007,1,,CANCELADO REPROVOU TODAS POR FALTAS,2010,2,8,Homem,Não declarada,,1988,19,22,583,2007.1,2010.2
900001168,00000002527,2017,TRANSFERENCIA,2019,2,,GRADUADO,2015,2,-7,Homem,Branca,Somente escola pública,1999,20,16,5865,2019.2,2015.2
900001537,00000002528,1999,VESTIBULAR / ENEM,2012,1,,CANCELAMENTO POR ABANDONO,2019,2,16,Homem,Parda,Somente escola pública,1991,21,28,27,2012.1,2019.2
900000943,00000002529,2017,SISU,2016,2,2,GRADUADO,2017,1,2,Homem,Branca,Somente escola pública,1993,23,24,63446,2016.2,2017.1
900001869,00000002530,1999,VESTIBULAR,2010,1,,REGULAR,-1,0,-4022,Homem,Não declarada,Somente escola pública,1990,20,-1991,72209,2010.1,-1
900002519,00000002531,1999,VESTIBULAR / ENEM,2014,1,,CANCELADO 3 REPROV MESMA DISCIPLINA,2016,1,5,Homem,Branca,Somente escola privada,1997,17,19,6472,2014.1,2016.1
900000618,00000002532,2017,SISU,2017,2,,CANCELAMENTO P/ SOLICITACAO ALUNO,2019,1,4,Homem,Parda,Somente escola pública,1991,26,28,6380,2017.2,2019.1
900001232,00000002533,2017,SISU,2020,1,2,CANCELAMENTO P/ SOLICITACAO ALUNO,2020,1,1,Homem,Parda,Somente escola privada,2001,19,19,6753,2020.1,2020.1
900001594,00000002534,1999,VESTIBULAR,2009,1,,CANCELADO 3 REPROV MESMA DISCIPLINA,2015,2,14,Homem,Branca,Somente escola privada,1991,18,24,5495,2009.1,2015.2
900001014,00000002535,2017,SISU,2020,2,8,REGULAR,-1,0,-4043,Homem,Não declarada,,2001,19,-2002,65420,2020.2,-1
900002570,00000002536,2017,SISU,2019,1,,GRADUADO,2012,1,-13,Homem,Branca,Somente escola pública,1998,21,14,6081,2019.1,2012.1
900001062,00000002537,1999,SISU,2014,2,,REGULAR,-1,0,-4031,Homem,Parda,Somente escola pública,1996,18,-1997,633,2014.2,-1
900000445,00000002538,1999,VESTIBULAR,2009,2,,CANCELADO NOVO INGRESSO MESMO CURSO,2019,2,21,Homem,Branca,Somente escola pública,1988,21,31,5816,2009.2,2019.2
900000922,00000002539,1999,VESTIBULAR / ENEM,2011,2,,GRADUADO,2018,1,14,Mulher,Branca,Somente escola privada,1994,17,24,64639,2011.2,2018.1
900000414,00000002540,1999,SISU,2015,1,,GRADUADO,2016,1,3,Homem,Parda,,1997,18,19,6288,2015.1,2016.1
900002399,00000002541,2017,SISU,2018,2,3,GRADUADO,2013,1,-10,Homem,Não declarada,,2000,18,13,,2018.2,2013.1
900001382,00000002542,1999,VESTIBULAR,2009,2,,REGULAR,-1,0,-4021,Homem,Branca,Somente escola privada,1989,20,-1990,61726,2009.2,-1
900000925,00000002543,1999,VESTIBULAR,2010,1,,REGULAR,-1,0,-4022,Mulher,Branca,Somente escola privada,1992,18,-1993,65922,2010.1,-1
900000973,00000002544,2017,SISU,2019,1,4,CANCELAMENTO POR ABANDONO,2019,2,2,Homem,Preta,Somente escola privada,2001,18,18,65774,2019.1,2019.2
900000345,00000002545,1999,SISU,2015,1,,GRADUADO,2011,2,-6,Homem,Parda,Somente escola privada,1998,17,13,72805,2015.1,2011.2
900001364,00000002546,1999,VESTIBULAR / ENEM,2013,1,,CANCELADO 3 REPROV MESMA DISCIPLINA,2011,1,-3,Homem,Branca,,1995,18,16,64529,2013.1,2011.1
900000489,00000002547,1999,VESTIBULAR,2008,1,,CANCELADO NOVO INGRESSO OUTRO CURSO,2008,1,1,Homem,Amarela,Somente escola privada,1990,18,18,60456,2008.1,2008.1
900000956,00000002548,2017,SISU,2017,2,4,CANCELADO 3 REPROV MESMA DISCIPLINA,2017,2,1,Homem,Parda,Somente escola privada,1997,20,20,5595,2017.2,2017.2
900002555,00000002549,2017,SISU,2019,2,3,GRADUADO,2016,2,-5,Homem,Branca,Somente escola pública,1996,23,20,6784,2019.2,2016.2
900000896,00000002550,1999,VESTIBULAR / ENEM,2012,1,,REGULAR,-1,0,-4026,Mulher,Branca,Somente escola privada,1994,18,-1995,74360,2012.1,-1
900000449,00000002551,2017,SISU,2018,1,3,CANCELADO 3 REPROV MESMA DISCIPLINA,2020,1,5,Homem,Branca,,1996,22,24,6418,2018.1,2020.1
900001101,00000002552,1999,VESTIBULAR,2009,1,,CANCELAMENTO POR ABANDONO,2016,1,15,Homem,Branca,Somente escola privada,1983,26,33,64251,2009.1,2016.1
900002497,00000002553,1999,VESTIBULAR / ENEM,2012,1,,GRADUADO,2014,2,6,Homem,Branca,Somente escola privada,1982,30,32,63764,2012.1,2014.2
900000892,00000002554,1999,VESTIBULAR / ENEM,2014,1,,GRADUADO,2020,1,13,Mulher,Branca,Somente escola privada,1991,23,29,71413,2014.1,2020.1
900002398,00000002555,1999,VESTIBULAR,2010,2,,CANCELADO REPROVOU TODAS POR FALTAS,2012,2,5,Homem,Branca,Somente escola privada,1987,23,25,69915,2010.2,2012.2
900002736,00000002556,2017,SISU,2018,1,5,CANCELAMENTO P/ SOLICITACAO ALUNO,2016,1,-3,Homem,Não declarada,Somente escola privada,2001,17,15,66436,2018.1,2016.1
900000913,00000002557,1999,VESTIBULAR / ENEM,2013,1,,GRADUADO,2019,1,13,Homem,Amarela,Somente escola privada,1995,18,24,6472,2013.1,2019.1
900001685,00000002558,1999,VESTIBULAR / ENEM,2012,2,,REGULAR,-1,0,-4027,Homem,Parda,Somente escola pública,1993,19,-1994,650,2012.2,-1
900001983,00000002559,2017,SISU,2017,1,,CANCELAMENTO POR ABANDONO,2010,2,-12,Homem,Preta,Somente escola privada,1998,19,12,641,2017.1,2010.2
900001948,00000002560,1999,VESTIBULAR / ENEM,2013,1,,REGULAR,-1,0,-4028,Homem,Parda,Somente escola pública,1994,19,-1995,61063,2013.1,-1
900001961,00000002561,1999,VESTIBULAR,2008,1,,GRADUADO,2016,2,18,Homem,Branca,Somente escola privada,1989,19,27,6081,2008.1,2016.2
900001551,00000002562,2017,SISU,2021,1,,GRADUADO,2019,1,-3,Homem,Parda,Somente escola pública,1996,25,23,5547,2021.1,2019.1
900000870,00000002563,2017,SISU,2018,1,4,GRADUADO,2012,1,-11,Homem,Parda,Somente escola privada,2000,18,12,,2018.1,2012.1
900001393,00000002564,1999,VESTIBULAR / ENEM,2014,1,,GRADUADO,2020,1,13,Mulher,Branca,,1995,19,25,69617,2014.1,2020.1
900000300,00000002565,2017,SISU,2016,1,4,REGULAR,-1,0,-4034,Homem,Branca,Somente escola privada,1997,19,-1998,6780,2016.1,-1
900001130,00000002566,1999,VESTIBULAR / ENEM,2014,1,,GRADUADO,2018,1,9,Homem,Branca,Somente escola privada,1993,21,25,5766,2014.1,2018.1
900000796,00000002567,2017,SISU,2020,2,,REGULAR,-1,0,-4043,Homem,Parda,Somente escola privada,2000,20,-2001,6732,2020.2,-1
900001684,00000002568,1999,VESTIBULAR / ENEM,2012,1,,REGULAR,-1,0,-4026,Homem,Branca,,1984,28,-1985,71540,2012.1,-1
900000124,00000002569,1999,CONVENIO PEC-G,2012,1,,CANCELAMENTO POR ABANDONO,2018,2,14,Homem,Não declarada,,1971,41,47,5991,2012.1,2018.2
900001824,00000002570,2017,SISU,2019,1,2,CANCELAMENTO P/ SOLICITACAO ALUNO,2013,1,-11,Homem,Não declarada,,2003,16,10,726,2019.1,2013.1
900000594,00000002571,1999,VESTIBULAR / ENEM,2013,2,,GRADUADO,2020,1,14,Homem,Branca,Somente escola privada,1995,18,25,5850,2013.2,2020.1
900001540,00000002572,1999,VESTIBULAR,2009,1,,CANCELAMENTO POR ABANDONO,2017,1,17,Homem,Branca,,1986,23,31,6367,2009.1,2017.1
900002551,00000002573,2017,SISU,2020,2,4,CANCELAMENTO POR ABANDONO,2018,2,-3,Homem,Amarela,"Pública e privada, tendo ficado mais tempo em escola pública",1998,22,20,68568,2020.2,2018.2
900001196,00000002574,1999,VESTIBULAR / ENEM,2011,2,,CANCELADO 3 REPROV MESMA DISCIPLINA,2010,1,-2,Homem,Branca,"Pública e privada, tendo ficado mais tempo em escola pública",1990,21,20,6314,2011.2,2010.1
900000508,00000002575,2017,SISU,2016,1,,GRADUADO,2015,2,0,Homem,Preta,Somente escola pública,1997,19,18,6123,2016.1,2015.2
900000691,00000002576,2017,SISU,2018,1,8,REGULAR,-1,0,-4038,Homem,Branca,Somente escola privada,1990,28,-1991,5552,2018.1,-1
900001458,00000002577,2017,REOPCAO,2018,1,,CANCELADO NOVO INGRESSO MESMO CURSO,2012,1,-11,Homem,Não declarada,,2001,17,11,5730,2018.1,2012.1
900002331,00000002578,1999,VESTIBULAR / ENEM,2013,1,,REGULAR,-1,0,-4028,Homem,Branca,Somente escola pública,1995,18,-1996,,2013.1,-1
900002409,00000002579,2017,SISU,2018,1,6,CANCELADO REPROVOU TODAS POR FALTAS,2015,1,-5,Homem,Branca,Somente escola pública,1996,22,19,69137,2018.1,2015.1
900001338,00000002580,1999,SISU,2015,1,,REGULAR,-1,0,-4032,Homem,Branca,Somente escola privada,1994,21,-1995,6110,2015.1,-1
900000327,00000002581,1999,VESTIBULAR / ENEM,2013,1,,REGULAR,-1,0,-4028,Homem,Parda,Somente escola pública,1992,21,-1993,72003,2013.1,-1
900000487,00000002582,2017,SISU,2018,2,,GRADUADO,2017,2,-1,Homem,Não declarada,,1998,20,19,5975,2018.2,2017.2
900001607,00000002583,1999,VESTIBULAR / ENEM,2011,2,,GRADUADO,2020,1,18,Homem,Branca,Somente escola privada,1989,22,31,6384,2011.2,2020.1
900002520,00000002584,2017,SISU,2019,1,5,REGULAR,-1,0,-4040,Homem,Parda,Somente escola pública,1997,22,-1998,6065,2019.1,-1
900000638,00000002585,1999,VESTIBULAR,2009,2,,REGULAR,-1,0,-4021,Homem,Não declarada,,1986,23,-1987,6089,2009.2,-1
900000207,00000002586,2017,SISU,2018,2,4,CONCLUIDO - NAO COLOU GRAU,2019,2,3,Homem,Amarela,,1996,22,23,6630,2018.2,2019.2
900001202,00000002587,1999,VESTIBULAR / ENEM,2013,2,,GRADUADO,2013,1,0,Mulher,Branca,Somente escola pública,1996,17,17,6313,2013.2,2013.1
900000342,00000002588,1999,VESTIBULAR / ENEM,2014,1,,CANCELAMENTO POR ABANDONO,2014,2,2,Homem,Parda,Somente escola privada,1998,16,16,60565,2014.1,2014.2
900001759,00000002589,1999,VESTIBULAR,2010,2,,GRADUADO,2018,1,16,Homem,Branca,Somente escola privada,1991,19,27,6650,2010.2,2018.1
900001517,00000002590,1999,VESTIBULAR / ENEM,2013,1,,REGULAR,-1,0,-4028,Homem,Branca,,1993,20,-1994,6608,2013.1,-1
900001500,00000002591,1999,VESTIBULAR / ENEM,2012,2,,GRADUADO,2019,2,15,Homem,Branca,"Pública e privada, tendo ficado mais tempo em escola privada",1995,17,24,5832,2012.2,2019.2
900002321,00000002592,1999,VESTIBULAR / ENEM,2014,1,,GRADUADO,2016,2,6,Mulher,Branca,,1994,20,22,6253,2014.1,2016.2
900000221,00000002593,1999,VESTIBULAR / ENEM,2014,1,,CANCELADO NOVO INGRESSO MESMO CURSO,2011,2,-4,Homem,Branca,Somente escola privada,1998,16,13,6082,2014.1,2011.2
900000916,00000002594,1999,VESTIBULAR / ENEM,2011,2,,REGULAR,-1,0,-4025,Homem,Branca,Somente escola pública,1991,20,-1992,65860,2011.2,-1
900002192,00000002595,1999,VESTIBULAR,2006,1,,GRADUADO,2018,2,26,Homem,Branca,Somente escola privada,1987,19,31,6660,2006.1,2018.2
900000655,00000002596,1999,VESTIBULAR,2010,1,,GRADUADO,2012,1,5,Mulher,Parda,Somente escola pública,1992,18,20,6868,2010.1,2012.1
900002296,00000002597,1999,VESTIBULAR / ENEM,2011,1,,CANCELADO REPROVOU TODAS POR FALTAS,2012,2,4,Mulher,Branca,,1987,24,25,6518,2011.1,2012.2
900001518,00000002598,1999,JUDICIAL,2006,1,,CANCELADO 3 REPROV MESMA DISCIPLINA,2014,1,17,Mulher,Branca,Somente escola pública,1982,24,32,6783,2006.1,2014.1
900000758,00000002599,1999,REOPCAO,2012,2,,GRADUADO,2015,1,6,Homem,Parda,Somente escola privada,1994,18,21,67684,2012.2,2015.1
900002489,00000002600,1999,SISU,2015,1,2,REGULAR,-1,0,-4032,Homem,Branca,Somente escola privada,1997,18,-1998,67034,2015.1,-1
900002710,00000002601,1999,SISU,2015,2,2,REGULAR,-1,0,-4033,Homem,Parda,Somente escola pública,1990,25,-1991,61179,2015.2,-1
900001584,00000002602,1999,VESTIBULAR / ENEM,2013,1,,CANCELADO NOVO INGRESSO MESMO CURSO,2014,2,4,Homem,Amarela,Somente escola pública,1989,24,25,62996,2013.1,2014.2
900001214,00000002603,2017,SISU,2017,2,4,CANCELADO 3 REPROV MESMA DISCIPLINA,2016,1,-2,Homem,Parda,Somente escola pública,1997,20,19,4329,2017.2,2016.1
900001179,00000002604,1999,VESTIBULAR,2009,1,,REGULAR,-1,0,-4020,Homem,Branca,Somente escola privada,1992,17,-1993,72292,2009.1,-1
900002357,00000002605,1999,VESTIBULAR / ENEM,2014,1,,REGULAR,-1,0,-4030,Homem,Parda,Somente escola pública,1995,19,-1996,62749,2014.1,-1
900002579,00000002606,1999,TRANSFERENCIA,2009,1,,CANCELADO 3 REPROV MESMA DISCIPLINA,2014,2,12,Homem,Parda,Somente escola privada,1990,19,24,6034,2009.1,2014.2
900001376,00000002607,1999,SISU,2016,1,2,REGULAR,-1,0,-4034,Homem,Branca,Somente escola privada,1995,21,-1996,5965,2016.1,-1
900001051,00000002608,1999,SISU,2014,2,,REGULAR,-1,0,-4031,Homem,Parda,Somente escola pública,1992,22,-1993,580,2014.2,-1
900000697,00000002609,1999,VESTIBULAR,2009,1,,CANCELADO REPROVOU TODAS POR FALTAS,2012,2,8,Homem,Branca,,1991,18,21,6607,2009.1,2012.2
900002537,00000002610,1999,VESTIBULAR / ENEM,2011,1,,CANCELAMENTO POR ABANDONO,2015,2,10,Homem,Preta,Somente escola pública,1994,17,21,7043,2011.1,2015.2
900000659,00000002611,1999,VESTIBULAR / ENEM,2011,2,,CANCELADO 3 REPROV MESMA DISCIPLINA,2013,1,4,Homem,Branca,Somente escola privada,1991,20,22,7958,2011.2,2013.1
900001411,00000002612,2017,SISU,2020,2,2,REGULAR,-1,0,-4043,Homem,Branca,Somente escola privada,2001,19,-2002,5360,2020.2,-1
900001921,00000002613,1999,VESTIBULAR,2006,2,,GRADUADO,2020,1,28,Homem,Branca,Somente escola privada,1989,17,31,6909,2006.2,2020.1
900002499,00000002614,2017,SISU,2017,2,2,CANCELAMENTO POR ABANDONO,2015,2,-3,Homem,Não declarada,Somente escola privada,1999,18,16,73271,2017.2,2015.2
900002281,00000002615,2017,SISU,2021,1,,GRADUADO,2018,1,-5,Homem,Branca,Somente escola privada,2003,18,15,63161,2021.1,2018.1
900002027,00000002616,2017,SISU,2019,1,,GRADUADO,2019,2,2,Mulher,Preta,Somente escola privada,2000,19,19,659,2019.1,2019.2
900002170,00000002617,1999,VESTIBULAR / ENEM,2013,1,,CANCELADO NOVO INGRESSO MESMO CURSO,2018,2,12,Homem,Branca,Somente escola privada,1995,18,23,64314,2013.1,2018.2
900002612,00000002618,1999,SISU,2017,1,,CANCELADO 3 REPROV MESMA DISCIPLINA,2011,1,-11,Homem,Não declarada,,1997,20,14,58749,2017.1,2011.1
900001250,00000002619,1999,VESTIBULAR / ENEM,2012,2,,REGULAR,-1,0,-4027,Homem,Parda,Somente escola privada,1993,19,-1994,62450,2012.2,-1
900000371,00000002620,2017,SISU,2019,2,,REGULAR,-1,0,-4041,Homem,Amarela,Somente escola privada,1999,20,-2000,71756,2019.2,-1
900000472,00000002621,1999,VESTIBULAR / ENEM,2011,1,,CANCELAMENTO POR ABANDONO,2014,2,8,Homem,Parda,Somente escola privada,1993,18,21,6739,2011.1,2014.2
900002336,00000002622,2017,SISU,2019,2,,CANCELAMENTO POR ABANDONO,2014,1,-10,Homem,Não declarada,Somente escola privada,2002,17,12,5909,2019.2,2014.1
900002141,00000002623,2017,SISU,2018,1,,GRADUADO,2011,2,-12,Homem,Não declarada,,1999,19,12,5799,2018.1,2011.2
900001361,00000002624,2017,SISU,2017,1,3,GRADUADO,2012,1,-9,Homem,Não declarada,Somente escola pública,1996,21,16,567,2017.1,2012.1
900001730,00000002625,1999,JUDICIAL,2008,2,,REGULAR,-1,0,-4019,Homem,Branca,Somente escola privada,1989,19,-1990,6323,2008.2,-1
900001501,00000002626,1999,VESTIBULAR,2008,1,,GRADUADO,2015,1,15,Homem,Amarela,Somente escola privada,1989,19,26,6647,2008.1,2015.1
900001862,00000002627,1999,VESTIBULAR,2010,2,,GRADUADO,2016,2,13,Homem,Parda,Somente escola privada,1991,19,25,70943,2010.2,2016.2
900002105,00000002628,1999,SISU,2014,2,,GRADUADO,2020,1,12,Homem,Parda,Somente escola pública,1994,20,26,68280,2014.2,2020.1
900002200,00000002629,2017,SISU,2016,1,,CANCELAMENTO POR ABANDONO,2008,1,-15,Homem,Indígena,Somente escola privada,1998,18,10,67724,2016.1,2008.1
900002359,00000002630,2017,SISU,2019,2,,GRADUADO,2013,2,-11,Homem,Branca,Somente escola privada,2001,18,12,71795,2019.2,2013.2
900002032,00000002631,2017,VESTIBULAR / ENEM,2012,2,,CANCELADO 3 REPROV MESMA DISCIPLINA,2014,1,4,Homem,Não declarada,,1995,17,19,6158,2012.2,2014.1
900001770,00000002632,1999,VESTIBULAR,2009,1,,GRADUADO,2013,1,9,Homem,Branca,Somente escola privada,1989,20,24,75463,2009.1,2013.1
900000273,00000002633,2017,SISU,2020,2,,CANCELADO NOVO INGRESSO MESMO CURSO,2018,2,-3,Homem,Parda,Somente escola privada,2004,16,14,69006,2020.2,2018.2
900000077,00000002634,1999,VESTIBULAR / ENEM,2013,1,,GRADUADO,2016,2,8,Homem,Parda,Somente escola pública,1995,18,21,6275,2013.1,2016.2
900002142,00000002635,1999,SISU,2016,2,,GRADUADO,2019,2,7,Homem,Não declarada,,1998,18,21,734,2016.2,2019.2
900000113,00000002636,1999,VESTIBULAR,2010,2,,GRADUADO,2019,2,19,Homem,Não declarada,Somente escola pública,1986,24,33,6631,2010.2,2019.2
900000735,00000002637,1999,VESTIBULAR,2008,1,,REGULAR,-1,0,-4018,Homem,Parda,Somente escola privada,1990,18,-1991,6292,2008.1,-1
900001911,00000002638,1999,VESTIBULAR,2010,1,,REGULAR,-1,0,-4022,Homem,Parda,Somente escola pública,1991,19,-1992,72449,2010.1,-1
900000771,00000002639,2017,SISU,2016,2,4,CANCELAMENTO P/ SOLICITACAO ALUNO,2014,1,-4,Homem,Branca,Somente escola pública,1993,23,21,5725,2016.2,2014.1
900000904,00000002640,2017,SISU,2017,2,2,CANCELAMENTO P/ SOLICITACAO ALUNO,2011,2,-11,Mulher,Parda,Somente escola pública,1999,18,12,6487,2017.2,2011.2
900001199,00000002641,1999,VESTIBULAR / ENEM,2011,2,,REGULAR,-1,0,-4025,Homem,Parda,Somente escola pública,1993,18,-1994,6630,2011.2,-1
900000832,00000002642,2017,SISU,2015,1,,REGULAR,-1,0,-4032,Homem,Branca,Somente escola privada,1990,25,-1991,6314,2015.1,-1
900001979,00000002643,1999,VESTIBULAR / ENEM,2013,2,3,CANCELAMENTO POR ABANDONO,2014,1,2,Homem,Branca,Somente escola privada,1995,18,19,620,2013.2,2014.1
900000711,00000002644,1999,VESTIBULAR / ENEM,2014,1,3,GRADUADO,2011,1,-5,Homem,Branca,Somente escola privada,1995,19,16,6997,2014.1,2011.1
900002185,00000002645,1999,VESTIBULAR,2009,2,,CANCELAMENTO P/ SOLICITACAO ALUNO,2015,1,12,Homem,Parda,,1990,19,25,5781,2009.2,2015.1
900001608,00000002646,1999,VESTIBULAR,2010,2,,REGULAR,-1,0,-4023,Homem,Branca,Somente escola privada,1984,26,-1985,63130,2010.2,-1
900000759,00000002647,1999,SISU,2016,2,4,CANCELAMENTO POR ABANDONO,2011,1,-10,Homem,Parda,,1995,21,16,63173,2016.2,2011.1
900000176,00000002648,1999,VESTIBULAR,2009,1,,GRADUADO,2009,2,2,Homem,Branca,Somente escola pública,1990,19,19,6001,2009.1,2009.2
900002651,00000002649,2017,SISU,2019,1,,CANCELAMENTO POR ABANDONO,2011,1,-15,Homem,Parda,Somente escola pública,1999,20,12,5332,2019.1,2011.1
900001699,00000002650,2017,REOPCAO,2014,2,,CANCELAMENTO P/ SOLICITACAO ALUNO,2020,1,12,Homem,Parda,,1998,16,22,64187,2014.2,2020.1
900002126,00000002651,1999,VESTIBULAR / ENEM,2014,1,,REGULAR,-1,0,-4030,Homem,Parda,Somente escola pública,1990,24,-1991,6240,2014.1,-1
900001746,00000002652,1999,VESTIBULAR,2009,2,,CANCELADO REPROVOU TODAS POR FALTAS,2017,2,17,Homem,Amarela,Somente escola pública,1975,34,42,7209,2009.2,2017.2
900000780,00000002653,1999,VESTIBULAR / ENEM,2011,1,,CANCELADO 3 REPROV MESMA DISCIPLINA,2015,1,9,Homem,Parda,Somente escola pública,1988,23,27,6584,2011.1,2015.1
900002104,00000002654,2017,SISU,2019,2,2,CANCELADO 3 REPROV MESMA DISCIPLINA,2012,1,-14,Homem,Branca,,1992,27,20,66964,2019.2,2012.1
900000826,00000002655,1999,REINGRESSO,2014,1,,CANCELAMENTO POR ABANDONO,2020,1,13,Homem,Parda,Somente escola pública,1990,24,30,65709,2014.1,2020.1
900001515,00000002656,2017,SISU,2016,2,2,REGULAR,-1,0,-4035,Homem,Branca,Somente escola privada,1998,18,-1999,708,2016.2,-1
900002150,00000002657,1999,VESTIBULAR / ENEM,2013,2,2,CANCELADO REPROVOU TODAS POR FALTAS,2018,1,10,Homem,Não declarada,,1993,20,25,6164,2013.2,2018.1
900000382,00000002658,2017,SISU,2018,2,2,CANCELAMENTO POR ABANDONO,2014,1,-8,Homem,Branca,Somente escola pública,1994,24,20,6370,2018.2,2014.1
900000679,00000002659,2017,SISU,2016,2,2,CANCELADO 3 REPROV MESMA DISCIPLINA,2014,1,-4,Homem,Branca,,1998,18,16,7632,2016.2,2014.1
900002506,00000002660,2017,SISU,2020,2,7,CANCELADO REPROVOU TODAS POR FALTAS,2015,1,-10,Homem,Não declarada,,2000,20,15,6282,2020.2,2015.1
900001942,00000002661,2017,VESTIBULAR / ENEM,2014,1,4,CANCELADO REPROVOU TODAS POR FALTAS,2012,2,-2,Homem,Branca,Somente escola privada,1996,18,16,6554,2014.1,2012.2
900000252,00000002662,2017,SISU,2019,2,,CANCELADO NOVO INGRESSO MESMO CURSO,2016,2,-5,Mulher,Parda,Somente escola privada,2001,18,15,73485,2019.2,2016.2
900000372,00000002663,2017,SISU,2021,1,5,CANCELADO REPROVOU TODAS POR FALTAS,2012,2,-16,Homem,Branca,Somente escola privada,2001,20,11,6144,2021.1,2012.2
900000413,00000002664,1999,VESTIBULAR / ENEM,2014,1,,REGULAR,-1,0,-4030,Homem,Branca,Somente escola pública,1997,17,-1998,66379,2014.1,-1
900002703,00000002665,1999,VESTIBULAR / ENEM,2013,1,,CANCELAMENTO POR ABANDONO,2019,2,14,Mulher,Branca,Somente escola privada,1992,21,27,54971,2013.1,2019.2
900001935,00000002666,1999,VESTIBULAR / ENEM,2011,1,,CANCELADO 3 REPROV MESMA DISCIPLINA,2013,2,6,Homem,Branca,Somente escola pública,1992,19,21,6204,2011.1,2013.2
900002588,00000002667,2017,SISU,2018,2,,REGULAR,-1,0,-4039,Homem,Parda,Somente escola privada,1997,21,-1998,74534,2018.2,-1
900002003,00000002668,1999,VESTIBULAR / ENEM,2013,1,,CANCELADO 3 REPROV MESMA DISCIPLINA,2010,2,-4,Homem,Parda,Somente escola pública,1991,22,19,72974,2013.1,2010.2
900002783,00000002669,2017,SISU,2020,2,3,GRADUADO,2014,1,-12,Mulher,Preta,,2000,20,14,62625,2020.2,2014.1
900002412,00000002670,1999,SISU,2016,1,5,REGULAR,-1,0,-4034,Homem,Branca,,1998,18,-1999,70855,2016.1,-1
900002659,00000002671,2017,SISU,2021,1,5,CANCELADO NOVO INGRESSO MESMO CURSO,2013,1,-15,Homem,Parda,Somente escola pública,2003,18,10,6065,2021.1,2013.1
900002030,00000002672,2017,SISU,2019,2,,CANCELADO 3 REPROV MESMA DISCIPLINA,2018,1,-2,Homem,Branca,Somente escola privada,2002,17,16,6507,2019.2,2018.1
900001955,00000002673,2017,SISU,2017,1,5,REGULAR,-1,0,-4036,Homem,Branca,Somente escola privada,1998,19,-1999,77087,2017.1,-1
900001484,00000002674,1999,SISU,2015,1,,REGULAR,-1,0,-4032,Homem,Não declarada,,1998,17,-1999,69077,2015.1,-1
900000453,00000002675,1999,VESTIBULAR / ENEM,2012,1,,CANCELADO REPROVOU TODAS POR FALTAS,2019,2,16,Homem,Não declarada,Somente escola pública,1989,23,30,6530,2012.1,2019.2
900002782,00000002676,1999,SISU,2014,2,,REGULAR,-1,0,-4031,Homem,Parda,"Pública e privada, tendo ficado mais tempo em escola privada",1996,18,-1997,5572,2014.2,-1
900001161,00000002677,1999,VESTIBULAR / ENEM,2014,1,,REGULAR,-1,0,-4030,Homem,Branca,Somente escola privada,1967,47,-1968,663,2014.1,-1
900001726,00000002678,1999,VESTIBULAR / ENEM,2013,2,,CANCELADO 3 REPROV MESMA DISCIPLINA,2012,1,-2,Homem,Branca,Somente escola privada,1997,16,15,6267,2013.2,2012.1
900002603,00000002679,2017,SISU,2019,1,,GRADUADO,2018,2,0,Homem,Parda,Somente escola pública,1998,21,20,6556,2019.1,2018.2
900001876,00000002680,1999,SISU,2017,2,2,REGULAR,-1,0,-4037,Homem,Branca,Somente escola privada,1999,18,-2000,659,2017.2,-1
900001788,00000002681,1999,SISU,2015,2,,REGULAR,-1,0,-4033,Homem,Branca,Somente escola privada,1998,17,-1999,6012,2015.2,-1
900000744,00000002682,2017,SISU,2019,2,,REGULAR,-1,0,-4041,Mulher,Parda,Somente escola privada,2000,19,-2001,7113,2019.2,-1
900000013,00000002683,2017,SISU,2018,1,2,REGULAR,-1,0,-4038,Homem,Branca,Somente escola pública,1997,21,-1998,66875,2018.1,-1
900001927,00000002684,1999,VESTIBULAR / ENEM,2014,1,,GRADUADO,2020,1,13,Homem,Não declarada,,1984,30,36,59825,2014.1,2020.1
900000468,00000002685,1999,VESTIBULAR / ENEM,2012,1,,GRADUADO,2015,1,7,Homem,Branca,Somente escola privada,1993,19,22,6154,2012.1,2015.1
900002329,00000002686,2017,SISU,2019,1,,CANCELAMENTO P/ SOLICITACAO ALUNO,2018,1,-1,Homem,Branca,Somente escola privada,2000,19,18,5346,2019.1,2018.1
900001928,00000002687,1999,VESTIBULAR,2010,1,,GRADUADO,2012,1,5,Mulher,Parda,,1993,17,19,,2010.1,2012.1
900000936,00000002688,2017,SISU,2017,1,,CANCELADO 3 REPROV MESMA DISCIPLINA,2020,1,7,Homem,Parda,Somente escola pública,1998,19,22,6164,2017.1,2020.1
900001043,00000002689,2017,SISU,2019,1,3,GRADUADO,2013,1,-11,Homem,Amarela,Somente escola privada,2001,18,12,63368,2019.1,2013.1
900002601,00000002690,2017,SISU,2015,2,3,REGULAR,-1,0,-4033,Homem,Parda,Somente escola pública,1993,22,-1994,6763,2015.2,-1
900002553,00000002691,2017,SISU,2015,1,,REGULAR,-1,0,-4032,Mulher,Branca,,1997,18,-1998,673,2015.1,-1
900000236,00000002692,2017,SISU,2017,1,3,GRADUADO,2019,2,6,Homem,Branca,Somente escola privada,1996,21,23,66298,2017.1,2019.2
900001068,00000002693,2017,VESTIBULAR / ENEM,2014,1,3,CANCELAMENTO POR ABANDONO,2015,1,3,Homem,Branca,Somente escola privada,1998,16,17,5935,2014.1,2015.1
900002219,00000002694,1999,TRANSFERENCIA,2009,1,,CANCELAMENTO POR ABANDONO,2013,2,10,Homem,Parda,Somente escola pública,1986,23,27,6355,2009.1,2013.2
900001511,00000002695,1999,VESTIBULAR,2010,1,,REGULAR,-1,0,-4022,Mulher,Preta,Somente escola pública,1991,19,-1992,6912,2010.1,-1
900001053,00000002696,1999,VESTIBULAR / ENEM,2011,2,,REGULAR,-1,0,-4025,Homem,Parda,Somente escola pública,1993,18,-1994,6119,2011.2,-1
900002445,00000002697,1999,VESTIBULAR / ENEM,2012,1,,CANCELADO NOVO INGRESSO MESMO CURSO,2016,1,9,Mulher,Parda,Somente escola privada,1994,18,22,6882,2012.1,2016.1
900000016,00000002698,2017,SISU,2019,2,,CANCELADO 3 REPROV MESMA DISCIPLINA,2016,1,-6,Homem,Não declarada,,1999,20,17,7164,2019.2,2016.1
900001027,00000002699,2017,SISU,2018,2,,CANCELADO 3 REPROV MESMA DISCIPLINA,2017,1,-2,Homem,Branca,Somente escola privada,2000,18,17,6261,2018.2,2017.1
900000038,00000002700,2017,SISU,2019,2,,CANCELADO REPROVOU TODAS POR FALTAS,2009,2,-19,Homem,Não declarada,Somente escola privada,1999,20,10,68352,2019.2,2009.2
900000358,00000002701,1999,SISU,2014,2,,CANCELAMENTO P/ SOLICITACAO ALUNO,2014,2,1,Homem,Branca,,1995,19,19,6241,2014.2,2014.2
900001116,00000002702,1999,VESTIBULAR / ENEM,2012,1,,CANCELADO REPROVOU TODAS POR FALTAS,2014,1,5,Homem,Não declarada,,1993,19,21,6045,2012.1,2014.1
900000626,00000002703,2017,SISU,2019,1,6,CANCELADO NOVO INGRESSO MESMO CURSO,2019,2,2,Homem,Amarela,Somente escola privada,1998,21,21,62749,2019.1,2019.2
900001244,00000002704,2017,SISU,2016,2,3,CANCELADO 3 REPROV MESMA DISCIPLINA,2016,1,0,Homem,Branca,Somente escola privada,1998,18,18,6107,2016.2,2016.1
900001660,00000002705,2017,SISU,2016,2,,CANCELADO 3 REPROV MESMA DISCIPLINA,2014,1,-4,Homem,Parda,Somente escola pública,1997,19,17,5901,2016.2,2014.1
900001815,00000002706,1999,VESTIBULAR / ENEM,2011,2,,CANCELADO REPROVOU TODAS POR FALTAS,2015,1,8,Homem,Parda,Somente escola pública,1989,22,26,6913,2011.2,2015.1
900001970,00000002707,2017,SISU,2015,2,,GRADUADO,2012,2,-5,Mulher,Parda,Somente escola pública,1996,19,16,576,2015.2,2012.2
900001469,00000002708,1999,VESTIBULAR / ENEM,2012,2,,CANCELADO 3 REPROV MESMA DISCIPLINA,2012,1,0,Homem,Não declarada,,1985,27,27,64517,2012.2,2012.1
900002110,00000002709,1999,VESTIBULAR / ENEM,2013,1,3,REGULAR,-1,0,-4028,Homem,Parda,Somente escola privada,1995,18,-1996,6924,2013.1,-1
900002056,00000002710,1999,VESTIBULAR / ENEM,2011,2,,CANCELADO 3 REPROV MESMA DISCIPLINA,2010,2,-1,Mulher,Branca,Somente escola pública,1994,17,16,56374,2011.2,2010.2
900000556,00000002711,1999,VESTIBULAR / ENEM,2011,2,,CANCELADO 3 REPROV MESMA DISCIPLINA,2012,2,3,Homem,Parda,Somente escola pública,1989,22,23,7354,2011.2,2012.2
900000641,00000002712,2017,SISU,2018,2,,REGULAR,-1,0,-4039,Mulher,Parda,Somente escola pública,2001,17,-2002,63896,2018.2,-1
900002255,00000002713,2017,SISU,2020,2,5,REGULAR,-1,0,-4043,Homem,Branca,Somente escola privada,2001,19,-2002,6603,2020.2,-1
900000478,00000002714,2017,SISU,2021,1,3,CANCELADO NOVO INGRESSO MESMO CURSO,2013,1,-15,Homem,Parda,Somente escola privada,2003,18,10,6762,2021.1,2013.1
900000976,00000002715,1999,VESTIBULAR / ENEM,2013,1,,REGULAR,-1,0,-4028,Mulher,Não declarada,,1995,18,-1996,6098,2013.1,-1
900001564,00000002716,1999,SISU,2014,2,,GRADUADO,2014,1,0,Homem,Não declarada,,1993,21,21,65095,2014.2,2014.1
900001854,00000002717,2017,SISU,2015,1,,REGULAR,-1,0,-4032,Homem,Parda,,1998,17,-1999,63429,2015.1,-1
900001835,00000002718,2017,SISU,2020,2,2,REGULAR,-1,0,-4043,Homem,Não declarada,,2001,19,-2002,6680,2020.2,-1
900000070,00000002719,2017,SISU,2020,2,,REGULAR,-1,0,-4043,Mulher,Não declarada,,1997,23,-1998,7436,2020.2,-1
900002415,00000002720,1999,VESTIBULAR / ENEM,2011,2,,CANCELAMENTO POR ABANDONO,2008,1,-6,Homem,Branca,Somente escola privada,1988,23,20,6657,2011.2,2008.1
900002381,00000002721,1999,VESTIBULAR / ENEM,2014,1,,GRADUADO,2012,1,-3,Homem,Branca,Somente escola privada,1994,20,18,5995,2014.1,2012.1
900002643,00000002722,1999,VESTIBULAR,2010,1,,REGULAR,-1,0,-4022,Homem,Branca,Somente escola privada,1990,20,-1991,69406,2010.1,-1
900002819,00000002723,1999,VESTIBULAR / ENEM,2011,1,,CANCELAMENTO P/ SOLICITACAO ALUNO,2020,2,20,Homem,Não declarada,Somente escola pública,1992,19,28,6847,2011.1,2020.2
900001672,00000002724,1999,VESTIBULAR,2007,2,,GRADUADO,2012,1,10,Homem,Parda,Somente escola privada,1988,19,24,67647,2007.2,2012.1
900001283,00000002725,2017,SISU,2019,1,,GRADUADO,2017,2,-2,Homem,Branca,Somente escola pública,2001,18,16,62693,2019.1,2017.2
900002709,00000002726,2017,SISU,2021,1,,CANCELADO NOVO INGRESSO MESMO CURSO,2013,1,-15,Mulher,Parda,Somente escola privada,1996,25,17,62440,2021.1,2013.1
900001045,00000002727,2017,SISU,2015,1,2,GRADUADO,2011,2,-6,Homem,Amarela,,1997,18,14,71,2015.1,2011.2
900001800,00000002728,2017,SISU,2018,1,,CANCELADO 3 REPROV MESMA DISCIPLINA,2014,2,-6,Homem,Amarela,Somente escola privada,2000,18,14,67977,2018.1,2014.2
900002107,00000002729,1999,VESTIBULAR / ENEM,2014,1,2,REGULAR,-1,0,-4030,Homem,Não declarada,,1994,20,-1995,66504,2014.1,-1
900002155,00000002730,1999,VESTIBULAR,2009,1,,CANCELADO NOVO INGRESSO MESMO CURSO,2012,1,7,Homem,Branca,Somente escola privada,1986,23,26,69768,2009.1,2012.1
900001261,00000002731,1999,TRANSFERENCIA,2015,1,,CANCELADO NOVO INGRESSO MESMO CURSO,2013,1,-3,Mulher,Branca,Somente escola privada,1997,18,16,6196,2015.1,2013.1
900000363,00000002732,1999,SISU,2015,2,,CANCELAMENTO POR ABANDONO,2013,1,-4,Mulher,Parda,Somente escola pública,1989,26,24,6350,2015.2,2013.1
900001346,00000002733,1999,SISU,2015,1,,REGULAR,-1,0,-4032,Homem,Não declarada,,1999,16,-2000,6018,2015.1,-1
900001318,00000002734,2017,SISU,2019,1,8,GRADUADO,2017,2,-2,Homem,Branca,Somente escola privada,1995,24,22,5557,2019.1,2017.2
900000206,00000002735,2017,SISU,2018,2,,REGULAR,-1,0,-4039,Homem,Branca,Somente escola privada,2000,18,-2001,6152,2018.2,-1
900001323,00000002736,1999,VESTIBULAR,2006,1,,CANCELAMENTO POR ABANDONO,2008,1,5,Homem,Não declarada,,1983,23,25,71295,2006.1,2008.1
900001953,00000002737,1999,VESTIBULAR,2008,2,,CANCELADO 3 REPROV MESMA DISCIPLINA,2013,1,10,Homem,Branca,Somente escola privada,1982,26,31,66283,2008.2,2013.1
900000277,00000002738,1999,SISU,2014,2,,CANCELAMENTO P/ SOLICITACAO ALUNO,2019,1,10,Homem,Branca,Somente escola pública,1994,20,25,6049,2014.2,2019.1
900002004,00000002739,1999,SISU,2014,2,,GRADUADO,2018,1,8,Homem,Parda,Somente escola privada,1993,21,25,73342,2014.2,2018.1
900001308,00000002740,1999,VESTIBULAR / ENEM,2012,1,,CANCELADO REPROVOU TODAS POR FALTAS,2008,2,-6,Homem,Amarela,Somente escola privada,1994,18,14,5886,2012.1,2008.2
900001423,00000002741,1999,VESTIBULAR,2010,1,,CANCELADO REPROVOU TODAS POR FALTAS,2013,2,8,Homem,Parda,Somente escola privada,1987,23,26,6629,2010.1,2013.2
900001569,00000002742,1999,TRANSFERENCIA,2012,1,,REGULAR,-1,0,-4026,Homem,Parda,Somente escola pública,1993,19,-1994,64981,2012.1,-1
900002368,00000002743,1999,VESTIBULAR,2008,1,,CANCELAMENTO P/ SOLICITACAO ALUNO,2012,1,9,Homem,Branca,Somente escola privada,1991,17,21,72480,2008.1,2012.1
900002662,00000002744,2017,SISU,2015,2,,GRADUADO,2016,1,2,Homem,Parda,Somente escola privada,1997,18,19,68205,2015.2,2016.1
900000506,00000002745,2017,SISU,2018,1,2,REGULAR,-1,0,-4038,Homem,Parda,Somente escola privada,1999,19,-2000,70643,2018.1,-1
900002315,00000002746,1999,VESTIBULAR / ENEM,2014,1,,REGULAR,-1,0,-4030,Mulher,Parda,Somente escola pública,1996,18,-1997,75029,2014.1,-1
900000899,00000002747,2017,SISU,2018,1,,REGULAR,-1,0,-4038,Homem,Branca,Somente escola privada,2000,18,-2001,63943,2018.1,-1
900001254,00000002748,2017,SISU,2019,2,5,GRADUADO,2015,2,-7,Homem,Parda,Somente escola pública,2000,19,15,6634,2019.2,2015.2
900001467,00000002749,2017,SISU,2016,1,4,REGULAR,-1,0,-4034,Homem,Branca,Somente escola privada,1999,17,-2000,702,2016.1,-1
900000127,00000002750,2017,SISU,2020,2,,CANCELADO NOVO INGRESSO MESMO CURSO,2015,1,-10,Homem,Branca,Somente escola privada,1998,22,17,67171,2020.2,2015.1
900001573,00000002751,1999,VESTIBULAR / ENEM,2012,1,,CANCELADO 3 REPROV MESMA DISCIPLINA,2014,2,6,Homem,Parda,Somente escola pública,1991,21,23,61852,2012.1,2014.2
900000261,00000002752,1999,SISU,2017,2,,CANCELAMENTO POR ABANDONO,2013,1,-8,Homem,Não declarada,,1995,22,18,5717,2017.2,2013.1
900000942,00000002753,1999,VESTIBULAR,2009,2,,CANCELADO NOVO INGRESSO OUTRO CURSO,2015,2,13,Homem,Parda,Somente escola pública,1989,20,26,5765,2009.2,2015.2
900002627,00000002754,2017,SISU,2017,2,5,CANCELADO NOVO INGRESSO MESMO CURSO,2018,2,3,Mulher,Branca,,1989,28,29,6793,2017.2,2018.2
900000419,00000002755,2017,SISU,2016,2,2,CANCELADO NOVO INGRESSO MESMO CURSO,2013,2,-5,Homem,Parda,Somente escola pública,1996,20,17,70212,2016.2,2013.2
900000049,00000002756,1999,SISU,2017,2,,CANCELAMENTO P/ SOLICITACAO ALUNO,2017,2,1,Homem,Parda,Somente escola pública,1998,19,19,67925,2017.2,2017.2
900000934,00000002757,1999,VESTIBULAR,2009,2,,GRADUADO,2019,2,21,Homem,Branca,"Pública e privada, tendo ficado mais tempo em escola privada",1992,17,27,59081,2009.2,2019.2
900001782,00000002758,1999,TRANSFERENCIA,2009,1,,GRADUADO,2020,1,23,Homem,Não declarada,,1983,26,37,71622,2009.1,2020.1
900002261,00000002759,1999,VESTIBULAR,2010,1,,CANCELAMENTO POR ABANDONO,2012,1,5,Homem,Branca,Somente escola privada,1991,19,21,65756,2010.1,2012.1
900000426,00000002760,1999,VESTIBULAR / ENEM,2011,2,,CANCELAMENTO POR ABANDONO,2011,1,0,Homem,Branca,Somente escola privada,1992,19,19,72159,2011.2,2011.1
900001986,00000002761,1999,VESTIBULAR,2006,2,,GRADUADO,2018,1,24,Homem,Branca,Somente escola pública,1989,17,29,5553,2006.2,2018.1
900000462,00000002762,1999,SISU,2015,2,,REGULAR,-1,0,-4033,Homem,Preta,Somente escola privada,1997,18,-1998,7005,2015.2,-1
900002305,00000002763,1999,VESTIBULAR,2009,1,,GRADUADO,2011,2,6,Homem,Parda,Somente escola pública,1991,18,20,67110,2009.1,2011.2
900001121,00000002764,1999,SISU,2016,2,3,REGULAR,-1,0,-4035,Homem,Branca,Somente escola privada,1999,17,-2000,7549,2016.2,-1
900002198,00000002765,2017,SISU,2019,2,4,GRADUADO,2014,2,-9,Homem,Parda,,1999,20,15,63371,2019.2,2014.2
900002182,00000002766,1999,VESTIBULAR,2008,2,,CANCELADO NOVO INGRESSO MESMO CURSO,2016,2,17,Homem,Preta,Somente escola privada,1985,23,31,61465,2008.2,2016.2
900000839,00000002767,1999,VESTIBULAR / ENEM,2013,1,,CANCELADO 3 REPROV MESMA DISCIPLINA,2009,2,-6,Mulher,Branca,"Pública e privada, tendo ficado mais tempo em escola privada",1986,27,23,68729,2013.1,2009.2
900001468,00000002768,1999,VESTIBULAR,2010,2,,GRADUADO,2008,1,-4,Homem,Branca,"Pública e privada, tendo ficado mais tempo em escola pública",1990,20,18,6684,2010.2,2008.1
900002696,00000002769,1999,SISU,2014,2,4,GRADUADO,2019,2,11,Homem,Parda,Somente escola pública,1994,20,25,6524,2014.2,2019.2
900000662,00000002770,2017,SISU,2020,2,2,CANCELAMENTO P/ SOLICITACAO ALUNO,2015,1,-10,Homem,Branca,Somente escola pública,1999,21,16,,2020.2,2015.1
900001631,00000002771,1999,SISU,2015,1,3,CANCELADO 3 REPROV MESMA DISCIPLINA,2015,2,2,Mulher,Branca,Somente escola privada,1995,20,20,6172,2015.1,2015.2
900000017,00000002772,2017,SISU,2016,2,,CANCELADO NOVO INGRESSO MESMO CURSO,2015,1,-2,Homem,Não declarada,Somente escola privada,1995,21,20,6347,2016.2,2015.1
900002271,00000002773,1999,JUDICIAL,2009,2,,CANCELADO REPROVOU TODAS POR FALTAS,2017,2,17,Homem,Não declarada,Somente escola privada,1988,21,29,61871,2009.2,2017.2
900000170,00000002774,1999,VESTIBULAR / ENEM,2011,2,,REGULAR,-1,0,-4025,Mulher,Branca,Somente escola privada,1989,22,-1990,6417,2011.2,-1
900001419,00000002775,1999,VESTIBULAR / ENEM,2013,1,2,CANCELADO 3 REPROV MESMA DISCIPLINA,2014,2,4,Homem,Branca,Somente escola privada,1995,18,19,66044,2013.1,2014.2
900000329,00000002776,2017,SISU,2016,1,5,REGULAR,-1,0,-4034,Homem,Branca,Somente escola privada,1999,17,-2000,6196,2016.1,-1
900001421,00000002777,1999,VESTIBULAR / ENEM,2011,1,,CANCELAMENTO POR ABANDONO,2018,2,16,Homem,Não declarada,Somente escola pública,1969,42,49,6243,2011.1,2018.2
900002447,00000002778,1999,VESTIBULAR,2009,2,,CANCELAMENTO P/ SOLICITACAO ALUNO,2018,2,19,Homem,Parda,Somente escola pública,1987,22,31,77638,2009.2,2018.2
900000177,00000002779,1999,VESTIBULAR,2006,1,,REGULAR,-1,0,-4014,Homem,Parda,Somente escola pública,1983,23,-1984,6389,2006.1,-1
900000162,00000002780,2017,SISU,2018,1,2,CANCELAMENTO P/ SOLICITACAO ALUNO,2013,2,-8,Mulher,Parda,Somente escola privada,1997,21,16,55896,2018.1,2013.2
900002756,00000002781,2017,SISU,2015,2,,GRADUADO,2015,2,1,Homem,Preta,Somente escola pública,1992,23,23,61850,2015.2,2015.2
900001409,00000002782,1999,VESTIBULAR / ENEM,2012,2,,REGULAR,-1,0,-4027,Homem,Parda,Somente escola privada,1996,16,-1997,64373,2012.2,-1
900000687,00000002783,1999,VESTIBULAR / ENEM,2012,2,,CANCELADO 3 REPROV MESMA DISCIPLINA,2019,2,15,Homem,Não declarada,Somente escola pública,1993,19,26,56753,2012.2,2019.2
900001063,00000002784,1999,VESTIBULAR / ENEM,2013,2,,CANCELADO 3 REPROV MESMA DISCIPLINA,2018,1,10,Homem,Parda,,1996,17,22,64069,2013.2,2018.1
900001577,00000002785,1999,VESTIBULAR / ENEM,2012,2,,REGULAR,-1,0,-4027,Homem,Preta,Somente escola pública,1991,21,-1992,60213,2012.2,-1
900002804,00000002786,2017,SISU,2016,2,,REGULAR,-1,0,-4035,Homem,Não declarada,,1990,26,-1991,6232,2016.2,-1
900000039,00000002787,1999,VESTIBULAR / ENEM,2013,1,3,CANCELADO 3 REPROV MESMA DISCIPLINA,2014,2,4,Homem,Branca,Somente escola privada,1989,24,25,70932,2013.1,2014.2
900001021,00000002788,1999,VESTIBULAR,2009,2,,CANCELADO NOVO INGRESSO MESMO CURSO,2014,1,10,Mulher,Não declarada,,1990,19,24,661,2009.2,2014.1
900001521,00000002789,1999,VESTIBULAR,2010,1,,GRADUADO,2017,2,16,Homem,Não declarada,,1988,22,29,,2010.1,2017.2
900002679,00000002790,1999,VESTIBULAR,2010,2,,CANCELADO 3 REPROV MESMA DISCIPLINA,2015,1,10,Homem,Parda,Somente escola pública,1990,20,25,71437,2010.2,2015.1
900000208,00000002791,2017,SISU,2020,1,,CANCELADO NOVO INGRESSO MESMO CURSO,2011,2,-16,Homem,Branca,Somente escola privada,2002,18,9,67237,2020.1,2011.2
900001342,00000002792,1999,VESTIBULAR,2008,1,,REGULAR,-1,0,-4018,Homem,Parda,"Pública e privada, tendo ficado mais tempo em escola pública",1990,18,-1991,60482,2008.1,-1
900002263,00000002793,2017,SISU,2018,2,,GRADUADO,2016,2,-3,Homem,Preta,,2000,18,16,6456,2018.2,2016.2
900001236,00000002794,1999,VESTIBULAR / ENEM,2011,2,,CANCELADO REPROVOU TODAS POR FALTAS,2015,1,8,Mulher,Branca,Somente escola pública,1993,18,22,74082,2011.2,2015.1
900002114,00000002795,1999,VESTIBULAR,2010,2,,REGULAR,-1,0,-4023,Homem,Parda,Somente escola privada,1989,21,-1990,61439,2010.2,-1
900000906,00000002796,2017,SISU,2021,1,,REGULAR,-1,0,-4044,Homem,Parda,Somente escola pública,1993,28,-1994,74561,2021.1,-1
900000533,00000002797,1999,VESTIBULAR / ENEM,2011,1,,CANCELADO 3 REPROV MESMA DISCIPLINA,2017,1,13,Homem,Branca,Somente escola pública,1992,19,25,,2011.1,2017.1
900001635,00000002798,1999,VESTIBULAR / ENEM,2014,1,,CANCELAMENTO POR ABANDONO,2016,1,5,Mulher,Parda,Somente escola privada,1994,20,22,62723,2014.1,2016.1
900000972,00000002799,1999,VESTIBULAR,2010,2,,CANCELAMENTO POR ABANDONO,2010,2,1,Homem,Branca,Somente escola pública,1992,18,18,64295,2010.2,2010.2
900000385,00000002800,2017,SISU,2019,1,4,GRADUADO,2019,1,1,Homem,Não declarada,,1997,22,22,65581,2019.1,2019.1
900001299,00000002801,2017,SISU,2020,2,4,REGULAR,-1,0,-4043,Homem,Branca,Somente escola privada,2002,18,-2003,66372,2020.2,-1
900000628,00000002802,1999,VESTIBULAR,2008,2,,GRADUADO,2015,1,14,Homem,Branca,Somente escola privada,1988,20,27,62730,2008.2,2015.1
900000575,00000002803,2017,SISU,2020,1,,CANCELADO NOVO INGRESSO MESMO CURSO,2011,1,-17,Homem,Parda,Somente escola pública,1999,21,12,632,2020.1,2011.1
900001866,00000002804,1999,VESTIBULAR / ENEM,2012,1,,GRADUADO,2016,2,10,Homem,Branca,Somente escola privada,1988,24,28,65953,2012.1,2016.2
900001001,00000002805,1999,SISU,2015,2,,REGULAR,-1,0,-4033,Mulher,Branca,,1995,20,-1996,69777,2015.2,-1
900000320,00000002806,1999,VESTIBULAR,2010,1,,CONCLUIDO - NAO COLOU GRAU,2019,1,19,Homem,Não declarada,,1989,21,30,6492,2010.1,2019.1
900002233,00000002807,1999,VESTIBULAR / ENEM,2012,1,,CANCELADO REPROVOU TODAS POR FALTAS,2015,2,8,Homem,Parda,Somente escola pública,1994,18,21,6046,2012.1,2015.2
900001097,00000002808,2017,TRANSFERENCIA,2019,1,,REGULAR,-1,0,-4040,Homem,Não declarada,,1998,21,-1999,6142,2019.1,-1
900000680,00000002809,1999,VESTIBULAR,2007,2,,CANCELAMENTO POR ABANDONO,2012,1,10,Homem,Não declarada,Somente escola privada,1984,23,28,5835,2007.2,2012.1
900002129,00000002810,2017,SISU,2015,1,,REGULAR,-1,0,-4032,Homem,Não declarada,,1997,18,-1998,69779,2015.1,-1
900001131,00000002811,2017,SISU,2018,1,,REGULAR,-1,0,-4038,Mulher,Branca,Somente escola privada,1994,24,-1995,6293,2018.1,-1
900001963,00000002812,1999,SISU,2016,2,2,CANCELADO NOVO INGRESSO MESMO CURSO,2014,2,-3,Homem,Branca,Somente escola privada,1996,20,18,5767,2016.2,2014.2
900002176,00000002813,1999,SISU,2015,2,,CANCELADO 3 REPROV MESMA DISCIPLINA,2017,1,4,Homem,Branca,Somente escola pública,1997,18,20,6871,2015.2,2017.1
900001251,00000002814,1999,VESTIBULAR / ENEM,2011,1,,CANCELADO NOVO INGRESSO MESMO CURSO,2012,2,4,Homem,Branca,Somente escola privada,1992,19,20,7248,2011.1,2012.2
900002340,00000002815,2017,SISU,2014,2,,CANCELAMENTO POR ABANDONO,2015,1,2,Mulher,Amarela,Somente escola privada,1990,24,25,64588,2014.2,2015.1
900000481,00000002816,1999,TRANSFERENCIA,2012,2,,CANCELADO 3 REPROV MESMA DISCIPLINA,2017,1,10,Homem,Parda,Somente escola pública,1992,20,25,6459,2012.2,2017.1
900001817,00000002817,1999,SISU,2016,1,2,REGULAR,-1,0,-4034,Homem,Não declarada,,1998,18,-1999,66171,2016.1,-1
900001738,00000002818,1999,VESTIBULAR / ENEM,2012,1,,CANCELADO REPROVOU TODAS POR FALTAS,2016,2,10,Homem,Branca,,1992,20,24,626,2012.1,2016.2
900001624,00000002819,2017,SISU,2020,2,,CANCELADO 3 REPROV MESMA DISCIPLINA,2014,1,-12,Homem,Parda,Somente escola privada,2000,20,14,66685,2020.2,2014.1
